{
"type": "FeatureCollection",
"name": "Borders of the northern regions",
"crs": { "type": "name", "properties": { "name": "urn:ogc:def:crs:OGC:1.3:CRS84" } },
"features": [
{ "type": "Feature", "properties": { "full_id": "r1114354", "osm_id": "1114354", "osm_type": "relation", "boundary": "administrative", "wikimedia_commons": null, "start_date": null, "sqkm": null, "short_name:uk": null, "short_name:ru": null, "short_name:be": null, "short_name": null, "name:ru:word_stress": null, "oktmo": null, "contact:website": null, "contact:vk": null, "contact:instagram": null, "okato:user": null, "loc_name": null, "old_name:de": null, "oktmo:user": null, "old_name:uk": null, "old_name": null, "name:etymology:wikidata": null, "alt_name": null, "official_name": null, "addr:postcode": null, "url": null, "place": null, "addr:region": "Санкт-Петербург", "old_name:vi": null, "old_name:os": null, "old_name:mk": null, "old_name:ku": null, "old_name:hr": null, "old_name:fr": null, "old_name:eo": null, "old_name:en": null, "old_name:ar": null, "old_name:1924-01-26--1991-09-06": null, "old_name:1914-08-31--1924-01-26": null, "old_alt_name:vi": null, "name:tzl": null, "name:sl": null, "name:pt": null, "name:os": null, "name:nb": null, "name:mk": null, "name:lb": null, "name:ku": null, "name:ko": null, "name:gl": null, "name:fy": null, "name:eo": null, "name:da": null, "name:bg": null, "name:ast": null, "name:ar": null, "name:ab": null, "int_name": null, "alt_name:vi": null, "alt_name:mk": null, "wikipedia": "ru:Выборгский район (Санкт-Петербург)", "wikidata": "Q219907", "website": null, "type": "boundary", "timezone": null, "ref": null, "population:date": null, "population": null, "official_status": null, "name:zh-Hant": "維堡區", "name:zh-Hans": "维堡区", "name:zh": "维堡区", "name:vi": null, "name:uk": "Виборзький район", "name:tt": null, "name:tk": null, "name:sv": null, "name:sr": null, "name:sk": null, "name:ru": "Выборгский район", "name:ro": null, "name:pl": "rejon wyborgski", "name:nl": null, "name:mhr": null, "name:lv": null, "name:lt": null, "name:kv": null, "name:kbd": null, "name:ja": null, "name:it": null, "name:hu": null, "name:hr": null, "name:fr": null, "name:fi": "Viipurin piiri", "name:et": null, "name:es": null, "name:en": "Vyborgsky District", "name:el": null, "name:de": "Wyborger Rajon", "name:cu": null, "name:cs": null, "name:ce": null, "name:ca": null, "name:be-tarask": null, "name:be": null, "name:af": null, "name": "Выборгский район", "is_in:country_code": null, "is_in:country": null, "int_ref": null, "gost_7.67-2003": null, "admin_level": "5", "addr:country": "RU", "ISO3166-2": null }, "geometry": { "type": "MultiPolygon", "coordinates": [ [ [ [ 30.1340902, 60.0487356 ], [ 30.1933177, 60.0638996 ], [ 30.1944228, 60.0629711 ], [ 30.1948022, 60.0626521 ], [ 30.1950774, 60.062421 ], [ 30.1943392, 60.0622605 ], [ 30.1944743, 60.0621023 ], [ 30.1945615, 60.0619945 ], [ 30.1958426, 60.0604713 ], [ 30.2022251, 60.062125 ], [ 30.2101937, 60.0603711 ], [ 30.2141129, 60.0612733 ], [ 30.2227842, 60.0513212 ], [ 30.2252849, 60.0521704 ], [ 30.2257035, 60.0523141 ], [ 30.2259421, 60.052396 ], [ 30.2273798, 60.052942 ], [ 30.2297012, 60.0537008 ], [ 30.2318671, 60.0544215 ], [ 30.2361721, 60.0558822 ], [ 30.241171, 60.0575736 ], [ 30.2491164, 60.0602592 ], [ 30.2505129, 60.0607276 ], [ 30.2511362, 60.060939 ], [ 30.2521047, 60.0612595 ], [ 30.2582518, 60.0633569 ], [ 30.2585371, 60.0634535 ], [ 30.2602901, 60.0640468 ], [ 30.2611085, 60.0643238 ], [ 30.2619132, 60.0645961 ], [ 30.2663552, 60.0660887 ], [ 30.2683975, 60.0667906 ], [ 30.2702498, 60.0674174 ], [ 30.2703797, 60.0674611 ], [ 30.272435, 60.0681048 ], [ 30.272562, 60.0681438 ], [ 30.2729829, 60.0682877 ], [ 30.2731211, 60.0683317 ], [ 30.2740025, 60.0686123 ], [ 30.2794322, 60.0642381 ], [ 30.2810682, 60.0629093 ], [ 30.2847678, 60.05996 ], [ 30.2878831, 60.0574411 ], [ 30.2880189, 60.0573268 ], [ 30.2891294, 60.0564128 ], [ 30.289612, 60.0559411 ], [ 30.2896728, 60.0558891 ], [ 30.2901377, 60.055481 ], [ 30.2903522, 60.0553079 ], [ 30.2905083, 60.0551744 ], [ 30.2910201, 60.0547366 ], [ 30.2912134, 60.0546236 ], [ 30.2914653, 60.0544163 ], [ 30.2915839, 60.0543188 ], [ 30.2918229, 60.0541186 ], [ 30.2924903, 60.0535768 ], [ 30.292864, 60.0532894 ], [ 30.2927435, 60.0532011 ], [ 30.2932234, 60.0528944 ], [ 30.2934169, 60.0527396 ], [ 30.2935817, 60.0525761 ], [ 30.2937894, 60.0523645 ], [ 30.294025, 60.052095 ], [ 30.2942388, 60.0518208 ], [ 30.2944402, 60.0515624 ], [ 30.2946822, 60.0512432 ], [ 30.2948575, 60.0509672 ], [ 30.2949401, 60.0508372 ], [ 30.2952036, 60.0504072 ], [ 30.2953805, 60.0501184 ], [ 30.2955674, 60.0498133 ], [ 30.2956476, 60.0496824 ], [ 30.2958055, 60.0493772 ], [ 30.2959782, 60.0489715 ], [ 30.29611, 60.0486693 ], [ 30.2961384, 60.0485952 ], [ 30.2961433, 60.0485672 ], [ 30.2961813, 60.048374 ], [ 30.2962783, 60.0481231 ], [ 30.2963764, 60.0478693 ], [ 30.2965296, 60.0475242 ], [ 30.2965534, 60.0475065 ], [ 30.296578, 60.0474882 ], [ 30.2967109, 60.0471999 ], [ 30.2968485, 60.0469484 ], [ 30.2970029, 60.0466659 ], [ 30.2971658, 60.0464091 ], [ 30.2971836, 60.0463809 ], [ 30.2973134, 60.0461451 ], [ 30.2974556, 60.0458866 ], [ 30.2974039, 60.0458799 ], [ 30.2975537, 60.0455939 ], [ 30.2977329, 60.045251 ], [ 30.2978192, 60.0452577 ], [ 30.2978568, 60.0452056 ], [ 30.2980656, 60.0448718 ], [ 30.2982128, 60.0446364 ], [ 30.2983338, 60.0446576 ], [ 30.2985429, 60.0446892 ], [ 30.2993529, 60.0432521 ], [ 30.2994762, 60.0428743 ], [ 30.2995132, 60.0425828 ], [ 30.2997723, 60.0421721 ], [ 30.2998339, 60.0421537 ], [ 30.2998967, 60.0420474 ], [ 30.3000714, 60.0418717 ], [ 30.3001597, 60.0417356 ], [ 30.3005433, 60.0410092 ], [ 30.3016265, 60.0390064 ], [ 30.3019744, 60.0383962 ], [ 30.3023089, 60.0377858 ], [ 30.3024219, 60.0374054 ], [ 30.3027402, 60.0368393 ], [ 30.302727, 60.0367421 ], [ 30.3027647, 60.0366483 ], [ 30.3029513, 60.0362658 ], [ 30.3031923, 60.0358227 ], [ 30.3046699, 60.0331065 ], [ 30.3049804, 60.0325712 ], [ 30.3056185, 60.0314712 ], [ 30.3056629, 60.0313813 ], [ 30.3065719, 60.0295907 ], [ 30.3066327, 60.0295857 ], [ 30.3066934, 60.0295806 ], [ 30.3083198, 60.0266092 ], [ 30.3086057, 60.0260868 ], [ 30.3088162, 60.0255872 ], [ 30.3088848, 60.0255341 ], [ 30.3090026, 60.0254429 ], [ 30.3093463, 60.024787 ], [ 30.3122141, 60.0195349 ], [ 30.3121207, 60.0195222 ], [ 30.3122328, 60.0193167 ], [ 30.3120673, 60.019297 ], [ 30.3119133, 60.0192762 ], [ 30.3118441, 60.0192655 ], [ 30.311861, 60.0192267 ], [ 30.311984, 60.0189899 ], [ 30.3120238, 60.0189472 ], [ 30.3121181, 60.0187659 ], [ 30.3121296, 60.018724 ], [ 30.312135, 60.0187119 ], [ 30.3122797, 60.0184563 ], [ 30.3123008, 60.0184133 ], [ 30.3124465, 60.0181564 ], [ 30.3124749, 60.0181048 ], [ 30.3125081, 60.0180442 ], [ 30.3125365, 60.0179923 ], [ 30.3125736, 60.0179246 ], [ 30.3126008, 60.0178732 ], [ 30.3126116, 60.0178527 ], [ 30.3127214, 60.0176444 ], [ 30.3128022, 60.017655 ], [ 30.3129803, 60.0176785 ], [ 30.313082, 60.017692 ], [ 30.313115, 60.0176989 ], [ 30.3132023, 60.017518 ], [ 30.3133161, 60.0173083 ], [ 30.3136887, 60.0166331 ], [ 30.3137544, 60.0165033 ], [ 30.3142768, 60.0155215 ], [ 30.3153286, 60.0135427 ], [ 30.3159604, 60.0123923 ], [ 30.3163863, 60.011617 ], [ 30.3183019, 60.0081768 ], [ 30.318258, 60.0080976 ], [ 30.3184791, 60.007732 ], [ 30.3189797, 60.0068814 ], [ 30.3196606, 60.0055878 ], [ 30.3197021, 60.0054626 ], [ 30.3202912, 60.0043356 ], [ 30.3205216, 60.0039102 ], [ 30.3205784, 60.0038746 ], [ 30.3210081, 60.0030697 ], [ 30.321041, 60.003008 ], [ 30.3212649, 60.0025688 ], [ 30.3216663, 60.0016703 ], [ 30.3217646, 60.0015032 ], [ 30.3219421, 60.0012227 ], [ 30.3221596, 60.0011677 ], [ 30.3222218, 60.0010438 ], [ 30.322566, 60.0003574 ], [ 30.3229739, 59.9996483 ], [ 30.3235477, 59.9986475 ], [ 30.3232649, 59.9985547 ], [ 30.3231623, 59.9985188 ], [ 30.3234426, 59.9982284 ], [ 30.3236707, 59.998022 ], [ 30.3243697, 59.9972511 ], [ 30.3246753, 59.9970195 ], [ 30.3246067, 59.9969637 ], [ 30.3246195, 59.9969057 ], [ 30.3258488, 59.99582 ], [ 30.3256506, 59.9957509 ], [ 30.3244535, 59.9954123 ], [ 30.3245354, 59.9953452 ], [ 30.325218, 59.9947793 ], [ 30.326381, 59.9951436 ], [ 30.326655, 59.9948515 ], [ 30.3270267, 59.9944742 ], [ 30.3271854, 59.99452 ], [ 30.3272011, 59.9945096 ], [ 30.32732, 59.9944304 ], [ 30.3276073, 59.9945384 ], [ 30.3277169, 59.9945325 ], [ 30.327817, 59.9945272 ], [ 30.3281286, 59.9943856 ], [ 30.3282452, 59.9943491 ], [ 30.3284834, 59.9942217 ], [ 30.3281196, 59.9941261 ], [ 30.3263572, 59.9936913 ], [ 30.3263993, 59.9936588 ], [ 30.3265957, 59.9934889 ], [ 30.3269112, 59.9931616 ], [ 30.3269369, 59.9931352 ], [ 30.3269728, 59.9930982 ], [ 30.3270177, 59.9930487 ], [ 30.327031, 59.9930341 ], [ 30.3270858, 59.9929692 ], [ 30.3271373, 59.9929036 ], [ 30.3271853, 59.9928374 ], [ 30.3272298, 59.9927705 ], [ 30.3272708, 59.9927032 ], [ 30.3272812, 59.9926843 ], [ 30.3273082, 59.9926352 ], [ 30.3273421, 59.9925669 ], [ 30.3275871, 59.9920437 ], [ 30.3276632, 59.9918905 ], [ 30.3278344, 59.9915271 ], [ 30.3279978, 59.9911803 ], [ 30.3280198, 59.9911335 ], [ 30.3284203, 59.9902833 ], [ 30.3285065, 59.9901002 ], [ 30.3285631, 59.9899908 ], [ 30.3286168, 59.9898749 ], [ 30.3288124, 59.9894535 ], [ 30.3290306, 59.9889835 ], [ 30.3290935, 59.988848 ], [ 30.3291752, 59.9886719 ], [ 30.3292353, 59.9885424 ], [ 30.3292846, 59.9884362 ], [ 30.3295166, 59.9879363 ], [ 30.329949, 59.9870047 ], [ 30.330131, 59.986611 ], [ 30.3301465, 59.9865792 ], [ 30.330777, 59.9852073 ], [ 30.3307792, 59.9851096 ], [ 30.3307304, 59.9850094 ], [ 30.330709, 59.9849838 ], [ 30.330318, 59.9850671 ], [ 30.3302964, 59.9850413 ], [ 30.3302551, 59.9849851 ], [ 30.3301918, 59.9848992 ], [ 30.3301455, 59.9848363 ], [ 30.3296123, 59.984183 ], [ 30.3298608, 59.9835159 ], [ 30.3307264, 59.9830341 ], [ 30.3309025, 59.9829237 ], [ 30.331085, 59.9828094 ], [ 30.3311513, 59.9827723 ], [ 30.3241104, 59.9796575 ], [ 30.323785, 59.9794956 ], [ 30.3236132, 59.9794106 ], [ 30.321754, 59.9784684 ], [ 30.3243158, 59.9773926 ], [ 30.3265248, 59.9762695 ], [ 30.3281352, 59.9752807 ], [ 30.3300763, 59.9736439 ], [ 30.3318113, 59.9715879 ], [ 30.3347022, 59.9674866 ], [ 30.3349604, 59.9671193 ], [ 30.3359944, 59.9651777 ], [ 30.3367621, 59.9604792 ], [ 30.3377014, 59.9573264 ], [ 30.3392661, 59.9554079 ], [ 30.3402206, 59.9546543 ], [ 30.3423533, 59.9535159 ], [ 30.3454149, 59.9522432 ], [ 30.3495316, 59.9519993 ], [ 30.3500329, 59.954067 ], [ 30.3500931, 59.954247 ], [ 30.3501862, 59.954417 ], [ 30.3510756, 59.9556688 ], [ 30.3512895, 59.9559671 ], [ 30.3527109, 59.9579444 ], [ 30.3529653, 59.9582636 ], [ 30.353569, 59.9592033 ], [ 30.3539485, 59.9597902 ], [ 30.3539686, 59.9598427 ], [ 30.3539719, 59.9599116 ], [ 30.3539505, 59.9599868 ], [ 30.3539237, 59.9600674 ], [ 30.3537766, 59.9602637 ], [ 30.3537524, 59.9602959 ], [ 30.3535495, 59.9605656 ], [ 30.3531488, 59.961094 ], [ 30.3529576, 59.9613532 ], [ 30.3528078, 59.9615564 ], [ 30.3526306, 59.9617757 ], [ 30.3524782, 59.9619643 ], [ 30.3523828, 59.9620894 ], [ 30.3521802, 59.9623553 ], [ 30.3520719, 59.9625006 ], [ 30.3519782, 59.9626314 ], [ 30.3518945, 59.9627701 ], [ 30.3517745, 59.9630591 ], [ 30.3514732, 59.9637845 ], [ 30.3513304, 59.9641284 ], [ 30.3512898, 59.9642273 ], [ 30.3509374, 59.9650546 ], [ 30.3508736, 59.965224 ], [ 30.350824, 59.9653484 ], [ 30.3507791, 59.9654651 ], [ 30.3507433, 59.9655504 ], [ 30.3506055, 59.9658921 ], [ 30.3504388, 59.9663154 ], [ 30.3504018, 59.9664036 ], [ 30.3503802, 59.966451 ], [ 30.3502857, 59.9666876 ], [ 30.3500595, 59.9672542 ], [ 30.3499953, 59.9674071 ], [ 30.3499489, 59.9675265 ], [ 30.3498975, 59.9676529 ], [ 30.349802, 59.9678872 ], [ 30.3497624, 59.9679838 ], [ 30.3489592, 59.9697627 ], [ 30.3489099, 59.9698754 ], [ 30.3487459, 59.9702308 ], [ 30.3481084, 59.9716221 ], [ 30.3480036, 59.9718443 ], [ 30.3474998, 59.9729815 ], [ 30.3474296, 59.9731321 ], [ 30.3473852, 59.973224 ], [ 30.3472501, 59.9734347 ], [ 30.3470956, 59.9736379 ], [ 30.3444468, 59.9766834 ], [ 30.3439908, 59.9772112 ], [ 30.3439759, 59.9772694 ], [ 30.3440183, 59.9774097 ], [ 30.3440519, 59.9774869 ], [ 30.3441862, 59.9775005 ], [ 30.3446184, 59.977549 ], [ 30.3450708, 59.9775991 ], [ 30.3453389, 59.9776288 ], [ 30.345428, 59.9776325 ], [ 30.345677, 59.9776732 ], [ 30.3547364, 59.9785988 ], [ 30.3552375, 59.978625 ], [ 30.3596875, 59.9790785 ], [ 30.3601746, 59.9791235 ], [ 30.3606251, 59.9791373 ], [ 30.3610566, 59.9791362 ], [ 30.3613728, 59.9791131 ], [ 30.3616268, 59.979076 ], [ 30.3619117, 59.9790182 ], [ 30.3623859, 59.9788826 ], [ 30.3627096, 59.9787769 ], [ 30.3657854, 59.9776521 ], [ 30.3659485, 59.977618 ], [ 30.366133, 59.977596 ], [ 30.3664856, 59.9775994 ], [ 30.3670817, 59.9776153 ], [ 30.3674381, 59.9776304 ], [ 30.3675253, 59.9776414 ], [ 30.3674902, 59.9777015 ], [ 30.3670518, 59.978452 ], [ 30.3670293, 59.9784906 ], [ 30.3670152, 59.9785224 ], [ 30.3668032, 59.9789996 ], [ 30.366711, 59.9792071 ], [ 30.3661646, 59.9801343 ], [ 30.3661514, 59.9801498 ], [ 30.3656302, 59.9807613 ], [ 30.365261, 59.9811716 ], [ 30.3650403, 59.9814169 ], [ 30.3642725, 59.9821735 ], [ 30.3636049, 59.9828314 ], [ 30.3628784, 59.9835474 ], [ 30.3627118, 59.9837116 ], [ 30.3626837, 59.9837322 ], [ 30.3625111, 59.9838585 ], [ 30.3622196, 59.9840159 ], [ 30.3612777, 59.9845246 ], [ 30.3584655, 59.9860431 ], [ 30.3579241, 59.9863355 ], [ 30.3576604, 59.9864779 ], [ 30.3575104, 59.9865691 ], [ 30.3573954, 59.9866293 ], [ 30.3571453, 59.9867548 ], [ 30.3568244, 59.9869206 ], [ 30.3558966, 59.9874379 ], [ 30.3556223, 59.9875909 ], [ 30.355017, 59.9879181 ], [ 30.3543785, 59.9882575 ], [ 30.3539199, 59.9884999 ], [ 30.3529993, 59.9889936 ], [ 30.3528164, 59.9890859 ], [ 30.3522991, 59.989356 ], [ 30.3521572, 59.9894206 ], [ 30.3520224, 59.9894774 ], [ 30.3519522, 59.9895064 ], [ 30.3516941, 59.9896025 ], [ 30.3513957, 59.9896959 ], [ 30.3511361, 59.9897534 ], [ 30.3508761, 59.9898076 ], [ 30.350563, 59.9898536 ], [ 30.3500954, 59.9898912 ], [ 30.3496622, 59.9899 ], [ 30.3476211, 59.9898209 ], [ 30.3473983, 59.9898004 ], [ 30.3472746, 59.9898125 ], [ 30.3470623, 59.989864 ], [ 30.3470188, 59.9899186 ], [ 30.3469962, 59.989947 ], [ 30.3470533, 59.9900633 ], [ 30.3470842, 59.9901159 ], [ 30.3471185, 59.9901465 ], [ 30.3471997, 59.9902152 ], [ 30.3476967, 59.9905534 ], [ 30.3481245, 59.9907578 ], [ 30.3486157, 59.9908854 ], [ 30.3491304, 59.9909286 ], [ 30.350329, 59.9909978 ], [ 30.3508765, 59.991022 ], [ 30.3517896, 59.9910703 ], [ 30.3520328, 59.9910832 ], [ 30.3521614, 59.9910925 ], [ 30.3523169, 59.9911132 ], [ 30.3524935, 59.9911489 ], [ 30.3526738, 59.9911942 ], [ 30.3528782, 59.9912629 ], [ 30.353068, 59.9913422 ], [ 30.3533133, 59.9914399 ], [ 30.3533885, 59.9914709 ], [ 30.3537775, 59.9916333 ], [ 30.354191, 59.9918044 ], [ 30.3553653, 59.9922899 ], [ 30.356119, 59.9926106 ], [ 30.3580375, 59.9934051 ], [ 30.3593051, 59.9939264 ], [ 30.3604169, 59.9943691 ], [ 30.3607482, 59.9945267 ], [ 30.3609674, 59.994631 ], [ 30.3615737, 59.9949372 ], [ 30.3623082, 59.9953778 ], [ 30.3635889, 59.9961891 ], [ 30.3637541, 59.9962898 ], [ 30.3637981, 59.9963348 ], [ 30.3638346, 59.9963885 ], [ 30.3638684, 59.9964417 ], [ 30.3640009, 59.9967307 ], [ 30.3641075, 59.99699 ], [ 30.364301, 59.997363 ], [ 30.3644571, 59.997768 ], [ 30.3645587, 59.9979939 ], [ 30.364645, 59.9982197 ], [ 30.3647103, 59.9984021 ], [ 30.3648256, 59.9986651 ], [ 30.365578, 60.0004733 ], [ 30.3659669, 60.0013645 ], [ 30.367116, 60.0031001 ], [ 30.3681267, 60.0045967 ], [ 30.3688995, 60.0057321 ], [ 30.3697907, 60.0071098 ], [ 30.3698408, 60.0072122 ], [ 30.3698529, 60.0072794 ], [ 30.3697977, 60.0076977 ], [ 30.3695278, 60.008771 ], [ 30.3695027, 60.0088466 ], [ 30.3694238, 60.0090037 ], [ 30.3693371, 60.0091247 ], [ 30.3692697, 60.0092161 ], [ 30.3691307, 60.0094041 ], [ 30.3690451, 60.0096061 ], [ 30.3690253, 60.0097419 ], [ 30.3690354, 60.0098372 ], [ 30.3691256, 60.0100632 ], [ 30.3691634, 60.0102165 ], [ 30.3691635, 60.0104191 ], [ 30.368746, 60.0122845 ], [ 30.3687124, 60.0124286 ], [ 30.3686387, 60.0127329 ], [ 30.368582, 60.0129721 ], [ 30.3685577, 60.0130803 ], [ 30.368356, 60.0139025 ], [ 30.3681109, 60.0149293 ], [ 30.3680962, 60.0149916 ], [ 30.3679909, 60.0154362 ], [ 30.367955, 60.0155876 ], [ 30.367653, 60.0168491 ], [ 30.3675625, 60.0171857 ], [ 30.3674804, 60.0175185 ], [ 30.3673145, 60.0183805 ], [ 30.3672755, 60.0187685 ], [ 30.3672865, 60.0191606 ], [ 30.3672517, 60.019399 ], [ 30.3668449, 60.0214913 ], [ 30.3660748, 60.0253985 ], [ 30.3652255, 60.0297057 ], [ 30.3649192, 60.0314225 ], [ 30.3648662, 60.0317869 ], [ 30.3648499, 60.0321357 ], [ 30.364966, 60.0330131 ], [ 30.3651017, 60.0334615 ], [ 30.3654163, 60.0343654 ], [ 30.3660606, 60.0352735 ], [ 30.3667471, 60.0360009 ], [ 30.3836956, 60.0550392 ], [ 30.3856467, 60.0572068 ], [ 30.3873932, 60.0591782 ], [ 30.3854023, 60.059742 ], [ 30.3855703, 60.0607187 ], [ 30.3825363, 60.0667134 ], [ 30.3788151, 60.0740902 ], [ 30.3771936, 60.0773858 ], [ 30.3768761, 60.0785843 ], [ 30.376525, 60.0786363 ], [ 30.3751746, 60.0798301 ], [ 30.3738526, 60.0802533 ], [ 30.373529, 60.0805134 ], [ 30.3706651, 60.0877197 ], [ 30.3683113, 60.0902839 ], [ 30.3669801, 60.0907368 ], [ 30.3632337, 60.092016 ], [ 30.3614742, 60.0921213 ], [ 30.359419, 60.0919665 ], [ 30.340771, 60.0908465 ], [ 30.3329732, 60.0898075 ], [ 30.3310152, 60.0903745 ], [ 30.3088302, 60.0957146 ], [ 30.3081821, 60.0956903 ], [ 30.3031048, 60.0910995 ], [ 30.2918368, 60.093898 ], [ 30.2918302, 60.0959631 ], [ 30.2893844, 60.0963801 ], [ 30.2884203, 60.0961344 ], [ 30.2874353, 60.0961796 ], [ 30.2823231, 60.098937 ], [ 30.2809014, 60.0997409 ], [ 30.2756022, 60.1028892 ], [ 30.2749185, 60.1078343 ], [ 30.2748766, 60.1081376 ], [ 30.2732902, 60.1080851 ], [ 30.2730023, 60.1096699 ], [ 30.2714315, 60.1102879 ], [ 30.2712577, 60.1111106 ], [ 30.2714872, 60.1111177 ], [ 30.2716257, 60.111186 ], [ 30.2716619, 60.111394 ], [ 30.2715636, 60.1115355 ], [ 30.2712431, 60.1118513 ], [ 30.2711834, 60.1119456 ], [ 30.2710763, 60.1135433 ], [ 30.270766, 60.1163527 ], [ 30.2710353, 60.1163833 ], [ 30.2710959, 60.1163902 ], [ 30.2707473, 60.1165948 ], [ 30.2699497, 60.1172033 ], [ 30.268932, 60.1179561 ], [ 30.2678944, 60.1186985 ], [ 30.2672541, 60.1191293 ], [ 30.2666927, 60.1193516 ], [ 30.2661168, 60.1195573 ], [ 30.2660673, 60.1196207 ], [ 30.266386, 60.1200359 ], [ 30.2663981, 60.1204195 ], [ 30.2663089, 60.1205719 ], [ 30.2660327, 60.1209932 ], [ 30.2659434, 60.1213298 ], [ 30.2659179, 60.121715 ], [ 30.2659222, 60.1223035 ], [ 30.2657722, 60.1225758 ], [ 30.2655737, 60.1228412 ], [ 30.265125, 60.123332 ], [ 30.2645029, 60.1237239 ], [ 30.2629136, 60.1243378 ], [ 30.261422, 60.1247145 ], [ 30.2600495, 60.1251612 ], [ 30.2595209, 60.1254553 ], [ 30.2592415, 60.125653 ], [ 30.2590333, 60.1256058 ], [ 30.2517849, 60.1228202 ], [ 30.2377516, 60.1191909 ], [ 30.235842, 60.1185007 ], [ 30.2355604, 60.118474 ], [ 30.2354424, 60.1184628 ], [ 30.235197, 60.1184418 ], [ 30.2342548, 60.1183635 ], [ 30.2341786, 60.1185717 ], [ 30.2339091, 60.1185401 ], [ 30.2336364, 60.1184983 ], [ 30.2307662, 60.1185672 ], [ 30.2293139, 60.1184758 ], [ 30.2257276, 60.1182297 ], [ 30.2248792, 60.1180788 ], [ 30.2239964, 60.1177406 ], [ 30.2231477, 60.1170376 ], [ 30.2215753, 60.1167773 ], [ 30.2196546, 60.1166722 ], [ 30.2192447, 60.116497 ], [ 30.2199245, 60.1156217 ], [ 30.2201196, 60.1155265 ], [ 30.2189562, 60.1151327 ], [ 30.213709, 60.1160858 ], [ 30.2086165, 60.1169781 ], [ 30.2069779, 60.1170858 ], [ 30.1953118, 60.1172754 ], [ 30.193866, 60.1172989 ], [ 30.1895864, 60.1173872 ], [ 30.1895969, 60.1173498 ], [ 30.1894769, 60.1173526 ], [ 30.188827, 60.1173666 ], [ 30.1884327, 60.1173724 ], [ 30.1878416, 60.1173828 ], [ 30.187467, 60.1173925 ], [ 30.1873173, 60.1173969 ], [ 30.1868083, 60.1174118 ], [ 30.186746, 60.1174143 ], [ 30.1862377, 60.1174464 ], [ 30.1857359, 60.1174905 ], [ 30.1852949, 60.1175312 ], [ 30.1848234, 60.1175753 ], [ 30.1844272, 60.1176145 ], [ 30.1834955, 60.1177269 ], [ 30.1829601, 60.1178029 ], [ 30.182206, 60.1179147 ], [ 30.1809927, 60.1181397 ], [ 30.1791631, 60.1185229 ], [ 30.177791, 60.1188089 ], [ 30.1770883, 60.1177313 ], [ 30.1754288, 60.1154631 ], [ 30.173362, 60.1132411 ], [ 30.1525282, 60.1173423 ], [ 30.138875, 60.1200381 ], [ 30.1379961, 60.1189837 ], [ 30.1382508, 60.1189422 ], [ 30.1386679, 60.1185334 ], [ 30.1383355, 60.118316 ], [ 30.1380446, 60.1178087 ], [ 30.1379615, 60.1170531 ], [ 30.1376914, 60.1168046 ], [ 30.1376914, 60.116287 ], [ 30.1380238, 60.1151482 ], [ 30.1378024, 60.114848 ], [ 30.1386815, 60.1143407 ], [ 30.1337336, 60.1121818 ], [ 30.1274073, 60.1144876 ], [ 30.1251019, 60.1135811 ], [ 30.1239058, 60.1142362 ], [ 30.1195941, 60.1126061 ], [ 30.1147091, 60.1140059 ], [ 30.1143325, 60.1143353 ], [ 30.1141557, 60.1144004 ], [ 30.114027, 60.1144458 ], [ 30.113858, 60.1144766 ], [ 30.1137614, 60.1144365 ], [ 30.1136756, 60.1143616 ], [ 30.1136675, 60.1142614 ], [ 30.1136005, 60.1141745 ], [ 30.1134127, 60.1140529 ], [ 30.1133403, 60.1140141 ], [ 30.113233, 60.1139928 ], [ 30.1131177, 60.113938 ], [ 30.113056, 60.1138979 ], [ 30.1130319, 60.1138444 ], [ 30.1130545, 60.1137718 ], [ 30.1131365, 60.1137241 ], [ 30.1131928, 60.1136947 ], [ 30.1131901, 60.113672 ], [ 30.1131526, 60.1136479 ], [ 30.1130748, 60.1136466 ], [ 30.1129809, 60.113664 ], [ 30.1128039, 60.1136533 ], [ 30.1126255, 60.1136246 ], [ 30.112545, 60.1135865 ], [ 30.1124887, 60.1135437 ], [ 30.1124364, 60.1135116 ], [ 30.1122996, 60.1135083 ], [ 30.1122352, 60.113531 ], [ 30.1120569, 60.1136005 ], [ 30.1119744, 60.1136425 ], [ 30.1118772, 60.1136827 ], [ 30.1117833, 60.113686 ], [ 30.1116304, 60.1136733 ], [ 30.1115468, 60.1136434 ], [ 30.1114775, 60.1135624 ], [ 30.1114601, 60.1134742 ], [ 30.1114762, 60.1133913 ], [ 30.1114547, 60.1133125 ], [ 30.1114038, 60.1132657 ], [ 30.1113027, 60.1132317 ], [ 30.1111409, 60.1131909 ], [ 30.1109371, 60.1131655 ], [ 30.1107171, 60.1131895 ], [ 30.1105672, 60.1133309 ], [ 30.1105213, 60.1133713 ], [ 30.1104194, 60.113394 ], [ 30.1102665, 60.1133499 ], [ 30.110127, 60.1132777 ], [ 30.110009, 60.1132523 ], [ 30.10984, 60.1132604 ], [ 30.1095799, 60.113247 ], [ 30.1095235, 60.1132176 ], [ 30.1094934, 60.1131584 ], [ 30.1095718, 60.1130866 ], [ 30.1096978, 60.1130195 ], [ 30.1096871, 60.1129396 ], [ 30.1096523, 60.1129062 ], [ 30.1095584, 60.1128821 ], [ 30.1094109, 60.1128915 ], [ 30.1092909, 60.1128576 ], [ 30.1091453, 60.1127899 ], [ 30.109089, 60.1127632 ], [ 30.1090622, 60.1127137 ], [ 30.1090676, 60.1126496 ], [ 30.1089898, 60.1126228 ], [ 30.1088288, 60.1126121 ], [ 30.108743, 60.1125213 ], [ 30.1086572, 60.1125026 ], [ 30.1085928, 60.1125239 ], [ 30.1085526, 60.112568 ], [ 30.1084506, 60.1126202 ], [ 30.1083675, 60.1126202 ], [ 30.1082575, 60.1125921 ], [ 30.1082039, 60.1125253 ], [ 30.1081556, 60.112405 ], [ 30.1080459, 60.1121347 ], [ 30.108051, 60.1120428 ], [ 30.1081502, 60.1119679 ], [ 30.1081771, 60.1119198 ], [ 30.1081543, 60.1118663 ], [ 30.1081127, 60.1118269 ], [ 30.1080644, 60.1117888 ], [ 30.1080094, 60.1117701 ], [ 30.1079236, 60.1117668 ], [ 30.1078579, 60.1117441 ], [ 30.1078123, 60.1117113 ], [ 30.1077908, 60.1116832 ], [ 30.1077801, 60.1116411 ], [ 30.1077801, 60.1115716 ], [ 30.1077586, 60.1115342 ], [ 30.1077265, 60.1115015 ], [ 30.1076514, 60.1114701 ], [ 30.1075669, 60.1114527 ], [ 30.1075132, 60.111444 ], [ 30.1074609, 60.1114233 ], [ 30.1074341, 60.1113952 ], [ 30.107426, 60.1113651 ], [ 30.1074462, 60.1113404 ], [ 30.1074663, 60.1113137 ], [ 30.1075186, 60.1112963 ], [ 30.107591, 60.1113083 ], [ 30.1076487, 60.1113284 ], [ 30.1077063, 60.111327 ], [ 30.1077694, 60.1113103 ], [ 30.1078399, 60.1112631 ], [ 30.1079209, 60.1112235 ], [ 30.1079558, 60.1111934 ], [ 30.1079464, 60.1111593 ], [ 30.1079169, 60.1111332 ], [ 30.1079142, 60.1110804 ], [ 30.1079508, 60.1110264 ], [ 30.1080188, 60.1109261 ], [ 30.1080604, 60.1108205 ], [ 30.1080886, 60.1107911 ], [ 30.1082267, 60.1107416 ], [ 30.1083286, 60.1107135 ], [ 30.1084372, 60.1106694 ], [ 30.1084828, 60.110644 ], [ 30.108507, 60.110628 ], [ 30.1085271, 60.1106079 ], [ 30.1085258, 60.1105685 ], [ 30.1085311, 60.1105371 ], [ 30.1085405, 60.110509 ], [ 30.108566, 60.1104643 ], [ 30.108574, 60.1104429 ], [ 30.1086143, 60.1104155 ], [ 30.1086692, 60.1103707 ], [ 30.1087216, 60.1103313 ], [ 30.108743, 60.1102958 ], [ 30.108743, 60.1102811 ], [ 30.1087256, 60.1102618 ], [ 30.1087148, 60.110233 ], [ 30.1086894, 60.1101896 ], [ 30.1086853, 60.1101588 ], [ 30.1087041, 60.1101221 ], [ 30.1087444, 60.1100907 ], [ 30.1088087, 60.1100532 ], [ 30.1088946, 60.1099984 ], [ 30.1089187, 60.1099744 ], [ 30.1089562, 60.109961 ], [ 30.1089925, 60.1099303 ], [ 30.1090153, 60.1098888 ], [ 30.1090313, 60.1098641 ], [ 30.1090367, 60.1098187 ], [ 30.1090407, 60.1097933 ], [ 30.1090233, 60.1097766 ], [ 30.1090072, 60.1097358 ], [ 30.1089804, 60.1097017 ], [ 30.1089241, 60.1096636 ], [ 30.1088718, 60.1096215 ], [ 30.1088127, 60.1095834 ], [ 30.1087564, 60.1095573 ], [ 30.1087148, 60.109538 ], [ 30.1086666, 60.1095173 ], [ 30.1086639, 60.1094631 ], [ 30.108692, 60.109431 ], [ 30.1087363, 60.1094197 ], [ 30.1088047, 60.109415 ], [ 30.1089026, 60.1093909 ], [ 30.1089589, 60.1093883 ], [ 30.1090179, 60.1093736 ], [ 30.1090421, 60.1093622 ], [ 30.1090501, 60.1093408 ], [ 30.1090421, 60.1093027 ], [ 30.1090085, 60.1092713 ], [ 30.1089308, 60.1092492 ], [ 30.1088516, 60.1092372 ], [ 30.1087752, 60.1092091 ], [ 30.1087068, 60.1092038 ], [ 30.1086505, 60.1092065 ], [ 30.1085861, 60.1092232 ], [ 30.108562, 60.1092432 ], [ 30.1085472, 60.1092787 ], [ 30.1085164, 60.109302 ], [ 30.1084667, 60.1093094 ], [ 30.1084158, 60.1093047 ], [ 30.1083487, 60.1092646 ], [ 30.1082937, 60.1092165 ], [ 30.1082924, 60.1091824 ], [ 30.1083045, 60.1091423 ], [ 30.1083031, 60.1090929 ], [ 30.108279, 60.1090554 ], [ 30.1082428, 60.1090107 ], [ 30.108216, 60.1089712 ], [ 30.1082146, 60.1089358 ], [ 30.1082267, 60.1089037 ], [ 30.1082656, 60.1088797 ], [ 30.1083232, 60.1088743 ], [ 30.1083742, 60.1088903 ], [ 30.1084332, 60.1089325 ], [ 30.1084855, 60.1089766 ], [ 30.1085687, 60.109006 ], [ 30.1086357, 60.1090267 ], [ 30.1086947, 60.109026 ], [ 30.1087175, 60.1090153 ], [ 30.1087645, 60.1089625 ], [ 30.1088664, 60.1089117 ], [ 30.1088892, 60.1088837 ], [ 30.1088785, 60.1088589 ], [ 30.1088355, 60.1088389 ], [ 30.1087484, 60.1088101 ], [ 30.1086532, 60.1087747 ], [ 30.1086009, 60.108758 ], [ 30.1085123, 60.108744 ], [ 30.1083849, 60.1087313 ], [ 30.1083259, 60.1087132 ], [ 30.1083031, 60.1086959 ], [ 30.1082978, 60.1086778 ], [ 30.1086169, 60.1084786 ], [ 30.1086666, 60.1084633 ], [ 30.1087604, 60.1084506 ], [ 30.1088624, 60.1084526 ], [ 30.1089576, 60.1084653 ], [ 30.1090407, 60.108474 ], [ 30.1091695, 60.1084559 ], [ 30.1092486, 60.1084492 ], [ 30.1093532, 60.1084506 ], [ 30.1094404, 60.1084499 ], [ 30.1095048, 60.1084392 ], [ 30.1095681, 60.1084216 ], [ 30.1096255, 60.1083931 ], [ 30.1096737, 60.108351 ], [ 30.1097019, 60.1082962 ], [ 30.109714, 60.1082126 ], [ 30.1097475, 60.1081625 ], [ 30.1097555, 60.1080703 ], [ 30.1097352, 60.108044 ], [ 30.1096925, 60.1079814 ], [ 30.109655, 60.1079593 ], [ 30.1095866, 60.1079506 ], [ 30.1095343, 60.1079613 ], [ 30.1094551, 60.1080202 ], [ 30.1094136, 60.1080456 ], [ 30.1093519, 60.1080723 ], [ 30.1092271, 60.1080783 ], [ 30.1091762, 60.1080703 ], [ 30.1091413, 60.1080375 ], [ 30.1091909, 60.1079674 ], [ 30.1091802, 60.107942 ], [ 30.1091641, 60.1079206 ], [ 30.1091118, 60.1078918 ], [ 30.1090756, 60.1078557 ], [ 30.1090796, 60.1077856 ], [ 30.1090863, 60.1077588 ], [ 30.1091199, 60.1077033 ], [ 30.1091386, 60.1076793 ], [ 30.109144, 60.1076358 ], [ 30.1091279, 60.1075837 ], [ 30.1090555, 60.1075343 ], [ 30.1090072, 60.1075068 ], [ 30.1090045, 60.1074935 ], [ 30.1090541, 60.1074694 ], [ 30.1091185, 60.1074373 ], [ 30.1091306, 60.1074133 ], [ 30.1091145, 60.1073845 ], [ 30.1090384, 60.1073439 ], [ 30.1089898, 60.1073204 ], [ 30.1089443, 60.1072732 ], [ 30.1089093, 60.1072281 ], [ 30.1089428, 60.1071506 ], [ 30.1090005, 60.1071205 ], [ 30.1091118, 60.1071179 ], [ 30.1092392, 60.1071105 ], [ 30.1092982, 60.1070971 ], [ 30.1094216, 60.1070824 ], [ 30.1094659, 60.1070811 ], [ 30.1095141, 60.1070677 ], [ 30.1095329, 60.1070524 ], [ 30.1095504, 60.1070183 ], [ 30.1096067, 60.1069447 ], [ 30.1096617, 60.1069093 ], [ 30.1096845, 60.1068919 ], [ 30.1097636, 60.1068839 ], [ 30.1098923, 60.1069 ], [ 30.1099916, 60.1069227 ], [ 30.1101284, 60.1069294 ], [ 30.1102585, 60.1069213 ], [ 30.1102987, 60.1068993 ], [ 30.1103114, 60.1068599 ], [ 30.1101896, 60.1068396 ], [ 30.1100428, 60.106819 ], [ 30.1099648, 60.106797 ], [ 30.1098406, 60.1067472 ], [ 30.1097904, 60.1067222 ], [ 30.1096161, 60.1066874 ], [ 30.1095209, 60.1067001 ], [ 30.1093908, 60.1067208 ], [ 30.109262, 60.1067275 ], [ 30.1091132, 60.1067068 ], [ 30.1090139, 60.1066928 ], [ 30.1088798, 60.1066774 ], [ 30.1087216, 60.1066687 ], [ 30.1085982, 60.1066486 ], [ 30.1083621, 60.1065952 ], [ 30.1081918, 60.1065718 ], [ 30.1080698, 60.1065611 ], [ 30.1078901, 60.1065551 ], [ 30.1077734, 60.106537 ], [ 30.1076205, 60.1064936 ], [ 30.107536, 60.1064809 ], [ 30.1073764, 60.1064715 ], [ 30.1072557, 60.1064548 ], [ 30.1070988, 60.1064067 ], [ 30.1069017, 60.1063632 ], [ 30.1068093, 60.1063503 ], [ 30.1066147, 60.1063231 ], [ 30.106437, 60.1062886 ], [ 30.1062982, 60.1062483 ], [ 30.1062258, 60.1062289 ], [ 30.1060984, 60.1062262 ], [ 30.1058999, 60.1062389 ], [ 30.1057845, 60.1062523 ], [ 30.1056518, 60.1062703 ], [ 30.1055016, 60.1063051 ], [ 30.1053983, 60.1063272 ], [ 30.1052561, 60.1063399 ], [ 30.1051395, 60.1063405 ], [ 30.1049745, 60.1063332 ], [ 30.1046661, 60.1063138 ], [ 30.1043978, 60.1063131 ], [ 30.1041564, 60.1063178 ], [ 30.1037487, 60.1063352 ], [ 30.1033665, 60.1063452 ], [ 30.1031131, 60.1063579 ], [ 30.1028515, 60.1063666 ], [ 30.1024318, 60.1063606 ], [ 30.1021716, 60.1063599 ], [ 30.1019704, 60.1063759 ], [ 30.1017733, 60.1063813 ], [ 30.1016499, 60.1063806 ], [ 30.1015078, 60.1063679 ], [ 30.101377, 60.1063756 ], [ 30.1012462, 60.1063833 ], [ 30.1009874, 60.1063806 ], [ 30.1008385, 60.106396 ], [ 30.100695, 60.1064127 ], [ 30.1005569, 60.1064274 ], [ 30.1002994, 60.1064414 ], [ 30.1001747, 60.1064628 ], [ 30.100044, 60.1064899 ], [ 30.0998595, 60.106537 ], [ 30.0996114, 60.1066112 ], [ 30.0993767, 60.1066714 ], [ 30.0991595, 60.1067255 ], [ 30.0988363, 60.106803 ], [ 30.0985023, 60.1068879 ], [ 30.0982663, 60.1069361 ], [ 30.0980544, 60.1070009 ], [ 30.0977755, 60.1070704 ], [ 30.0976735, 60.1070918 ], [ 30.0975475, 60.1071426 ], [ 30.0974621, 60.1071657 ], [ 30.0974107, 60.1071593 ], [ 30.097357, 60.1071292 ], [ 30.0972725, 60.1071018 ], [ 30.0972005, 60.1070726 ], [ 30.0970969, 60.1070597 ], [ 30.0970486, 60.1070918 ], [ 30.0970432, 60.1071179 ], [ 30.0970633, 60.107158 ], [ 30.0970754, 60.1072148 ], [ 30.0971143, 60.1072769 ], [ 30.0971317, 60.1073217 ], [ 30.097117, 60.1073571 ], [ 30.0970781, 60.1073952 ], [ 30.0970003, 60.1074146 ], [ 30.096838, 60.1074026 ], [ 30.0966986, 60.1073879 ], [ 30.0965323, 60.1073805 ], [ 30.0964357, 60.1073625 ], [ 30.0963204, 60.1073204 ], [ 30.0962399, 60.1072689 ], [ 30.0961621, 60.1072362 ], [ 30.0960347, 60.1072168 ], [ 30.0958617, 60.107184 ], [ 30.0957973, 60.1071653 ], [ 30.0957182, 60.1071346 ], [ 30.0955841, 60.1070804 ], [ 30.0954835, 60.1070243 ], [ 30.0953615, 60.1069501 ], [ 30.095273, 60.1069053 ], [ 30.0950584, 60.1068077 ], [ 30.094986, 60.1067629 ], [ 30.0949323, 60.1067322 ], [ 30.0948894, 60.1067228 ], [ 30.0948022, 60.1067088 ], [ 30.0947218, 60.1067008 ], [ 30.0946252, 60.1067168 ], [ 30.0945474, 60.1067649 ], [ 30.0944951, 60.1068218 ], [ 30.0944643, 60.1068719 ], [ 30.094416, 60.1069488 ], [ 30.0943556, 60.1069955 ], [ 30.094302, 60.1070236 ], [ 30.0942497, 60.1070724 ], [ 30.0941934, 60.1071052 ], [ 30.0941008, 60.1071299 ], [ 30.0940526, 60.1071372 ], [ 30.0939774, 60.1071566 ], [ 30.0938648, 60.107166 ], [ 30.0937749, 60.1071586 ], [ 30.0936542, 60.1071586 ], [ 30.0934638, 60.1071539 ], [ 30.0933726, 60.107158 ], [ 30.0932854, 60.1071626 ], [ 30.0931835, 60.107184 ], [ 30.0931312, 60.1071987 ], [ 30.0930521, 60.1072081 ], [ 30.0929797, 60.1072335 ], [ 30.092926, 60.1072529 ], [ 30.0929036, 60.1072681 ], [ 30.0929072, 60.1072896 ], [ 30.092981, 60.1073404 ], [ 30.0929998, 60.1073892 ], [ 30.092977, 60.107424 ], [ 30.0929368, 60.1074701 ], [ 30.0928844, 60.1075122 ], [ 30.0928335, 60.107551 ], [ 30.0927839, 60.107567 ], [ 30.0927168, 60.107573 ], [ 30.0926699, 60.1075623 ], [ 30.0926162, 60.107549 ], [ 30.0925277, 60.107549 ], [ 30.0924258, 60.1075456 ], [ 30.0923507, 60.1075416 ], [ 30.0922528, 60.1075309 ], [ 30.0920932, 60.1075262 ], [ 30.0920154, 60.1074935 ], [ 30.0919537, 60.1074454 ], [ 30.0918719, 60.1073939 ], [ 30.0917606, 60.1073792 ], [ 30.091597, 60.1073705 ], [ 30.0914817, 60.1073645 ], [ 30.0914347, 60.1073478 ], [ 30.0912979, 60.1073424 ], [ 30.0912403, 60.1073611 ], [ 30.0912134, 60.1073972 ], [ 30.0912033, 60.1074508 ], [ 30.0911544, 60.1074888 ], [ 30.0911196, 60.1074975 ], [ 30.0910391, 60.1074928 ], [ 30.0909626, 60.1074567 ], [ 30.090909, 60.1074494 ], [ 30.0908192, 60.1074437 ], [ 30.0906689, 60.1074554 ], [ 30.0905322, 60.1074581 ], [ 30.0903873, 60.1074794 ], [ 30.090158, 60.1075343 ], [ 30.0900936, 60.1075717 ], [ 30.0900829, 60.1076118 ], [ 30.0901113, 60.1076749 ], [ 30.0901285, 60.1077013 ], [ 30.0901231, 60.1077294 ], [ 30.090103, 60.1077635 ], [ 30.0900413, 60.1077929 ], [ 30.0899515, 60.1077989 ], [ 30.0898468, 60.1077949 ], [ 30.0897208, 60.1078103 ], [ 30.0895853, 60.1078557 ], [ 30.089525, 60.1078698 ], [ 30.08947, 60.1078718 ], [ 30.0893573, 60.1078544 ], [ 30.0892916, 60.1078524 ], [ 30.0892259, 60.1078618 ], [ 30.0889965, 60.1079463 ], [ 30.0889054, 60.1079734 ], [ 30.0888102, 60.1079827 ], [ 30.0886392, 60.1079795 ], [ 30.0885218, 60.1079192 ], [ 30.0884829, 60.1078658 ], [ 30.0883638, 60.1078002 ], [ 30.0879644, 60.1076002 ], [ 30.085124, 60.104261 ], [ 30.0729037, 60.0972712 ], [ 30.070784, 60.0962496 ], [ 30.0710469, 60.0960743 ], [ 30.0742072, 60.0939662 ], [ 30.0768868, 60.0904474 ], [ 30.0832814, 60.0881452 ], [ 30.0871855, 60.0868775 ], [ 30.08843, 60.0865811 ], [ 30.0945407, 60.0853186 ], [ 30.102799, 60.0808527 ], [ 30.1042255, 60.0795927 ], [ 30.1121051, 60.0726668 ], [ 30.1160174, 60.0718794 ], [ 30.1191347, 60.070006 ], [ 30.1332163, 60.0726424 ], [ 30.135428, 60.0706078 ], [ 30.1369157, 60.0682498 ], [ 30.1371228, 60.0679218 ], [ 30.1381411, 60.0663084 ], [ 30.1381578, 60.0659503 ], [ 30.137983, 60.0654198 ], [ 30.1378287, 60.0653667 ], [ 30.1373554, 60.0652463 ], [ 30.1367658, 60.0650117 ], [ 30.1363334, 60.0647072 ], [ 30.1360153, 60.064374 ], [ 30.1359164, 60.06407 ], [ 30.1358872, 60.0633057 ], [ 30.1361728, 60.061417 ], [ 30.1361908, 60.0606096 ], [ 30.136017, 60.0601703 ], [ 30.1357703, 60.0599375 ], [ 30.1352592, 60.0596817 ], [ 30.1282492, 60.0578568 ], [ 30.1262815, 60.0574705 ], [ 30.1265782, 60.0569864 ], [ 30.1262256, 60.0567296 ], [ 30.1261824, 60.0563231 ], [ 30.1356287, 60.0576144 ], [ 30.1355577, 60.0573327 ], [ 30.135233, 60.0566423 ], [ 30.134861, 60.0561642 ], [ 30.1345089, 60.0542081 ], [ 30.131254, 60.0511236 ], [ 30.1340902, 60.0487356 ] ] ] ] } },
{ "type": "Feature", "properties": { "full_id": "r1114806", "osm_id": "1114806", "osm_type": "relation", "boundary": "administrative", "wikimedia_commons": null, "start_date": null, "sqkm": null, "short_name:uk": null, "short_name:ru": null, "short_name:be": null, "short_name": null, "name:ru:word_stress": null, "oktmo": null, "contact:website": null, "contact:vk": null, "contact:instagram": null, "okato:user": null, "loc_name": null, "old_name:de": null, "oktmo:user": null, "old_name:uk": null, "old_name": null, "name:etymology:wikidata": null, "alt_name": null, "official_name": null, "addr:postcode": null, "url": null, "place": null, "addr:region": "Санкт-Петербург", "old_name:vi": null, "old_name:os": null, "old_name:mk": null, "old_name:ku": null, "old_name:hr": null, "old_name:fr": null, "old_name:eo": null, "old_name:en": null, "old_name:ar": null, "old_name:1924-01-26--1991-09-06": null, "old_name:1914-08-31--1924-01-26": null, "old_alt_name:vi": null, "name:tzl": null, "name:sl": null, "name:pt": null, "name:os": null, "name:nb": null, "name:mk": null, "name:lb": null, "name:ku": null, "name:ko": null, "name:gl": null, "name:fy": null, "name:eo": null, "name:da": null, "name:bg": null, "name:ast": null, "name:ar": null, "name:ab": null, "int_name": null, "alt_name:vi": null, "alt_name:mk": null, "wikipedia": "ru:Калининский район (Санкт-Петербург)", "wikidata": "Q1267403", "website": null, "type": "boundary", "timezone": null, "ref": null, "population:date": null, "population": null, "official_status": null, "name:zh-Hant": "加里寧區", "name:zh-Hans": "加里宁区", "name:zh": "加里宁区", "name:vi": null, "name:uk": "Калінінський район", "name:tt": null, "name:tk": null, "name:sv": null, "name:sr": null, "name:sk": null, "name:ru": "Калининский район", "name:ro": null, "name:pl": "rejon kalininski", "name:nl": null, "name:mhr": null, "name:lv": null, "name:lt": null, "name:kv": null, "name:kbd": null, "name:ja": null, "name:it": null, "name:hu": null, "name:hr": null, "name:fr": null, "name:fi": null, "name:et": null, "name:es": null, "name:en": "Kalininsky District", "name:el": null, "name:de": "Kalinin-Rajon", "name:cu": null, "name:cs": null, "name:ce": null, "name:ca": null, "name:be-tarask": null, "name:be": null, "name:af": null, "name": "Калининский район", "is_in:country_code": null, "is_in:country": null, "int_ref": null, "gost_7.67-2003": null, "admin_level": "5", "addr:country": "RU", "ISO3166-2": null }, "geometry": { "type": "MultiPolygon", "coordinates": [ [ [ [ 30.359596, 59.9514048 ], [ 30.3495316, 59.9519993 ], [ 30.3500329, 59.954067 ], [ 30.3500931, 59.954247 ], [ 30.3501862, 59.954417 ], [ 30.3510756, 59.9556688 ], [ 30.3512895, 59.9559671 ], [ 30.3527109, 59.9579444 ], [ 30.3529653, 59.9582636 ], [ 30.353569, 59.9592033 ], [ 30.3539485, 59.9597902 ], [ 30.3539686, 59.9598427 ], [ 30.3539719, 59.9599116 ], [ 30.3539505, 59.9599868 ], [ 30.3539237, 59.9600674 ], [ 30.3537766, 59.9602637 ], [ 30.3537524, 59.9602959 ], [ 30.3535495, 59.9605656 ], [ 30.3531488, 59.961094 ], [ 30.3529576, 59.9613532 ], [ 30.3528078, 59.9615564 ], [ 30.3526306, 59.9617757 ], [ 30.3524782, 59.9619643 ], [ 30.3523828, 59.9620894 ], [ 30.3521802, 59.9623553 ], [ 30.3520719, 59.9625006 ], [ 30.3519782, 59.9626314 ], [ 30.3518945, 59.9627701 ], [ 30.3517745, 59.9630591 ], [ 30.3514732, 59.9637845 ], [ 30.3513304, 59.9641284 ], [ 30.3512898, 59.9642273 ], [ 30.3509374, 59.9650546 ], [ 30.3508736, 59.965224 ], [ 30.350824, 59.9653484 ], [ 30.3507791, 59.9654651 ], [ 30.3507433, 59.9655504 ], [ 30.3506055, 59.9658921 ], [ 30.3504388, 59.9663154 ], [ 30.3504018, 59.9664036 ], [ 30.3503802, 59.966451 ], [ 30.3502857, 59.9666876 ], [ 30.3500595, 59.9672542 ], [ 30.3499953, 59.9674071 ], [ 30.3499489, 59.9675265 ], [ 30.3498975, 59.9676529 ], [ 30.349802, 59.9678872 ], [ 30.3497624, 59.9679838 ], [ 30.3489592, 59.9697627 ], [ 30.3489099, 59.9698754 ], [ 30.3487459, 59.9702308 ], [ 30.3481084, 59.9716221 ], [ 30.3480036, 59.9718443 ], [ 30.3474998, 59.9729815 ], [ 30.3474296, 59.9731321 ], [ 30.3473852, 59.973224 ], [ 30.3472501, 59.9734347 ], [ 30.3470956, 59.9736379 ], [ 30.3444468, 59.9766834 ], [ 30.3439908, 59.9772112 ], [ 30.3439759, 59.9772694 ], [ 30.3440183, 59.9774097 ], [ 30.3440519, 59.9774869 ], [ 30.3441862, 59.9775005 ], [ 30.3446184, 59.977549 ], [ 30.3450708, 59.9775991 ], [ 30.3453389, 59.9776288 ], [ 30.345428, 59.9776325 ], [ 30.345677, 59.9776732 ], [ 30.3547364, 59.9785988 ], [ 30.3552375, 59.978625 ], [ 30.3596875, 59.9790785 ], [ 30.3601746, 59.9791235 ], [ 30.3606251, 59.9791373 ], [ 30.3610566, 59.9791362 ], [ 30.3613728, 59.9791131 ], [ 30.3616268, 59.979076 ], [ 30.3619117, 59.9790182 ], [ 30.3623859, 59.9788826 ], [ 30.3627096, 59.9787769 ], [ 30.3657854, 59.9776521 ], [ 30.3659485, 59.977618 ], [ 30.366133, 59.977596 ], [ 30.3664856, 59.9775994 ], [ 30.3670817, 59.9776153 ], [ 30.3674381, 59.9776304 ], [ 30.3675253, 59.9776414 ], [ 30.3674902, 59.9777015 ], [ 30.3670518, 59.978452 ], [ 30.3670293, 59.9784906 ], [ 30.3670152, 59.9785224 ], [ 30.3668032, 59.9789996 ], [ 30.366711, 59.9792071 ], [ 30.3661646, 59.9801343 ], [ 30.3661514, 59.9801498 ], [ 30.3656302, 59.9807613 ], [ 30.365261, 59.9811716 ], [ 30.3650403, 59.9814169 ], [ 30.3642725, 59.9821735 ], [ 30.3636049, 59.9828314 ], [ 30.3628784, 59.9835474 ], [ 30.3627118, 59.9837116 ], [ 30.3626837, 59.9837322 ], [ 30.3625111, 59.9838585 ], [ 30.3622196, 59.9840159 ], [ 30.3612777, 59.9845246 ], [ 30.3584655, 59.9860431 ], [ 30.3579241, 59.9863355 ], [ 30.3576604, 59.9864779 ], [ 30.3575104, 59.9865691 ], [ 30.3573954, 59.9866293 ], [ 30.3571453, 59.9867548 ], [ 30.3568244, 59.9869206 ], [ 30.3558966, 59.9874379 ], [ 30.3556223, 59.9875909 ], [ 30.355017, 59.9879181 ], [ 30.3543785, 59.9882575 ], [ 30.3539199, 59.9884999 ], [ 30.3529993, 59.9889936 ], [ 30.3528164, 59.9890859 ], [ 30.3522991, 59.989356 ], [ 30.3521572, 59.9894206 ], [ 30.3520224, 59.9894774 ], [ 30.3519522, 59.9895064 ], [ 30.3516941, 59.9896025 ], [ 30.3513957, 59.9896959 ], [ 30.3511361, 59.9897534 ], [ 30.3508761, 59.9898076 ], [ 30.350563, 59.9898536 ], [ 30.3500954, 59.9898912 ], [ 30.3496622, 59.9899 ], [ 30.3476211, 59.9898209 ], [ 30.3473983, 59.9898004 ], [ 30.3472746, 59.9898125 ], [ 30.3470623, 59.989864 ], [ 30.3470188, 59.9899186 ], [ 30.3469962, 59.989947 ], [ 30.3470533, 59.9900633 ], [ 30.3470842, 59.9901159 ], [ 30.3471185, 59.9901465 ], [ 30.3471997, 59.9902152 ], [ 30.3476967, 59.9905534 ], [ 30.3481245, 59.9907578 ], [ 30.3486157, 59.9908854 ], [ 30.3491304, 59.9909286 ], [ 30.350329, 59.9909978 ], [ 30.3508765, 59.991022 ], [ 30.3517896, 59.9910703 ], [ 30.3520328, 59.9910832 ], [ 30.3521614, 59.9910925 ], [ 30.3523169, 59.9911132 ], [ 30.3524935, 59.9911489 ], [ 30.3526738, 59.9911942 ], [ 30.3528782, 59.9912629 ], [ 30.353068, 59.9913422 ], [ 30.3533133, 59.9914399 ], [ 30.3533885, 59.9914709 ], [ 30.3537775, 59.9916333 ], [ 30.354191, 59.9918044 ], [ 30.3553653, 59.9922899 ], [ 30.356119, 59.9926106 ], [ 30.3580375, 59.9934051 ], [ 30.3593051, 59.9939264 ], [ 30.3604169, 59.9943691 ], [ 30.3607482, 59.9945267 ], [ 30.3609674, 59.994631 ], [ 30.3615737, 59.9949372 ], [ 30.3623082, 59.9953778 ], [ 30.3635889, 59.9961891 ], [ 30.3637541, 59.9962898 ], [ 30.3637981, 59.9963348 ], [ 30.3638346, 59.9963885 ], [ 30.3638684, 59.9964417 ], [ 30.3640009, 59.9967307 ], [ 30.3641075, 59.99699 ], [ 30.364301, 59.997363 ], [ 30.3644571, 59.997768 ], [ 30.3645587, 59.9979939 ], [ 30.364645, 59.9982197 ], [ 30.3647103, 59.9984021 ], [ 30.3648256, 59.9986651 ], [ 30.365578, 60.0004733 ], [ 30.3659669, 60.0013645 ], [ 30.367116, 60.0031001 ], [ 30.3681267, 60.0045967 ], [ 30.3688995, 60.0057321 ], [ 30.3697907, 60.0071098 ], [ 30.3698408, 60.0072122 ], [ 30.3698529, 60.0072794 ], [ 30.3697977, 60.0076977 ], [ 30.3695278, 60.008771 ], [ 30.3695027, 60.0088466 ], [ 30.3694238, 60.0090037 ], [ 30.3693371, 60.0091247 ], [ 30.3692697, 60.0092161 ], [ 30.3691307, 60.0094041 ], [ 30.3690451, 60.0096061 ], [ 30.3690253, 60.0097419 ], [ 30.3690354, 60.0098372 ], [ 30.3691256, 60.0100632 ], [ 30.3691634, 60.0102165 ], [ 30.3691635, 60.0104191 ], [ 30.368746, 60.0122845 ], [ 30.3687124, 60.0124286 ], [ 30.3686387, 60.0127329 ], [ 30.368582, 60.0129721 ], [ 30.3685577, 60.0130803 ], [ 30.368356, 60.0139025 ], [ 30.3681109, 60.0149293 ], [ 30.3680962, 60.0149916 ], [ 30.3679909, 60.0154362 ], [ 30.367955, 60.0155876 ], [ 30.367653, 60.0168491 ], [ 30.3675625, 60.0171857 ], [ 30.3674804, 60.0175185 ], [ 30.3673145, 60.0183805 ], [ 30.3672755, 60.0187685 ], [ 30.3672865, 60.0191606 ], [ 30.3672517, 60.019399 ], [ 30.3668449, 60.0214913 ], [ 30.3660748, 60.0253985 ], [ 30.3652255, 60.0297057 ], [ 30.3649192, 60.0314225 ], [ 30.3648662, 60.0317869 ], [ 30.3648499, 60.0321357 ], [ 30.364966, 60.0330131 ], [ 30.3651017, 60.0334615 ], [ 30.3654163, 60.0343654 ], [ 30.3660606, 60.0352735 ], [ 30.3667471, 60.0360009 ], [ 30.3836956, 60.0550392 ], [ 30.3856467, 60.0572068 ], [ 30.3873932, 60.0591782 ], [ 30.3887672, 60.0588039 ], [ 30.3880449, 60.0580912 ], [ 30.3889016, 60.0578229 ], [ 30.3881121, 60.0570767 ], [ 30.3965713, 60.0550063 ], [ 30.4017109, 60.0536574 ], [ 30.4066015, 60.0524285 ], [ 30.4128121, 60.0509141 ], [ 30.4184151, 60.0495468 ], [ 30.417048, 60.0481373 ], [ 30.4156491, 60.0467092 ], [ 30.4188839, 60.0460853 ], [ 30.4249333, 60.0448258 ], [ 30.4251136, 60.0443545 ], [ 30.4306165, 60.0431742 ], [ 30.4340319, 60.0424416 ], [ 30.4348138, 60.0422647 ], [ 30.4355682, 60.0420384 ], [ 30.4362608, 60.0417502 ], [ 30.4368335, 60.0413767 ], [ 30.4372644, 60.0409978 ], [ 30.437606, 60.0406025 ], [ 30.4377124, 60.0401391 ], [ 30.4376124, 60.039133 ], [ 30.4371912, 60.0296333 ], [ 30.4371443, 60.0264734 ], [ 30.4370438, 60.0228847 ], [ 30.4371443, 60.0220176 ], [ 30.437266, 60.0210632 ], [ 30.4373722, 60.0202263 ], [ 30.437399, 60.0197442 ], [ 30.4374191, 60.0191382 ], [ 30.4372515, 60.0183848 ], [ 30.4367643, 60.0172163 ], [ 30.4364705, 60.0165343 ], [ 30.4363758, 60.0161081 ], [ 30.4363331, 60.0156677 ], [ 30.4364184, 60.0150355 ], [ 30.4365795, 60.014498 ], [ 30.437474, 60.0121987 ], [ 30.4381922, 60.0103148 ], [ 30.4400212, 60.0055167 ], [ 30.440655, 60.0038536 ], [ 30.4409046, 60.0031988 ], [ 30.4421741, 59.9998155 ], [ 30.4393551, 59.9971858 ], [ 30.4378776, 59.9959378 ], [ 30.433287, 59.9916203 ], [ 30.4272608, 59.9858927 ], [ 30.4213279, 59.9803158 ], [ 30.4211971, 59.9801797 ], [ 30.4210579, 59.9800531 ], [ 30.4135872, 59.973104 ], [ 30.4126073, 59.9721756 ], [ 30.4124752, 59.9720122 ], [ 30.4123597, 59.9718456 ], [ 30.4121544, 59.9715385 ], [ 30.4110665, 59.9689142 ], [ 30.4086961, 59.9630689 ], [ 30.4081382, 59.9616217 ], [ 30.4071928, 59.9593379 ], [ 30.4070911, 59.959158 ], [ 30.4069324, 59.9589419 ], [ 30.4056212, 59.9582695 ], [ 30.4041048, 59.957492 ], [ 30.4035732, 59.9572194 ], [ 30.4032073, 59.9570318 ], [ 30.4031123, 59.9569902 ], [ 30.3995843, 59.9554444 ], [ 30.3967227, 59.9565701 ], [ 30.3947084, 59.9570899 ], [ 30.3926868, 59.957526 ], [ 30.3909516, 59.957795 ], [ 30.3889597, 59.9579201 ], [ 30.3875676, 59.957883 ], [ 30.3861768, 59.9577415 ], [ 30.3847935, 59.957492 ], [ 30.3836743, 59.9571742 ], [ 30.3764346, 59.9538024 ], [ 30.3711236, 59.9522691 ], [ 30.3635559, 59.9511683 ], [ 30.359596, 59.9514048 ] ] ] ] } },
{ "type": "Feature", "properties": { "full_id": "r1114895", "osm_id": "1114895", "osm_type": "relation", "boundary": "administrative", "wikimedia_commons": null, "start_date": null, "sqkm": null, "short_name:uk": null, "short_name:ru": null, "short_name:be": null, "short_name": null, "name:ru:word_stress": null, "oktmo": null, "contact:website": null, "contact:vk": null, "contact:instagram": null, "okato:user": null, "loc_name": null, "old_name:de": null, "oktmo:user": null, "old_name:uk": null, "old_name": null, "name:etymology:wikidata": null, "alt_name": null, "official_name": null, "addr:postcode": null, "url": null, "place": null, "addr:region": "Санкт-Петербург", "old_name:vi": null, "old_name:os": null, "old_name:mk": null, "old_name:ku": null, "old_name:hr": null, "old_name:fr": null, "old_name:eo": null, "old_name:en": null, "old_name:ar": null, "old_name:1924-01-26--1991-09-06": null, "old_name:1914-08-31--1924-01-26": null, "old_alt_name:vi": null, "name:tzl": null, "name:sl": null, "name:pt": null, "name:os": null, "name:nb": null, "name:mk": null, "name:lb": null, "name:ku": null, "name:ko": null, "name:gl": null, "name:fy": null, "name:eo": null, "name:da": null, "name:bg": null, "name:ast": null, "name:ar": null, "name:ab": null, "int_name": null, "alt_name:vi": null, "alt_name:mk": null, "wikipedia": "ru:Красногвардейский район (Санкт-Петербург)", "wikidata": "Q1142579", "website": null, "type": "boundary", "timezone": null, "ref": null, "population:date": null, "population": null, "official_status": null, "name:zh-Hant": "赤衛隊區", "name:zh-Hans": "赤卫队区", "name:zh": "赤卫队区", "name:vi": null, "name:uk": "Червоногвардійський район", "name:tt": null, "name:tk": null, "name:sv": null, "name:sr": null, "name:sk": null, "name:ru": "Красногвардейский район", "name:ro": null, "name:pl": "rejon krasnogwardiejski", "name:nl": null, "name:mhr": null, "name:lv": null, "name:lt": null, "name:kv": null, "name:kbd": null, "name:ja": null, "name:it": null, "name:hu": null, "name:hr": null, "name:fr": null, "name:fi": null, "name:et": null, "name:es": null, "name:en": "Krasnogvardeysky District", "name:el": null, "name:de": null, "name:cu": null, "name:cs": null, "name:ce": null, "name:ca": null, "name:be-tarask": null, "name:be": null, "name:af": null, "name": "Красногвардейский район", "is_in:country_code": null, "is_in:country": null, "int_ref": null, "gost_7.67-2003": null, "admin_level": "5", "addr:country": "RU", "ISO3166-2": null }, "geometry": { "type": "MultiPolygon", "coordinates": [ [ [ [ 30.4069324, 59.9589419 ], [ 30.4056212, 59.9582695 ], [ 30.4041048, 59.957492 ], [ 30.4035732, 59.9572194 ], [ 30.4032073, 59.9570318 ], [ 30.4031123, 59.9569902 ], [ 30.3995843, 59.9554444 ], [ 30.4021639, 59.9538375 ], [ 30.4026475, 59.9530709 ], [ 30.4029107, 59.952384 ], [ 30.4030605, 59.9518118 ], [ 30.4031224, 59.9509996 ], [ 30.4030431, 59.9499071 ], [ 30.4030183, 59.9486311 ], [ 30.4012778, 59.9429481 ], [ 30.4002023, 59.938963 ], [ 30.3963299, 59.933129 ], [ 30.3942814, 59.9290236 ], [ 30.3959056, 59.9257386 ], [ 30.397196, 59.9241878 ], [ 30.4022068, 59.9206316 ], [ 30.4068447, 59.917672 ], [ 30.4094032, 59.9154313 ], [ 30.4131736, 59.9165073 ], [ 30.416004, 59.9171213 ], [ 30.4217225, 59.9186916 ], [ 30.4214543, 59.9185303 ], [ 30.4217225, 59.918455 ], [ 30.4230314, 59.9190304 ], [ 30.4237692, 59.9192681 ], [ 30.4256278, 59.9198908 ], [ 30.4266363, 59.9203479 ], [ 30.4274731, 59.9208049 ], [ 30.4289537, 59.9218105 ], [ 30.4321295, 59.9243107 ], [ 30.4341465, 59.9259506 ], [ 30.436185, 59.9272248 ], [ 30.4373862, 59.9279962 ], [ 30.4377124, 59.9281511 ], [ 30.4390496, 59.9289344 ], [ 30.4419142, 59.9311115 ], [ 30.4424184, 59.9309449 ], [ 30.4432231, 59.9315685 ], [ 30.4428261, 59.9317082 ], [ 30.4439097, 59.9327887 ], [ 30.4446822, 59.9337777 ], [ 30.445185, 59.9344134 ], [ 30.4475699, 59.9362886 ], [ 30.4484055, 59.9365858 ], [ 30.4501092, 59.9369084 ], [ 30.4511822, 59.9369398 ], [ 30.4520453, 59.9368941 ], [ 30.4529425, 59.9367747 ], [ 30.4566782, 59.9360831 ], [ 30.4610932, 59.9352828 ], [ 30.4622486, 59.9351058 ], [ 30.4634051, 59.9349999 ], [ 30.4688221, 59.9346946 ], [ 30.4728602, 59.9344629 ], [ 30.4739657, 59.9343972 ], [ 30.4759208, 59.934245 ], [ 30.4802376, 59.9339658 ], [ 30.4872113, 59.9335896 ], [ 30.4905308, 59.9334021 ], [ 30.4960626, 59.9330897 ], [ 30.4983586, 59.9331112 ], [ 30.5011695, 59.9335788 ], [ 30.5029827, 59.9342077 ], [ 30.5044096, 59.9349226 ], [ 30.5055266, 59.9359444 ], [ 30.5062502, 59.9390962 ], [ 30.5072842, 59.9435994 ], [ 30.5077093, 59.9454668 ], [ 30.5077189, 59.945492 ], [ 30.507739, 59.9455684 ], [ 30.5077507, 59.9456234 ], [ 30.511347, 59.9623847 ], [ 30.5120061, 59.9658286 ], [ 30.5123108, 59.9675294 ], [ 30.5124397, 59.9678518 ], [ 30.5131012, 59.9705585 ], [ 30.5131889, 59.9705781 ], [ 30.513741, 59.9706979 ], [ 30.5141401, 59.9708014 ], [ 30.5167945, 59.97149 ], [ 30.5168956, 59.9713873 ], [ 30.5172897, 59.9714874 ], [ 30.5172041, 59.9715718 ], [ 30.5248993, 59.9735978 ], [ 30.5268455, 59.9740902 ], [ 30.5278505, 59.9730957 ], [ 30.5279691, 59.9730505 ], [ 30.5281667, 59.9730194 ], [ 30.5284547, 59.9730166 ], [ 30.5287709, 59.9730505 ], [ 30.5290419, 59.973107 ], [ 30.5317181, 59.9736721 ], [ 30.5329264, 59.9739433 ], [ 30.5372577, 59.9750248 ], [ 30.5433014, 59.9774835 ], [ 30.5444851, 59.976283 ], [ 30.545092, 59.9757303 ], [ 30.5524931, 59.96899 ], [ 30.5543134, 59.9696031 ], [ 30.5558154, 59.9699037 ], [ 30.5592744, 59.9696202 ], [ 30.560622, 59.9698694 ], [ 30.560991, 59.9701701 ], [ 30.5619352, 59.9702646 ], [ 30.562536, 59.9702903 ], [ 30.5637376, 59.9705352 ], [ 30.5642783, 59.9705223 ], [ 30.5647676, 59.9706855 ], [ 30.5653255, 59.9709217 ], [ 30.5660293, 59.9709647 ], [ 30.5591847, 59.9733329 ], [ 30.5569743, 59.9727362 ], [ 30.5561707, 59.9732775 ], [ 30.5576812, 59.9736414 ], [ 30.5582084, 59.9738116 ], [ 30.5558428, 59.9752799 ], [ 30.5556171, 59.9755596 ], [ 30.5548895, 59.9763066 ], [ 30.5546192, 59.9765945 ], [ 30.5543842, 59.9768445 ], [ 30.5543582, 59.9768721 ], [ 30.5540861, 59.9771796 ], [ 30.5540084, 59.9780725 ], [ 30.5540036, 59.9781165 ], [ 30.5540003, 59.9781525 ], [ 30.5540876, 59.9792315 ], [ 30.5517514, 59.9794518 ], [ 30.5517125, 59.9793661 ], [ 30.5515905, 59.9789071 ], [ 30.5514965, 59.9784161 ], [ 30.5512075, 59.9784349 ], [ 30.5510145, 59.9784377 ], [ 30.548434, 59.9787082 ], [ 30.548343, 59.9795033 ], [ 30.5508219, 59.9806703 ], [ 30.5516718, 59.9811921 ], [ 30.5512828, 59.9812215 ], [ 30.5508531, 59.9813736 ], [ 30.5506977, 59.9813736 ], [ 30.550492, 59.9813164 ], [ 30.5502909, 59.981273 ], [ 30.5501355, 59.981321 ], [ 30.5500395, 59.9813233 ], [ 30.5500029, 59.9812776 ], [ 30.5500395, 59.9812204 ], [ 30.5498886, 59.9811746 ], [ 30.5497058, 59.9812067 ], [ 30.5496281, 59.9811541 ], [ 30.5496647, 59.9810946 ], [ 30.5498292, 59.9810374 ], [ 30.5497378, 59.9809803 ], [ 30.5495504, 59.9809688 ], [ 30.5493675, 59.9809734 ], [ 30.5491916, 59.9808476 ], [ 30.5489379, 59.9807859 ], [ 30.5489173, 59.9807264 ], [ 30.5488602, 59.9807059 ], [ 30.5488053, 59.9807745 ], [ 30.5486956, 59.9807699 ], [ 30.5486773, 59.980683 ], [ 30.5486728, 59.980619 ], [ 30.5484168, 59.9805229 ], [ 30.5481882, 59.9805115 ], [ 30.54817, 59.9804543 ], [ 30.5479551, 59.9803697 ], [ 30.5477449, 59.9803354 ], [ 30.5475666, 59.9803583 ], [ 30.5472101, 59.9806075 ], [ 30.5465777, 59.9805458 ], [ 30.5457794, 59.9805161 ], [ 30.5446275, 59.9805183 ], [ 30.5445315, 59.9804795 ], [ 30.5444538, 59.9804955 ], [ 30.5444126, 59.9806224 ], [ 30.5439967, 59.9806178 ], [ 30.5440744, 59.9807367 ], [ 30.543983, 59.9807802 ], [ 30.5439601, 59.9808191 ], [ 30.5440607, 59.9809357 ], [ 30.5439098, 59.9810203 ], [ 30.543791, 59.9809837 ], [ 30.5429774, 59.9810603 ], [ 30.5425523, 59.9811106 ], [ 30.5424837, 59.9810626 ], [ 30.54231, 59.9810649 ], [ 30.5421363, 59.9811586 ], [ 30.5420358, 59.9811243 ], [ 30.5418758, 59.9811015 ], [ 30.541597, 59.9811529 ], [ 30.5414095, 59.981098 ], [ 30.5412221, 59.9811209 ], [ 30.5410987, 59.9812124 ], [ 30.5407193, 59.9812764 ], [ 30.5407056, 59.981313 ], [ 30.5408473, 59.9814159 ], [ 30.5407765, 59.9814651 ], [ 30.5406188, 59.9815394 ], [ 30.5405731, 59.9816354 ], [ 30.5404588, 59.9816743 ], [ 30.5404634, 59.9817795 ], [ 30.5403948, 59.9818115 ], [ 30.5401937, 59.9818149 ], [ 30.5400383, 59.9818538 ], [ 30.5396314, 59.9819361 ], [ 30.539716, 59.9819979 ], [ 30.5395697, 59.9820185 ], [ 30.5394578, 59.9819704 ], [ 30.5392909, 59.9819979 ], [ 30.5392132, 59.9820482 ], [ 30.5391904, 59.9821396 ], [ 30.5389481, 59.9821625 ], [ 30.5388224, 59.9821945 ], [ 30.5386624, 59.98227 ], [ 30.5385024, 59.9822951 ], [ 30.5383882, 59.9822197 ], [ 30.5381093, 59.9822563 ], [ 30.5381893, 59.9823569 ], [ 30.5379608, 59.9824095 ], [ 30.5379425, 59.9823203 ], [ 30.5378054, 59.9823112 ], [ 30.5376728, 59.9823729 ], [ 30.537362, 59.9823546 ], [ 30.5373208, 59.9824186 ], [ 30.5373757, 59.9824232 ], [ 30.5373665, 59.9824666 ], [ 30.5372294, 59.9824895 ], [ 30.537266, 59.9825741 ], [ 30.5374077, 59.9825993 ], [ 30.5374077, 59.9826336 ], [ 30.537266, 59.9826313 ], [ 30.537138, 59.9826016 ], [ 30.5370466, 59.9826404 ], [ 30.536914, 59.9826336 ], [ 30.5365941, 59.9825147 ], [ 30.5364706, 59.9825261 ], [ 30.5363701, 59.982581 ], [ 30.5363655, 59.9826519 ], [ 30.5365209, 59.9826907 ], [ 30.5365575, 59.9827593 ], [ 30.5362604, 59.9829423 ], [ 30.5361095, 59.9829766 ], [ 30.5360181, 59.9829468 ], [ 30.5360318, 59.9828748 ], [ 30.5361461, 59.9828142 ], [ 30.5360455, 59.9827731 ], [ 30.5358627, 59.9827959 ], [ 30.5357941, 59.982908 ], [ 30.5356799, 59.9829263 ], [ 30.5355656, 59.9828622 ], [ 30.5354239, 59.9827502 ], [ 30.5354102, 59.9826496 ], [ 30.535369, 59.982613 ], [ 30.5351908, 59.9826153 ], [ 30.5349257, 59.9825695 ], [ 30.5345371, 59.982597 ], [ 30.5344549, 59.982613 ], [ 30.5344274, 59.9826656 ], [ 30.534464, 59.9827388 ], [ 30.5343726, 59.9827685 ], [ 30.532919, 59.9827708 ], [ 30.5327088, 59.9827891 ], [ 30.5324208, 59.9826587 ], [ 30.5325168, 59.982581 ], [ 30.5323522, 59.9824895 ], [ 30.5321511, 59.9824438 ], [ 30.5320688, 59.9823043 ], [ 30.531982, 59.9822746 ], [ 30.5315477, 59.9819613 ], [ 30.5315249, 59.9818309 ], [ 30.5314792, 59.9817806 ], [ 30.5313558, 59.9817601 ], [ 30.5310724, 59.9819201 ], [ 30.5309535, 59.9818595 ], [ 30.5308667, 59.9819213 ], [ 30.5307387, 59.9820585 ], [ 30.5302907, 59.9819281 ], [ 30.5293354, 59.9820196 ], [ 30.5287823, 59.9818893 ], [ 30.528211, 59.9820425 ], [ 30.5281057, 59.9820868 ], [ 30.5287104, 59.9824137 ], [ 30.529676, 59.9827673 ], [ 30.5299592, 59.9829562 ], [ 30.5301333, 59.9830484 ], [ 30.5309197, 59.9831297 ], [ 30.5312467, 59.9832937 ], [ 30.5311978, 59.983532 ], [ 30.5308347, 59.9839051 ], [ 30.5306495, 59.9842387 ], [ 30.5308149, 59.9846074 ], [ 30.5309764, 59.9846542 ], [ 30.5311416, 59.9846681 ], [ 30.5314032, 59.9845256 ], [ 30.5314931, 59.9843144 ], [ 30.5321105, 59.9841247 ], [ 30.5323825, 59.9841134 ], [ 30.5329275, 59.9843978 ], [ 30.5331264, 59.9845148 ], [ 30.5331368, 59.9846403 ], [ 30.5327781, 59.9848512 ], [ 30.5325245, 59.9851843 ], [ 30.5325843, 59.9853251 ], [ 30.5323718, 59.9856706 ], [ 30.5323407, 59.9857607 ], [ 30.5323581, 59.9858888 ], [ 30.5324734, 59.9859956 ], [ 30.5326926, 59.9860961 ], [ 30.532972, 59.9862407 ], [ 30.5331891, 59.9864332 ], [ 30.533234, 59.9866381 ], [ 30.5330626, 59.9869365 ], [ 30.5331659, 59.9870127 ], [ 30.5336571, 59.9871144 ], [ 30.5338639, 59.9871178 ], [ 30.5340736, 59.9870992 ], [ 30.5346087, 59.9868157 ], [ 30.5347312, 59.9866478 ], [ 30.5349279, 59.9866071 ], [ 30.5353476, 59.9866548 ], [ 30.5359581, 59.9866464 ], [ 30.5362889, 59.9866365 ], [ 30.5364145, 59.9866839 ], [ 30.5364213, 59.9867874 ], [ 30.5362715, 59.9869354 ], [ 30.5362722, 59.987096 ], [ 30.5365026, 59.9874174 ], [ 30.5370285, 59.9878222 ], [ 30.5375299, 59.9879267 ], [ 30.5376978, 59.9880159 ], [ 30.5377789, 59.9881059 ], [ 30.5378065, 59.988359 ], [ 30.5379447, 59.9885857 ], [ 30.5378645, 59.9886794 ], [ 30.5375675, 59.9887527 ], [ 30.5369471, 59.988853 ], [ 30.5366317, 59.9889922 ], [ 30.5362603, 59.9890897 ], [ 30.5356572, 59.9891967 ], [ 30.5353079, 59.9891941 ], [ 30.5349658, 59.9891412 ], [ 30.5348169, 59.9889581 ], [ 30.534892, 59.9887645 ], [ 30.5348823, 59.988713 ], [ 30.5346887, 59.9886599 ], [ 30.5339571, 59.9886933 ], [ 30.533702, 59.9888018 ], [ 30.5337042, 59.9889021 ], [ 30.5341844, 59.9892223 ], [ 30.5343148, 59.989337 ], [ 30.5342777, 59.9894538 ], [ 30.5337804, 59.9897745 ], [ 30.5338304, 59.99002 ], [ 30.5337944, 59.9901282 ], [ 30.5340268, 59.9906212 ], [ 30.5341906, 59.9906564 ], [ 30.534333, 59.9906347 ], [ 30.5343465, 59.9905462 ], [ 30.5345225, 59.9904871 ], [ 30.5347235, 59.9903214 ], [ 30.5346355, 59.9901258 ], [ 30.5346668, 59.9898604 ], [ 30.5348114, 59.9898122 ], [ 30.5349709, 59.9898386 ], [ 30.5355073, 59.9902624 ], [ 30.5355924, 59.9903711 ], [ 30.5358682, 59.9905815 ], [ 30.5359989, 59.9906244 ], [ 30.5361802, 59.9906476 ], [ 30.5363418, 59.9906934 ], [ 30.5364793, 59.9907993 ], [ 30.5365298, 59.9909433 ], [ 30.5365098, 59.9910971 ], [ 30.5361425, 59.9915116 ], [ 30.5360126, 59.9918186 ], [ 30.5361215, 59.9919484 ], [ 30.5360607, 59.9921234 ], [ 30.5359235, 59.9922056 ], [ 30.5357378, 59.9922886 ], [ 30.5346946, 59.992592 ], [ 30.5243392, 59.9882123 ], [ 30.5200496, 59.9864129 ], [ 30.5174593, 59.9853367 ], [ 30.5144558, 59.9858069 ], [ 30.5125689, 59.9858383 ], [ 30.5121478, 59.9862792 ], [ 30.5116724, 59.986384 ], [ 30.510397, 59.9866353 ], [ 30.5087573, 59.9872646 ], [ 30.5080914, 59.9871314 ], [ 30.5077418, 59.9874922 ], [ 30.5082578, 59.9878808 ], [ 30.5087129, 59.9884442 ], [ 30.5088128, 59.9886552 ], [ 30.5087073, 59.9888098 ], [ 30.507476, 59.9896324 ], [ 30.5061719, 59.9905037 ], [ 30.5072589, 59.9927885 ], [ 30.5065626, 59.9937094 ], [ 30.5054149, 59.9939941 ], [ 30.5042031, 59.994492 ], [ 30.5038435, 59.99489 ], [ 30.5035476, 59.9956261 ], [ 30.5037587, 59.9962993 ], [ 30.5037292, 59.9966488 ], [ 30.503068, 59.9976691 ], [ 30.5026362, 59.9982851 ], [ 30.5032825, 59.9988708 ], [ 30.5035186, 59.9993965 ], [ 30.5029351, 59.9996721 ], [ 30.5023536, 60.0000467 ], [ 30.5017099, 60.0001799 ], [ 30.5002336, 60.0002005 ], [ 30.4997011, 60.0001743 ], [ 30.4994899, 60.0004265 ], [ 30.4999965, 60.0010632 ], [ 30.5001894, 60.0012481 ], [ 30.5002458, 60.0013735 ], [ 30.5019129, 60.0027604 ], [ 30.5029155, 60.0035945 ], [ 30.5031504, 60.0041695 ], [ 30.5033938, 60.0044965 ], [ 30.5037344, 60.0055997 ], [ 30.5042508, 60.0060881 ], [ 30.5039889, 60.0064329 ], [ 30.5039647, 60.0064843 ], [ 30.4996983, 60.0073569 ], [ 30.4994433, 60.0077429 ], [ 30.4993157, 60.0079442 ], [ 30.4992716, 60.0084019 ], [ 30.4954624, 60.0078692 ], [ 30.4947651, 60.0083712 ], [ 30.4943681, 60.0090882 ], [ 30.4939001, 60.0096608 ], [ 30.4928994, 60.009483 ], [ 30.4925099, 60.0090775 ], [ 30.4905627, 60.008385 ], [ 30.4901558, 60.0082655 ], [ 30.4898838, 60.0086519 ], [ 30.4895909, 60.0090733 ], [ 30.4894565, 60.0093068 ], [ 30.4893503, 60.0093351 ], [ 30.4892726, 60.0094129 ], [ 30.4894506, 60.0094802 ], [ 30.4891929, 60.0098597 ], [ 30.4888053, 60.0102656 ], [ 30.4887091, 60.0102688 ], [ 30.4885965, 60.0102726 ], [ 30.4883276, 60.010209 ], [ 30.4880515, 60.0102196 ], [ 30.4879587, 60.0102591 ], [ 30.4879753, 60.0102953 ], [ 30.4882709, 60.010308 ], [ 30.488462, 60.0103965 ], [ 30.4885328, 60.0104743 ], [ 30.4883488, 60.0107538 ], [ 30.4879383, 60.0111712 ], [ 30.4878463, 60.0113764 ], [ 30.4877082, 60.0119884 ], [ 30.4875572, 60.0123366 ], [ 30.4875042, 60.0124128 ], [ 30.4870996, 60.0129949 ], [ 30.4869722, 60.0130019 ], [ 30.486682, 60.0129595 ], [ 30.4866112, 60.0129878 ], [ 30.4866253, 60.0130302 ], [ 30.4870571, 60.0131505 ], [ 30.4870712, 60.0132531 ], [ 30.4869155, 60.0136457 ], [ 30.4864449, 60.0140561 ], [ 30.4863175, 60.0143709 ], [ 30.4862396, 60.0145336 ], [ 30.4857937, 60.0147034 ], [ 30.4857937, 60.0147494 ], [ 30.486091, 60.0147565 ], [ 30.4862467, 60.0148343 ], [ 30.4862412, 60.0148685 ], [ 30.4862249, 60.0149715 ], [ 30.4861617, 60.0153684 ], [ 30.4862608, 60.0156832 ], [ 30.4863657, 60.015774 ], [ 30.4867244, 60.0160157 ], [ 30.486774, 60.0161042 ], [ 30.486866, 60.0161714 ], [ 30.4866678, 60.0162457 ], [ 30.4866395, 60.0163058 ], [ 30.4870075, 60.0163306 ], [ 30.4872977, 60.0164402 ], [ 30.4877649, 60.0168576 ], [ 30.487956, 60.0171795 ], [ 30.4884514, 60.017641 ], [ 30.4886602, 60.0177171 ], [ 30.4888655, 60.0177383 ], [ 30.4890495, 60.0175402 ], [ 30.4891557, 60.0175261 ], [ 30.4893468, 60.0177825 ], [ 30.4894954, 60.0184828 ], [ 30.4896369, 60.0186578 ], [ 30.4898634, 60.0186933 ], [ 30.4898074, 60.0188368 ], [ 30.489683, 60.0192709 ], [ 30.4893469, 60.0205638 ], [ 30.4894245, 60.021166 ], [ 30.4893601, 60.0213204 ], [ 30.489476, 60.0214329 ], [ 30.4896708, 60.022434 ], [ 30.4894237, 60.0228511 ], [ 30.4891097, 60.0230563 ], [ 30.4887668, 60.0232067 ], [ 30.4886109, 60.0232734 ], [ 30.4883856, 60.0232761 ], [ 30.4880446, 60.0231837 ], [ 30.4875709, 60.0228962 ], [ 30.4871584, 60.0225877 ], [ 30.4863907, 60.0217876 ], [ 30.4843384, 60.020499 ], [ 30.4838026, 60.0203066 ], [ 30.4830636, 60.0201931 ], [ 30.4821782, 60.0202835 ], [ 30.4813504, 60.0206185 ], [ 30.480432, 60.0211708 ], [ 30.4799796, 60.0219773 ], [ 30.4798637, 60.0223921 ], [ 30.4795226, 60.022585 ], [ 30.4791553, 60.0226506 ], [ 30.4782611, 60.0226365 ], [ 30.4769085, 60.0224146 ], [ 30.4765813, 60.0224371 ], [ 30.4758688, 60.0227019 ], [ 30.4756546, 60.0229742 ], [ 30.4755173, 60.0236114 ], [ 30.4756104, 60.0239622 ], [ 30.4758348, 60.0245852 ], [ 30.4758531, 60.0247849 ], [ 30.4756417, 60.0250209 ], [ 30.4751664, 60.0251493 ], [ 30.4743223, 60.0251785 ], [ 30.4728046, 60.0249516 ], [ 30.4717994, 60.0247267 ], [ 30.4710616, 60.0244423 ], [ 30.4710295, 60.0244223 ], [ 30.4703963, 60.0238504 ], [ 30.4701372, 60.0233738 ], [ 30.4696176, 60.0230722 ], [ 30.4689192, 60.0226936 ], [ 30.4684591, 60.0225979 ], [ 30.4678799, 60.0226365 ], [ 30.4675769, 60.0227407 ], [ 30.4673209, 60.0229088 ], [ 30.4672135, 60.0230521 ], [ 30.4671011, 60.0232491 ], [ 30.466884, 60.0239355 ], [ 30.4669084, 60.0243069 ], [ 30.4667565, 60.0245432 ], [ 30.4661624, 60.0247836 ], [ 30.4657192, 60.0248901 ], [ 30.4648203, 60.0250619 ], [ 30.4642845, 60.0253715 ], [ 30.4641493, 60.0255417 ], [ 30.4642023, 60.0257561 ], [ 30.4641057, 60.0258365 ], [ 30.464376, 60.0259877 ], [ 30.4644554, 60.0261721 ], [ 30.464915, 60.026581 ], [ 30.4652487, 60.0268075 ], [ 30.4656579, 60.0269081 ], [ 30.4661742, 60.0269081 ], [ 30.4671029, 60.0268326 ], [ 30.4676822, 60.0268452 ], [ 30.4680883, 60.0269679 ], [ 30.4683654, 60.027144 ], [ 30.4684283, 60.027273 ], [ 30.4683993, 60.0273653 ], [ 30.4682394, 60.0274429 ], [ 30.4679939, 60.0274901 ], [ 30.4661522, 60.0277181 ], [ 30.4652896, 60.0278251 ], [ 30.4646694, 60.027877 ], [ 30.4641342, 60.0279147 ], [ 30.4634385, 60.027932 ], [ 30.4627585, 60.0280232 ], [ 30.4623492, 60.028127 ], [ 30.46218, 60.0283598 ], [ 30.462163, 60.0286117 ], [ 30.4627027, 60.0292849 ], [ 30.4629792, 60.0296721 ], [ 30.4637291, 60.030137 ], [ 30.4638831, 60.030358 ], [ 30.4639721, 60.030555 ], [ 30.4640119, 60.0308101 ], [ 30.4645145, 60.0312381 ], [ 30.4645452, 60.031266 ], [ 30.4651508, 60.0313533 ], [ 30.4659197, 60.0314642 ], [ 30.466236, 60.0315098 ], [ 30.466796, 60.0315484 ], [ 30.4671934, 60.0316502 ], [ 30.4675631, 60.0319118 ], [ 30.4679753, 60.0322034 ], [ 30.4680832, 60.0322797 ], [ 30.4682763, 60.0325256 ], [ 30.4682441, 60.0327684 ], [ 30.4682956, 60.033032 ], [ 30.4683921, 60.0331703 ], [ 30.4684122, 60.0333931 ], [ 30.4682312, 60.033556 ], [ 30.4677911, 60.0337317 ], [ 30.4669762, 60.0337553 ], [ 30.4652625, 60.0334536 ], [ 30.4640517, 60.0339604 ], [ 30.4624979, 60.0342166 ], [ 30.4614875, 60.03454 ], [ 30.4612935, 60.0346851 ], [ 30.4612288, 60.0349946 ], [ 30.4611966, 60.0353225 ], [ 30.4610956, 60.0356282 ], [ 30.460539, 60.0361783 ], [ 30.4598579, 60.0366179 ], [ 30.4592916, 60.037121 ], [ 30.4583365, 60.0375389 ], [ 30.450849, 60.039081 ], [ 30.4492015, 60.0394468 ], [ 30.4452965, 60.0403215 ], [ 30.4419316, 60.0409456 ], [ 30.4378491, 60.0392323 ], [ 30.4376124, 60.039133 ], [ 30.4371912, 60.0296333 ], [ 30.4371443, 60.0264734 ], [ 30.4370438, 60.0228847 ], [ 30.4371443, 60.0220176 ], [ 30.437266, 60.0210632 ], [ 30.4373722, 60.0202263 ], [ 30.437399, 60.0197442 ], [ 30.4374191, 60.0191382 ], [ 30.4372515, 60.0183848 ], [ 30.4367643, 60.0172163 ], [ 30.4364705, 60.0165343 ], [ 30.4363758, 60.0161081 ], [ 30.4363331, 60.0156677 ], [ 30.4364184, 60.0150355 ], [ 30.4365795, 60.014498 ], [ 30.437474, 60.0121987 ], [ 30.4381922, 60.0103148 ], [ 30.4400212, 60.0055167 ], [ 30.440655, 60.0038536 ], [ 30.4409046, 60.0031988 ], [ 30.4421741, 59.9998155 ], [ 30.4393551, 59.9971858 ], [ 30.4378776, 59.9959378 ], [ 30.433287, 59.9916203 ], [ 30.4272608, 59.9858927 ], [ 30.4213279, 59.9803158 ], [ 30.4211971, 59.9801797 ], [ 30.4210579, 59.9800531 ], [ 30.4135872, 59.973104 ], [ 30.4126073, 59.9721756 ], [ 30.4124752, 59.9720122 ], [ 30.4123597, 59.9718456 ], [ 30.4121544, 59.9715385 ], [ 30.4110665, 59.9689142 ], [ 30.4086961, 59.9630689 ], [ 30.4081382, 59.9616217 ], [ 30.4071928, 59.9593379 ], [ 30.4070911, 59.959158 ], [ 30.4069324, 59.9589419 ] ] ] ] } },
{ "type": "Feature", "properties": { "full_id": "r1115367", "osm_id": "1115367", "osm_type": "relation", "boundary": "administrative", "wikimedia_commons": null, "start_date": null, "sqkm": null, "short_name:uk": null, "short_name:ru": null, "short_name:be": null, "short_name": null, "name:ru:word_stress": null, "oktmo": null, "contact:website": null, "contact:vk": null, "contact:instagram": null, "okato:user": null, "loc_name": null, "old_name:de": null, "oktmo:user": null, "old_name:uk": null, "old_name": "Ждановский район", "name:etymology:wikidata": null, "alt_name": null, "official_name": null, "addr:postcode": null, "url": "http://www.gov.spb.ru/law?d&nd=8414528&nh=0&header=010000003B01#I0", "place": null, "addr:region": "Санкт-Петербург", "old_name:vi": null, "old_name:os": null, "old_name:mk": null, "old_name:ku": null, "old_name:hr": null, "old_name:fr": null, "old_name:eo": null, "old_name:en": null, "old_name:ar": null, "old_name:1924-01-26--1991-09-06": null, "old_name:1914-08-31--1924-01-26": null, "old_alt_name:vi": null, "name:tzl": null, "name:sl": null, "name:pt": null, "name:os": null, "name:nb": null, "name:mk": null, "name:lb": null, "name:ku": null, "name:ko": null, "name:gl": null, "name:fy": null, "name:eo": null, "name:da": null, "name:bg": null, "name:ast": null, "name:ar": null, "name:ab": null, "int_name": null, "alt_name:vi": null, "alt_name:mk": null, "wikipedia": "ru:Приморский район (Санкт-Петербург)", "wikidata": "Q1268519", "website": null, "type": "boundary", "timezone": null, "ref": null, "population:date": null, "population": null, "official_status": null, "name:zh-Hant": "海濱區", "name:zh-Hans": "海滨区", "name:zh": "海滨区", "name:vi": null, "name:uk": "Приморський район", "name:tt": null, "name:tk": null, "name:sv": null, "name:sr": null, "name:sk": null, "name:ru": "Приморский район", "name:ro": null, "name:pl": "rejon primorski", "name:nl": null, "name:mhr": null, "name:lv": null, "name:lt": null, "name:kv": null, "name:kbd": null, "name:ja": null, "name:it": null, "name:hu": null, "name:hr": null, "name:fr": null, "name:fi": null, "name:et": null, "name:es": null, "name:en": "Primorsky District", "name:el": null, "name:de": null, "name:cu": null, "name:cs": null, "name:ce": null, "name:ca": null, "name:be-tarask": null, "name:be": null, "name:af": null, "name": "Приморский район", "is_in:country_code": null, "is_in:country": null, "int_ref": null, "gost_7.67-2003": null, "admin_level": "5", "addr:country": "RU", "ISO3166-2": null }, "geometry": { "type": "MultiPolygon", "coordinates": [ [ [ [ 30.321754, 59.9784684 ], [ 30.3202157, 59.9791124 ], [ 30.3147635, 59.9799009 ], [ 30.3134658, 59.9801304 ], [ 30.3062975, 59.981398 ], [ 30.2995086, 59.9825515 ], [ 30.293761, 59.9826922 ], [ 30.29035, 59.9827757 ], [ 30.2837319, 59.9823485 ], [ 30.2773486, 59.9815368 ], [ 30.2732069, 59.9813446 ], [ 30.2685743, 59.9819 ], [ 30.2664821, 59.9823165 ], [ 30.2641337, 59.9825408 ], [ 30.2605472, 59.9825728 ], [ 30.2564466, 59.9824793 ], [ 30.2537141, 59.982417 ], [ 30.2529684, 59.9824019 ], [ 30.2458592, 59.9820281 ], [ 30.2369995, 59.981163 ], [ 30.2312788, 59.9794673 ], [ 30.2265191, 59.9789221 ], [ 30.2264833, 59.9800892 ], [ 30.2262574, 59.9801158 ], [ 30.2260714, 59.9802288 ], [ 30.2259597, 59.9803989 ], [ 30.2257038, 59.9808148 ], [ 30.2254976, 59.9811012 ], [ 30.2254335, 59.9811712 ], [ 30.2251593, 59.9814708 ], [ 30.2251052, 59.9815076 ], [ 30.2249175, 59.9815185 ], [ 30.2247032, 59.9815101 ], [ 30.2238998, 59.981462 ], [ 30.2236391, 59.9814741 ], [ 30.2234597, 59.9815091 ], [ 30.2233375, 59.9815639 ], [ 30.2232331, 59.9816781 ], [ 30.2231788, 59.9818084 ], [ 30.2232023, 59.9818821 ], [ 30.2232572, 59.981966 ], [ 30.2232512, 59.9821196 ], [ 30.2232917, 59.9825526 ], [ 30.2232024, 59.9828203 ], [ 30.2230263, 59.9828547 ], [ 30.2227499, 59.9828917 ], [ 30.2225808, 59.9828956 ], [ 30.2224127, 59.9828995 ], [ 30.2223591, 59.9829003 ], [ 30.2221976, 59.982865 ], [ 30.2220794, 59.9827911 ], [ 30.2219633, 59.9826531 ], [ 30.2219201, 59.9824777 ], [ 30.2219782, 59.9823424 ], [ 30.2219306, 59.9821512 ], [ 30.2217809, 59.9820239 ], [ 30.2212795, 59.981859 ], [ 30.2209553, 59.9818423 ], [ 30.2206495, 59.9818462 ], [ 30.2194911, 59.9820578 ], [ 30.219316, 59.9820376 ], [ 30.2191023, 59.9819639 ], [ 30.2190338, 59.9818945 ], [ 30.2190594, 59.9818517 ], [ 30.2190854, 59.9818082 ], [ 30.2191525, 59.9817254 ], [ 30.2192541, 59.9816206 ], [ 30.2189943, 59.9814302 ], [ 30.218984, 59.9813752 ], [ 30.2188674, 59.9813351 ], [ 30.2188312, 59.9813456 ], [ 30.2187413, 59.9813878 ], [ 30.2186102, 59.9814367 ], [ 30.2184668, 59.9814547 ], [ 30.2183354, 59.9814587 ], [ 30.2180725, 59.9814909 ], [ 30.2177386, 59.9815842 ], [ 30.2174865, 59.9816446 ], [ 30.2172679, 59.9817271 ], [ 30.2172135, 59.9818185 ], [ 30.2171145, 59.981871 ], [ 30.2170822, 59.981909 ], [ 30.2170602, 59.9819354 ], [ 30.2170132, 59.9819443 ], [ 30.2169441, 59.9819306 ], [ 30.2169054, 59.9818992 ], [ 30.216892, 59.9817828 ], [ 30.2167743, 59.9817009 ], [ 30.2166912, 59.9816056 ], [ 30.2165923, 59.9815596 ], [ 30.2164702, 59.9814396 ], [ 30.216424, 59.9814094 ], [ 30.2163339, 59.9813934 ], [ 30.2152911, 59.981336 ], [ 30.2146769, 59.9813011 ], [ 30.214568, 59.981272 ], [ 30.2145427, 59.981238 ], [ 30.2145505, 59.9811993 ], [ 30.2146538, 59.9811315 ], [ 30.2147412, 59.9811266 ], [ 30.2148217, 59.9811374 ], [ 30.215334, 59.9812826 ], [ 30.215385, 59.9813051 ], [ 30.2154654, 59.9813118 ], [ 30.2155218, 59.9812836 ], [ 30.2155647, 59.9812568 ], [ 30.2155673, 59.9812232 ], [ 30.2155298, 59.9811816 ], [ 30.2151867, 59.981012 ], [ 30.2149585, 59.9809669 ], [ 30.2148907, 59.9808475 ], [ 30.2147042, 59.9807435 ], [ 30.2145317, 59.9806864 ], [ 30.2142789, 59.980659 ], [ 30.2140409, 59.9805749 ], [ 30.2138674, 59.9805354 ], [ 30.2136423, 59.9805124 ], [ 30.2134317, 59.9804025 ], [ 30.2132399, 59.9802913 ], [ 30.2129642, 59.9802108 ], [ 30.2126839, 59.9801709 ], [ 30.2122901, 59.9801323 ], [ 30.2121707, 59.9800979 ], [ 30.2117613, 59.980018 ], [ 30.2112254, 59.9799715 ], [ 30.2107538, 59.9798514 ], [ 30.2106314, 59.9798094 ], [ 30.2104808, 59.97979 ], [ 30.2103692, 59.9797697 ], [ 30.2100316, 59.9796988 ], [ 30.2098013, 59.9796484 ], [ 30.2094983, 59.9795847 ], [ 30.2092518, 59.9795484 ], [ 30.2090014, 59.9794852 ], [ 30.2086806, 59.9794353 ], [ 30.2080276, 59.9793598 ], [ 30.2077853, 59.9793777 ], [ 30.2075368, 59.9793634 ], [ 30.2067, 59.9793835 ], [ 30.2063056, 59.979401 ], [ 30.2057273, 59.9794627 ], [ 30.2051855, 59.9794683 ], [ 30.2046499, 59.9793634 ], [ 30.2044922, 59.9793001 ], [ 30.2044087, 59.9792604 ], [ 30.204347, 59.9791612 ], [ 30.2043648, 59.9791268 ], [ 30.2044878, 59.9790861 ], [ 30.2046241, 59.9789597 ], [ 30.2046307, 59.9788092 ], [ 30.2045357, 59.9786582 ], [ 30.2042866, 59.9785435 ], [ 30.2039961, 59.978509 ], [ 30.2037206, 59.9785321 ], [ 30.2035342, 59.978587 ], [ 30.2033837, 59.978675 ], [ 30.2032821, 59.9787828 ], [ 30.2032848, 59.9788946 ], [ 30.2033739, 59.978991 ], [ 30.2035976, 59.9791195 ], [ 30.203815, 59.9791692 ], [ 30.2039832, 59.9791853 ], [ 30.2040709, 59.9792105 ], [ 30.2041431, 59.9793177 ], [ 30.2041222, 59.9793627 ], [ 30.2040815, 59.9794179 ], [ 30.2039671, 59.9794818 ], [ 30.2036575, 59.9796047 ], [ 30.20323, 59.9796652 ], [ 30.2026336, 59.9798416 ], [ 30.2022375, 59.9799846 ], [ 30.201754, 59.9801779 ], [ 30.2013995, 59.9802998 ], [ 30.2005872, 59.9805791 ], [ 30.1996257, 59.9808784 ], [ 30.1989698, 59.9810631 ], [ 30.1982289, 59.9812509 ], [ 30.1969239, 59.9815456 ], [ 30.1959658, 59.9817721 ], [ 30.1955532, 59.981858 ], [ 30.1952094, 59.9819304 ], [ 30.1947771, 59.9819918 ], [ 30.1943026, 59.9819936 ], [ 30.1938727, 59.9819563 ], [ 30.1935157, 59.981848 ], [ 30.1931504, 59.981808 ], [ 30.1929739, 59.9817552 ], [ 30.1928667, 59.9816161 ], [ 30.1928002, 59.9813912 ], [ 30.192826, 59.9811444 ], [ 30.1930695, 59.9811474 ], [ 30.1932487, 59.9811205 ], [ 30.1934037, 59.9810589 ], [ 30.193524, 59.9809329 ], [ 30.193579, 59.980815 ], [ 30.1935553, 59.9806904 ], [ 30.193422, 59.9805893 ], [ 30.1932137, 59.9805238 ], [ 30.1929219, 59.9805028 ], [ 30.1926704, 59.9805284 ], [ 30.1924851, 59.9806244 ], [ 30.1923808, 59.980735 ], [ 30.1923409, 59.980862 ], [ 30.1923774, 59.9809833 ], [ 30.1925219, 59.9810788 ], [ 30.1927009, 59.9811328 ], [ 30.1926392, 59.9812799 ], [ 30.192621, 59.9813989 ], [ 30.1927036, 59.9816211 ], [ 30.1928213, 59.9818102 ], [ 30.1927448, 59.9819364 ], [ 30.1924983, 59.9820653 ], [ 30.1921606, 59.9821521 ], [ 30.1915026, 59.9821842 ], [ 30.1911721, 59.9822113 ], [ 30.1907821, 59.9822723 ], [ 30.1905544, 59.982238 ], [ 30.1903758, 59.9822534 ], [ 30.1900614, 59.9823505 ], [ 30.1898741, 59.9825199 ], [ 30.1896783, 59.9827353 ], [ 30.1895311, 59.9827785 ], [ 30.189163, 59.9828034 ], [ 30.1889491, 59.9828039 ], [ 30.1887568, 59.9828137 ], [ 30.188583, 59.9828395 ], [ 30.1884502, 59.9828896 ], [ 30.1883896, 59.9829698 ], [ 30.18822, 59.9830268 ], [ 30.1881452, 59.983053 ], [ 30.1879876, 59.983134 ], [ 30.1878422, 59.9832418 ], [ 30.1877877, 59.9833098 ], [ 30.1878035, 59.983368 ], [ 30.1878199, 59.9834433 ], [ 30.1879075, 59.9835218 ], [ 30.1880881, 59.9835903 ], [ 30.1883119, 59.9836187 ], [ 30.1883304, 59.9836211 ], [ 30.1885328, 59.9836282 ], [ 30.1888657, 59.9838191 ], [ 30.188589, 59.9841469 ], [ 30.1877554, 59.9852616 ], [ 30.1876535, 59.9853903 ], [ 30.1867373, 59.9852526 ], [ 30.1863366, 59.9852426 ], [ 30.1860362, 59.9852634 ], [ 30.1857372, 59.9853244 ], [ 30.1855065, 59.9854029 ], [ 30.1843236, 59.9859771 ], [ 30.1863632, 59.9869883 ], [ 30.1862941, 59.98706 ], [ 30.1861832, 59.9871618 ], [ 30.1860167, 59.9875586 ], [ 30.1857225, 59.9879021 ], [ 30.1856343, 59.9881564 ], [ 30.1854524, 59.9882975 ], [ 30.1854413, 59.9884516 ], [ 30.1850451, 59.9890005 ], [ 30.1851629, 59.9890318 ], [ 30.1851651, 59.9890896 ], [ 30.1843028, 59.9896024 ], [ 30.1841893, 59.9896734 ], [ 30.1835793, 59.9896512 ], [ 30.181583, 59.9894097 ], [ 30.1802978, 59.9892658 ], [ 30.1791638, 59.9891481 ], [ 30.1791151, 59.9891483 ], [ 30.179086, 59.9891547 ], [ 30.1790638, 59.9891672 ], [ 30.1790401, 59.9891889 ], [ 30.1789259, 59.9891763 ], [ 30.1788117, 59.9891636 ], [ 30.1788077, 59.9891574 ], [ 30.1787996, 59.9891239 ], [ 30.1787835, 59.9891118 ], [ 30.1787587, 59.9891019 ], [ 30.1787728, 59.9890789 ], [ 30.178801, 59.9890781 ], [ 30.1788077, 59.9886771 ], [ 30.1788197, 59.9886483 ], [ 30.1788446, 59.9886231 ], [ 30.1788734, 59.9886057 ], [ 30.1789009, 59.988594 ], [ 30.1789706, 59.9885799 ], [ 30.1790464, 59.9885775 ], [ 30.1801002, 59.9885777 ], [ 30.180144, 59.9885865 ], [ 30.1801843, 59.9885987 ], [ 30.1802165, 59.9886148 ], [ 30.1802473, 59.9886396 ], [ 30.1802735, 59.9886317 ], [ 30.1803681, 59.9886963 ], [ 30.1804566, 59.9887503 ], [ 30.1805974, 59.9888063 ], [ 30.1807455, 59.9888512 ], [ 30.1807255, 59.988871 ], [ 30.1808554, 59.9889332 ], [ 30.1810379, 59.9889944 ], [ 30.1812673, 59.9890373 ], [ 30.1815355, 59.9890568 ], [ 30.1817642, 59.9890432 ], [ 30.1819338, 59.9890152 ], [ 30.1819821, 59.9890313 ], [ 30.1821162, 59.9890139 ], [ 30.1822677, 59.988987 ], [ 30.1823415, 59.9889669 ], [ 30.1823743, 59.9889495 ], [ 30.1823824, 59.9889307 ], [ 30.1823784, 59.9889065 ], [ 30.1823596, 59.9888834 ], [ 30.1822892, 59.9888261 ], [ 30.1823703, 59.9887281 ], [ 30.1825172, 59.9885551 ], [ 30.1825795, 59.9884786 ], [ 30.182601, 59.9884508 ], [ 30.1826064, 59.9884216 ], [ 30.1826023, 59.9883961 ], [ 30.1825961, 59.9883773 ], [ 30.1825608, 59.9883444 ], [ 30.1825118, 59.9883179 ], [ 30.1824166, 59.9882579 ], [ 30.1823254, 59.9881915 ], [ 30.1822154, 59.9880949 ], [ 30.1821323, 59.9880151 ], [ 30.1820531, 59.9878755 ], [ 30.1819874, 59.9877327 ], [ 30.1819606, 59.9876334 ], [ 30.181805, 59.9859047 ], [ 30.1818265, 59.9858678 ], [ 30.1818386, 59.9858161 ], [ 30.1818319, 59.9857672 ], [ 30.1817957, 59.9857095 ], [ 30.1817366, 59.9856531 ], [ 30.1816683, 59.9856109 ], [ 30.1815958, 59.9855854 ], [ 30.1815194, 59.9855632 ], [ 30.1814336, 59.9855438 ], [ 30.1813504, 59.985533 ], [ 30.1812726, 59.9855283 ], [ 30.1812015, 59.9855304 ], [ 30.1805766, 59.9856021 ], [ 30.1803365, 59.9856451 ], [ 30.1801461, 59.9856954 ], [ 30.1797465, 59.9857953 ], [ 30.1796097, 59.9858195 ], [ 30.1794112, 59.9858437 ], [ 30.1791872, 59.985851 ], [ 30.1716321, 59.9858759 ], [ 30.1715131, 59.9858725 ], [ 30.1703545, 59.9857746 ], [ 30.1702687, 59.9854772 ], [ 30.1700127, 59.9854747 ], [ 30.1695489, 59.9854374 ], [ 30.169078, 59.9856982 ], [ 30.1683321, 59.9856287 ], [ 30.1680869, 59.985586 ], [ 30.1680171, 59.9855639 ], [ 30.1679644, 59.9855409 ], [ 30.1678911, 59.9855163 ], [ 30.1677858, 59.985494 ], [ 30.1674246, 59.9855174 ], [ 30.1672461, 59.9855346 ], [ 30.1670051, 59.98477 ], [ 30.1669354, 59.98472 ], [ 30.1668169, 59.9846951 ], [ 30.1666819, 59.9846942 ], [ 30.1667559, 59.9848675 ], [ 30.1653712, 59.9850289 ], [ 30.1655777, 59.9854727 ], [ 30.1632256, 59.985752 ], [ 30.1621543, 59.9834525 ], [ 30.1631692, 59.98333 ], [ 30.1663063, 59.9829512 ], [ 30.1667786, 59.983967 ], [ 30.1668504, 59.984033 ], [ 30.1669724, 59.9840893 ], [ 30.1670861, 59.9841119 ], [ 30.1671981, 59.9841138 ], [ 30.1673439, 59.9840947 ], [ 30.1674539, 59.9840431 ], [ 30.1675022, 59.983976 ], [ 30.1675129, 59.9838982 ], [ 30.1674767, 59.9837841 ], [ 30.1673465, 59.9837995 ], [ 30.1668504, 59.9827637 ], [ 30.1667136, 59.9826241 ], [ 30.1665499, 59.9825571 ], [ 30.1663542, 59.9825154 ], [ 30.1661503, 59.9825235 ], [ 30.1611292, 59.9831139 ], [ 30.1609254, 59.9832105 ], [ 30.1608395, 59.983291 ], [ 30.1607752, 59.9833608 ], [ 30.1607859, 59.9835057 ], [ 30.1619553, 59.9859906 ], [ 30.1620602, 59.9861297 ], [ 30.1621202, 59.9861314 ], [ 30.1621489, 59.9863241 ], [ 30.1621505, 59.986415 ], [ 30.1618824, 59.9866293 ], [ 30.161522, 59.9867939 ], [ 30.1610309, 59.9869513 ], [ 30.1606165, 59.9871074 ], [ 30.1602345, 59.9872478 ], [ 30.1596956, 59.9873685 ], [ 30.1593236, 59.987437 ], [ 30.1578653, 59.9876122 ], [ 30.156087, 59.9877568 ], [ 30.1495258, 59.9881858 ], [ 30.1492444, 59.9880889 ], [ 30.1486436, 59.9880392 ], [ 30.1481552, 59.9880338 ], [ 30.1477826, 59.9881465 ], [ 30.1467794, 59.9882364 ], [ 30.1458323, 59.9882882 ], [ 30.1454517, 59.9883102 ], [ 30.1451823, 59.9883016 ], [ 30.1448616, 59.9882552 ], [ 30.1445111, 59.9881446 ], [ 30.1438799, 59.9881868 ], [ 30.143609, 59.98816 ], [ 30.1433824, 59.9881022 ], [ 30.1432698, 59.9880003 ], [ 30.1430337, 59.9879023 ], [ 30.1429264, 59.9878943 ], [ 30.1428728, 59.9879144 ], [ 30.1429041, 59.9879953 ], [ 30.141871, 59.9880535 ], [ 30.1415054, 59.9879682 ], [ 30.1413144, 59.9879292 ], [ 30.1409604, 59.9879332 ], [ 30.1408638, 59.9879681 ], [ 30.1408746, 59.9880325 ], [ 30.1406949, 59.9880539 ], [ 30.1406224, 59.9880204 ], [ 30.1404695, 59.9880137 ], [ 30.1404749, 59.9879654 ], [ 30.1404347, 59.9879345 ], [ 30.1401865, 59.9879655 ], [ 30.1401128, 59.9880325 ], [ 30.1400174, 59.9881013 ], [ 30.1395578, 59.9881239 ], [ 30.1388763, 59.9880338 ], [ 30.1383117, 59.9880781 ], [ 30.1377819, 59.988376 ], [ 30.1373727, 59.9884294 ], [ 30.136913, 59.9885183 ], [ 30.1363757, 59.9886222 ], [ 30.1352258, 59.988714 ], [ 30.134684, 59.9887703 ], [ 30.1344534, 59.9888066 ], [ 30.1340122, 59.9888044 ], [ 30.133697, 59.9887838 ], [ 30.133469, 59.988659 ], [ 30.1332383, 59.9886523 ], [ 30.1330599, 59.9886335 ], [ 30.1328333, 59.9885745 ], [ 30.1327019, 59.9885383 ], [ 30.1325248, 59.9885503 ], [ 30.1323871, 59.9886168 ], [ 30.1319508, 59.9886262 ], [ 30.131586, 59.9887503 ], [ 30.1310239, 59.9888063 ], [ 30.1304059, 59.988655 ], [ 30.1302396, 59.9885342 ], [ 30.1300384, 59.9884309 ], [ 30.1298225, 59.9884189 ], [ 30.1294708, 59.9884994 ], [ 30.1293169, 59.9884833 ], [ 30.1290998, 59.9884408 ], [ 30.1286665, 59.988496 ], [ 30.1284076, 59.9885302 ], [ 30.128317, 59.9884983 ], [ 30.1282811, 59.9883984 ], [ 30.1280209, 59.988398 ], [ 30.1278333, 59.9884382 ], [ 30.1278162, 59.9885635 ], [ 30.127151, 59.9886449 ], [ 30.1267281, 59.9887683 ], [ 30.1256594, 59.9890153 ], [ 30.125075, 59.9891232 ], [ 30.1244735, 59.9892062 ], [ 30.1222975, 59.9896239 ], [ 30.1217075, 59.9897913 ], [ 30.120987, 59.9899199 ], [ 30.120302, 59.989904 ], [ 30.1196648, 59.9899682 ], [ 30.1190789, 59.9899221 ], [ 30.1185122, 59.989907 ], [ 30.1179349, 59.9898637 ], [ 30.1172544, 59.9897514 ], [ 30.1169704, 59.9896745 ], [ 30.1167482, 59.9896491 ], [ 30.1162769, 59.9896258 ], [ 30.115934, 59.9896377 ], [ 30.1158486, 59.9896945 ], [ 30.1157056, 59.989746 ], [ 30.1154406, 59.989748 ], [ 30.115222, 59.9898011 ], [ 30.114853, 59.9898567 ], [ 30.1144693, 59.9898033 ], [ 30.1141979, 59.9898245 ], [ 30.1136298, 59.9896863 ], [ 30.1129839, 59.9895963 ], [ 30.1121993, 59.9895697 ], [ 30.1117074, 59.9895531 ], [ 30.111115, 59.9895483 ], [ 30.1106353, 59.9895706 ], [ 30.1102836, 59.9895976 ], [ 30.1101458, 59.9896571 ], [ 30.1100831, 59.9897258 ], [ 30.1094972, 59.9897329 ], [ 30.1080267, 59.9898732 ], [ 30.1076105, 59.989957 ], [ 30.1073872, 59.989963 ], [ 30.1070886, 59.9899412 ], [ 30.1067768, 59.9898727 ], [ 30.1062933, 59.9899177 ], [ 30.1056944, 59.9898806 ], [ 30.105435, 59.9899304 ], [ 30.1046138, 59.990282 ], [ 30.1039134, 59.990436 ], [ 30.1033511, 59.9906315 ], [ 30.102722, 59.9909372 ], [ 30.1015966, 59.9911847 ], [ 30.1012325, 59.9913286 ], [ 30.1009227, 59.9913661 ], [ 30.1005695, 59.9913386 ], [ 30.1001143, 59.9912667 ], [ 30.0998569, 59.9912227 ], [ 30.0995952, 59.9910992 ], [ 30.0997184, 59.9907993 ], [ 30.0994522, 59.990596 ], [ 30.0994992, 59.9905463 ], [ 30.0993933, 59.9904962 ], [ 30.0992197, 59.9905068 ], [ 30.0989297, 59.9906072 ], [ 30.0988421, 59.9907425 ], [ 30.0989477, 59.9909777 ], [ 30.0987182, 59.9909945 ], [ 30.0985032, 59.9909547 ], [ 30.0978959, 59.9907027 ], [ 30.0971878, 59.9904758 ], [ 30.0971467, 59.9904804 ], [ 30.0970633, 59.9905264 ], [ 30.0970164, 59.9905566 ], [ 30.0970244, 59.9905949 ], [ 30.0972578, 59.9907196 ], [ 30.0979817, 59.9909947 ], [ 30.0980019, 59.9911594 ], [ 30.0979318, 59.9911814 ], [ 30.0976048, 59.9911642 ], [ 30.0974399, 59.9911978 ], [ 30.0974485, 59.9913705 ], [ 30.0977974, 59.9913112 ], [ 30.098094, 59.9913171 ], [ 30.0982601, 59.991401 ], [ 30.0981287, 59.9915309 ], [ 30.0982718, 59.9916375 ], [ 30.0982043, 59.9918067 ], [ 30.0983086, 59.9919176 ], [ 30.0983159, 59.9920181 ], [ 30.0981818, 59.9922086 ], [ 30.0979659, 59.9923092 ], [ 30.0977433, 59.9923864 ], [ 30.0975599, 59.9923937 ], [ 30.0974469, 59.9923803 ], [ 30.0973117, 59.9923427 ], [ 30.0972162, 59.9922046 ], [ 30.0970794, 59.9920792 ], [ 30.0969239, 59.9919175 ], [ 30.0968715, 59.9918051 ], [ 30.096942, 59.9916178 ], [ 30.096765, 59.9914307 ], [ 30.0960377, 59.9915075 ], [ 30.0956351, 59.991998 ], [ 30.0952166, 59.9926365 ], [ 30.0951227, 59.9928116 ], [ 30.0950074, 59.9929638 ], [ 30.0947875, 59.9930899 ], [ 30.0935993, 59.9935446 ], [ 30.0922903, 59.9938974 ], [ 30.0914347, 59.9940933 ], [ 30.0908366, 59.9941644 ], [ 30.0902331, 59.9942126 ], [ 30.0894392, 59.9942086 ], [ 30.0887176, 59.9941939 ], [ 30.0883555, 59.9941214 ], [ 30.0880337, 59.9941281 ], [ 30.0877252, 59.994214 ], [ 30.0874409, 59.9942569 ], [ 30.0869983, 59.9942958 ], [ 30.086368, 59.9943293 ], [ 30.0860971, 59.9943682 ], [ 30.0857484, 59.9944045 ], [ 30.0854132, 59.9944433 ], [ 30.0849277, 59.9944501 ], [ 30.084241, 59.9944648 ], [ 30.0835893, 59.9943562 ], [ 30.0827739, 59.9943682 ], [ 30.0820953, 59.9944353 ], [ 30.0814354, 59.9944997 ], [ 30.0809044, 59.9945493 ], [ 30.0803143, 59.994607 ], [ 30.0798583, 59.9946727 ], [ 30.0788337, 59.9948364 ], [ 30.0783241, 59.9949303 ], [ 30.0779003, 59.9950563 ], [ 30.0774121, 59.9951395 ], [ 30.0767523, 59.9953031 ], [ 30.0760978, 59.9954829 ], [ 30.07532, 59.995625 ], [ 30.0743866, 59.995837 ], [ 30.072965, 59.9961052 ], [ 30.071125, 59.9963225 ], [ 30.0694513, 59.9965639 ], [ 30.0682712, 59.9967034 ], [ 30.0671822, 59.996808 ], [ 30.066179, 59.9968402 ], [ 30.065605, 59.9968268 ], [ 30.065015, 59.9967893 ], [ 30.0644785, 59.9967276 ], [ 30.0639152, 59.9966873 ], [ 30.0634056, 59.9965854 ], [ 30.062837, 59.9965103 ], [ 30.0615442, 59.9964378 ], [ 30.0611043, 59.9964459 ], [ 30.0608307, 59.9964835 ], [ 30.0601709, 59.9967141 ], [ 30.0590122, 59.9972319 ], [ 30.0586474, 59.9974143 ], [ 30.0581914, 59.9975242 ], [ 30.0570917, 59.9977254 ], [ 30.0563246, 59.9978595 ], [ 30.0551659, 59.9980446 ], [ 30.0536156, 59.9982136 ], [ 30.0522315, 59.9982485 ], [ 30.051561, 59.9982029 ], [ 30.0509977, 59.9981626 ], [ 30.0504291, 59.9981305 ], [ 30.0486857, 59.9981305 ], [ 30.0470442, 59.9982351 ], [ 30.0459015, 59.9982646 ], [ 30.045011, 59.9983611 ], [ 30.0442332, 59.9983182 ], [ 30.0433803, 59.9980366 ], [ 30.0422859, 59.9977683 ], [ 30.0415349, 59.9976396 ], [ 30.0408751, 59.9975819 ], [ 30.0401884, 59.9976168 ], [ 30.0397888, 59.9976221 ], [ 30.0394803, 59.9976812 ], [ 30.0390646, 59.9977214 ], [ 30.038453, 59.9978019 ], [ 30.037985, 59.9978495 ], [ 30.0376229, 59.9978857 ], [ 30.0371669, 59.9979367 ], [ 30.0365943, 59.997995 ], [ 30.0360082, 59.9980936 ], [ 30.0355281, 59.9981613 ], [ 30.0350547, 59.9981948 ], [ 30.0347865, 59.9982029 ], [ 30.0345612, 59.9981787 ], [ 30.0344056, 59.9981626 ], [ 30.0340033, 59.9980661 ], [ 30.033617, 59.9979776 ], [ 30.0332951, 59.997822 ], [ 30.0329304, 59.9976342 ], [ 30.0328231, 59.9974679 ], [ 30.0327372, 59.9972077 ], [ 30.032587, 59.9970226 ], [ 30.032351, 59.9969448 ], [ 30.032056, 59.9969824 ], [ 30.0316805, 59.9971111 ], [ 30.0313801, 59.9971755 ], [ 30.0309241, 59.997256 ], [ 30.0303394, 59.9972909 ], [ 30.0298566, 59.9973016 ], [ 30.029403, 59.9973 ], [ 30.0286549, 59.9972748 ], [ 30.0275981, 59.9972962 ], [ 30.0271368, 59.9972775 ], [ 30.0266057, 59.9972426 ], [ 30.0261873, 59.9972158 ], [ 30.0255972, 59.9971997 ], [ 30.0251895, 59.9971889 ], [ 30.02424, 59.9971541 ], [ 30.0236231, 59.9971353 ], [ 30.0231779, 59.9971728 ], [ 30.0224215, 59.9972024 ], [ 30.021987, 59.9971514 ], [ 30.0215793, 59.9970736 ], [ 30.021193, 59.9970039 ], [ 30.0208551, 59.9968912 ], [ 30.0204742, 59.99669 ], [ 30.0202328, 59.9964352 ], [ 30.0199163, 59.9962581 ], [ 30.01966, 59.9961 ], [ 30.0194466, 59.9960039 ], [ 30.01888, 59.99599 ], [ 30.018348, 59.995888 ], [ 30.0177729, 59.9958966 ], [ 30.017297, 59.9958164 ], [ 30.0170155, 59.9957726 ], [ 30.0169887, 59.9957545 ], [ 30.0171912, 59.9955519 ], [ 30.0173199, 59.9954292 ], [ 30.0173588, 59.9953749 ], [ 30.0174326, 59.9952884 ], [ 30.0176176, 59.9951569 ], [ 30.017686, 59.9951261 ], [ 30.0177585, 59.9951133 ], [ 30.0178121, 59.9950832 ], [ 30.0178926, 59.9950382 ], [ 30.017969, 59.9949846 ], [ 30.0180253, 59.9949437 ], [ 30.0180736, 59.9949175 ], [ 30.0181393, 59.9948639 ], [ 30.018193, 59.9948156 ], [ 30.0182922, 59.9947552 ], [ 30.0183257, 59.9947425 ], [ 30.0183848, 59.9947062 ], [ 30.018425, 59.994662 ], [ 30.0184263, 59.9946399 ], [ 30.0185215, 59.9945929 ], [ 30.0185873, 59.9945419 ], [ 30.0187522, 59.9944742 ], [ 30.0188783, 59.9943984 ], [ 30.019231, 59.9942173 ], [ 30.0192498, 59.9941945 ], [ 30.0191773, 59.9942039 ], [ 30.0190781, 59.9942334 ], [ 30.0190057, 59.994279 ], [ 30.0189815, 59.9943099 ], [ 30.0189359, 59.9943387 ], [ 30.018885, 59.9943588 ], [ 30.0187978, 59.9943897 ], [ 30.0187522, 59.9944085 ], [ 30.0184706, 59.9945513 ], [ 30.018374, 59.994607 ], [ 30.0183029, 59.9946405 ], [ 30.0182345, 59.9946741 ], [ 30.0182118, 59.9946982 ], [ 30.0181688, 59.9947136 ], [ 30.0180709, 59.9947881 ], [ 30.017969, 59.9948632 ], [ 30.0178738, 59.9949195 ], [ 30.0177477, 59.9949873 ], [ 30.0175318, 59.9951207 ], [ 30.0173293, 59.9952723 ], [ 30.0170742, 59.9954929 ], [ 30.0170302, 59.9955305 ], [ 30.0170061, 59.9955472 ], [ 30.0169685, 59.9956029 ], [ 30.0169162, 59.9956391 ], [ 30.0168545, 59.9957382 ], [ 30.0167392, 59.9958443 ], [ 30.0166494, 59.9959007 ], [ 30.016585, 59.9959436 ], [ 30.0165179, 59.9959765 ], [ 30.0165153, 59.9960006 ], [ 30.016475, 59.9960321 ], [ 30.01642, 59.996073 ], [ 30.0163664, 59.9961253 ], [ 30.0161652, 59.996289 ], [ 30.0160539, 59.9964177 ], [ 30.0159855, 59.9964915 ], [ 30.0159386, 59.99657 ], [ 30.0158192, 59.9967175 ], [ 30.0156529, 59.996863 ], [ 30.0155658, 59.9969354 ], [ 30.0154719, 59.9970159 ], [ 30.0153995, 59.9970837 ], [ 30.0152305, 59.9971755 ], [ 30.0150534, 59.997258 ], [ 30.0149126, 59.9973264 ], [ 30.0148496, 59.9973532 ], [ 30.0147074, 59.9974183 ], [ 30.0146149, 59.997482 ], [ 30.0145331, 59.9975276 ], [ 30.0144285, 59.997604 ], [ 30.0142206, 59.9978066 ], [ 30.0141455, 59.9979065 ], [ 30.0140771, 59.9979668 ], [ 30.0140047, 59.9980728 ], [ 30.0139242, 59.998225 ], [ 30.0139095, 59.9982525 ], [ 30.0138907, 59.9982894 ], [ 30.0138625, 59.998288 ], [ 30.013833, 59.9982994 ], [ 30.013825, 59.998331 ], [ 30.013829, 59.998345 ], [ 30.0138451, 59.9983524 ], [ 30.0138438, 59.9983638 ], [ 30.0138706, 59.9984121 ], [ 30.0139149, 59.9984215 ], [ 30.0139363, 59.9984502 ], [ 30.013935, 59.9986649 ], [ 30.0139524, 59.9987347 ], [ 30.0139658, 59.9988292 ], [ 30.0139685, 59.9988916 ], [ 30.0139739, 59.998964 ], [ 30.0139819, 59.9990049 ], [ 30.0140154, 59.9990632 ], [ 30.0140825, 59.9991779 ], [ 30.0141473, 59.9992119 ], [ 30.0141455, 59.9992248 ], [ 30.0141697, 59.9992919 ], [ 30.0142281, 59.9993361 ], [ 30.0142743, 59.9993811 ], [ 30.0143279, 59.9993824 ], [ 30.0143936, 59.9993918 ], [ 30.0144593, 59.9994441 ], [ 30.0145036, 59.999485 ], [ 30.0145948, 59.9995554 ], [ 30.0146484, 59.9995655 ], [ 30.0148563, 59.9994998 ], [ 30.0150213, 59.9994636 ], [ 30.0151151, 59.9994555 ], [ 30.0153029, 59.9994213 ], [ 30.0155041, 59.9993945 ], [ 30.0157428, 59.9993623 ], [ 30.0158098, 59.9993596 ], [ 30.0158809, 59.9993777 ], [ 30.0159453, 59.999418 ], [ 30.0160624, 59.999598 ], [ 30.016081, 59.9996373 ], [ 30.0160044, 59.9996228 ], [ 30.0159609, 59.9996197 ], [ 30.0154951, 59.9997046 ], [ 30.015551, 59.9997595 ], [ 30.0148086, 59.9999823 ], [ 30.0145232, 60.0000142 ], [ 30.0144816, 60.0000047 ], [ 30.0143222, 60.0000149 ], [ 30.0142439, 60.0000332 ], [ 30.0142025, 60.0000195 ], [ 30.0141201, 59.9999165 ], [ 30.014061, 59.9998002 ], [ 30.0140034, 59.99966 ], [ 30.0139698, 59.9995809 ], [ 30.0139229, 59.9995172 ], [ 30.0138585, 59.999416 ], [ 30.0137003, 59.9991095 ], [ 30.0136507, 59.9989687 ], [ 30.0136346, 59.9989191 ], [ 30.0136439, 59.998789 ], [ 30.0136332, 59.9986911 ], [ 30.0136507, 59.9985422 ], [ 30.01366, 59.998453 ], [ 30.0136185, 59.9984242 ], [ 30.0135501, 59.9984704 ], [ 30.0134777, 59.9986676 ], [ 30.0134951, 59.9987266 ], [ 30.0134736, 59.9987903 ], [ 30.0134857, 59.9989244 ], [ 30.0135313, 59.9991162 ], [ 30.0136855, 59.9994166 ], [ 30.0137553, 59.999542 ], [ 30.0138371, 59.9996641 ], [ 30.0138679, 59.9997506 ], [ 30.0139765, 59.999939 ], [ 30.0140248, 60.0000456 ], [ 30.0140718, 60.0000952 ], [ 30.0140946, 60.0001536 ], [ 30.0140704, 60.0001837 ], [ 30.0139926, 60.0002146 ], [ 30.0139041, 60.0002407 ], [ 30.0138421, 60.0002612 ], [ 30.0136869, 60.000222 ], [ 30.01353, 59.9998404 ], [ 30.0134817, 59.9997325 ], [ 30.0134186, 59.9995648 ], [ 30.0134012, 59.9994374 ], [ 30.0133422, 59.9993268 ], [ 30.0132725, 59.9992061 ], [ 30.0131799, 59.9990626 ], [ 30.0131276, 59.9989479 ], [ 30.0130874, 59.9987923 ], [ 30.0130954, 59.9986837 ], [ 30.013133, 59.9985395 ], [ 30.0137687, 59.9979011 ], [ 30.0139242, 59.9977683 ], [ 30.0140315, 59.9976409 ], [ 30.0151379, 59.9969352 ], [ 30.0165455, 59.9956047 ], [ 30.0166314, 59.9954673 ], [ 30.0162537, 59.9952313 ], [ 30.0166829, 59.9949609 ], [ 30.0182192, 59.9943085 ], [ 30.01843, 59.99382 ], [ 30.01815, 59.99358 ], [ 30.0189574, 59.9938148 ], [ 30.0199616, 59.993523 ], [ 30.0201075, 59.9934071 ], [ 30.0198758, 59.9932482 ], [ 30.0186999, 59.9931366 ], [ 30.01761, 59.9932 ], [ 30.0171034, 59.9935487 ], [ 30.0171464, 59.994008 ], [ 30.0164168, 59.9940295 ], [ 30.0160306, 59.9942011 ], [ 30.0158417, 59.9941453 ], [ 30.0151906, 59.9941052 ], [ 30.0146, 59.99391 ], [ 30.0139289, 59.9937645 ], [ 30.0136363, 59.9931673 ], [ 30.0133892, 59.99278 ], [ 30.0130461, 59.9926588 ], [ 30.012357, 59.9927632 ], [ 30.011841, 59.9927467 ], [ 30.0113883, 59.9927038 ], [ 30.0110965, 59.9927649 ], [ 30.0109087, 59.9929291 ], [ 30.0106373, 59.993052 ], [ 30.0102125, 59.9931543 ], [ 30.010074, 59.9932892 ], [ 30.0100558, 59.9936052 ], [ 30.009765, 59.9938622 ], [ 30.0098122, 59.9940816 ], [ 30.0098562, 59.9943252 ], [ 30.0101641, 59.9945704 ], [ 30.0113379, 59.9951611 ], [ 30.0127122, 59.9954643 ], [ 30.0122969, 59.9965489 ], [ 30.0128977, 59.9971841 ], [ 30.0121768, 59.9975704 ], [ 30.0116618, 59.9979996 ], [ 30.0115073, 59.9982786 ], [ 30.0116789, 59.9984932 ], [ 30.0106061, 59.9988064 ], [ 30.008692, 59.9988236 ], [ 30.0081664, 59.9989493 ], [ 30.0071472, 59.9985378 ], [ 30.006291, 59.9985266 ], [ 30.0058415, 59.9987149 ], [ 30.0054638, 59.9987658 ], [ 30.0051044, 59.9989359 ], [ 30.0049769, 59.9993397 ], [ 30.0051079, 59.9996544 ], [ 30.0055028, 59.9997567 ], [ 30.0064362, 60.0001687 ], [ 30.0064713, 60.0002702 ], [ 30.0062619, 60.0005483 ], [ 30.0061319, 60.0008218 ], [ 30.0058581, 60.0011056 ], [ 30.0055812, 60.0012208 ], [ 30.0053143, 60.0013478 ], [ 30.0052714, 60.0014242 ], [ 30.0052768, 60.0015396 ], [ 30.0052634, 60.0015932 ], [ 30.0050309, 60.0016891 ], [ 30.0042786, 60.0019788 ], [ 30.0035864, 60.0022286 ], [ 30.0028949, 60.0023913 ], [ 30.0023968, 60.0023977 ], [ 30.0019843, 60.002515 ], [ 30.0016733, 60.0025173 ], [ 30.001477, 60.0027058 ], [ 30.0010305, 60.002709 ], [ 30.0009734, 60.0027858 ], [ 30.0000348, 60.0029684 ], [ 29.9998769, 60.0031062 ], [ 29.9997833, 60.0031342 ], [ 29.9996999, 60.0031335 ], [ 29.9995728, 60.0031451 ], [ 29.9994931, 60.0031495 ], [ 29.9992791, 60.003085 ], [ 29.9988289, 60.0031873 ], [ 29.9987682, 60.0031294 ], [ 29.9984716, 60.0030578 ], [ 29.9977526, 60.0030851 ], [ 29.9975216, 60.0031241 ], [ 29.997383, 60.0032528 ], [ 29.9968449, 60.0034893 ], [ 29.9967529, 60.0035239 ], [ 29.9966006, 60.0035248 ], [ 29.9962905, 60.0035373 ], [ 29.9959095, 60.0036524 ], [ 29.9958897, 60.0037559 ], [ 29.9955904, 60.0038718 ], [ 29.9953909, 60.0038867 ], [ 29.9948025, 60.0040712 ], [ 29.994712, 60.0041425 ], [ 29.99466, 60.0042032 ], [ 29.9944628, 60.0043277 ], [ 29.9943348, 60.0043921 ], [ 29.9942725, 60.0044672 ], [ 29.9940212, 60.0045843 ], [ 29.9937253, 60.0045848 ], [ 29.9935259, 60.0046396 ], [ 29.9932437, 60.0047716 ], [ 29.9932167, 60.0047842 ], [ 29.9931395, 60.0048304 ], [ 29.9929099, 60.0049679 ], [ 29.9918672, 60.0052767 ], [ 29.9913661, 60.0052751 ], [ 29.9910432, 60.0054049 ], [ 29.989318, 60.0058721 ], [ 29.9885348, 60.0061038 ], [ 29.9878846, 60.0064176 ], [ 29.9870488, 60.0064825 ], [ 29.9852485, 60.0066021 ], [ 29.9850662, 60.0067683 ], [ 29.9847051, 60.0068041 ], [ 29.9843956, 60.0068348 ], [ 29.9836489, 60.0072832 ], [ 29.982385, 60.0074082 ], [ 29.9811948, 60.0076935 ], [ 29.9804051, 60.0079724 ], [ 29.9798386, 60.0078351 ], [ 29.9792636, 60.0080067 ], [ 29.9791447, 60.0080202 ], [ 29.9774869, 60.0082083 ], [ 29.9772545, 60.0083079 ], [ 29.97732, 60.0083594 ], [ 29.9777294, 60.0084264 ], [ 29.9776723, 60.0084977 ], [ 29.9767487, 60.008573 ], [ 29.9766898, 60.0085578 ], [ 29.9766254, 60.0085297 ], [ 29.9764793, 60.0085156 ], [ 29.9763452, 60.00847 ], [ 29.9762794, 60.0084412 ], [ 29.9761802, 60.0084466 ], [ 29.9760234, 60.0084809 ], [ 29.975692, 60.0085377 ], [ 29.9756357, 60.0086168 ], [ 29.9753863, 60.0086664 ], [ 29.9750537, 60.0087603 ], [ 29.9748632, 60.0087442 ], [ 29.9746138, 60.0086745 ], [ 29.9743617, 60.0086839 ], [ 29.9741927, 60.0088421 ], [ 29.9741567, 60.0089763 ], [ 29.9741954, 60.0091169 ], [ 29.9742731, 60.0092161 ], [ 29.9740693, 60.0093542 ], [ 29.9737018, 60.009487 ], [ 29.9730259, 60.0095781 ], [ 29.9727872, 60.0095835 ], [ 29.9725431, 60.00955 ], [ 29.9722856, 60.0095379 ], [ 29.972055, 60.0096036 ], [ 29.9717545, 60.0096639 ], [ 29.9715388, 60.0096628 ], [ 29.9713415, 60.0096747 ], [ 29.9711779, 60.0097203 ], [ 29.9711832, 60.0097685 ], [ 29.9711752, 60.0098785 ], [ 29.9709338, 60.0100165 ], [ 29.970789, 60.010152 ], [ 29.9707541, 60.0102458 ], [ 29.9701801, 60.0103879 ], [ 29.9699509, 60.0104307 ], [ 29.969826, 60.0104295 ], [ 29.9696812, 60.0103329 ], [ 29.9694188, 60.0103106 ], [ 29.9692091, 60.0103893 ], [ 29.9690926, 60.0105165 ], [ 29.969067, 60.0106011 ], [ 29.9689302, 60.0106896 ], [ 29.9687493, 60.0107096 ], [ 29.9683589, 60.0106923 ], [ 29.9676776, 60.0106681 ], [ 29.9673665, 60.0106359 ], [ 29.9671572, 60.0105971 ], [ 29.9669534, 60.0105595 ], [ 29.9668032, 60.0105863 ], [ 29.9667871, 60.0106594 ], [ 29.9666691, 60.010764 ], [ 29.9665323, 60.0108598 ], [ 29.9663633, 60.0109443 ], [ 29.9662882, 60.0109691 ], [ 29.9661782, 60.010959 ], [ 29.9659529, 60.0108665 ], [ 29.9657832, 60.0108337 ], [ 29.9655895, 60.0107358 ], [ 29.9655128, 60.0107236 ], [ 29.9652274, 60.0106078 ], [ 29.9649077, 60.0104692 ], [ 29.964648, 60.0103591 ], [ 29.9643107, 60.0101983 ], [ 29.9642216, 60.0101432 ], [ 29.964184, 60.0101111 ], [ 29.9641384, 60.0100856 ], [ 29.964064, 60.0100725 ], [ 29.9639547, 60.0100313 ], [ 29.9637227, 60.0099398 ], [ 29.9635269, 60.0098429 ], [ 29.9631406, 60.0096874 ], [ 29.962745, 60.009556 ], [ 29.9627101, 60.009547 ], [ 29.9626847, 60.0095325 ], [ 29.9626285, 60.0095083 ], [ 29.9626065, 60.0095074 ], [ 29.9625841, 60.0095094 ], [ 29.9625683, 60.0095136 ], [ 29.9625546, 60.0095218 ], [ 29.9625445, 60.009532 ], [ 29.9625324, 60.0095383 ], [ 29.9624902, 60.0095456 ], [ 29.9624775, 60.0095491 ], [ 29.9624714, 60.0095543 ], [ 29.9624714, 60.0095605 ], [ 29.9624835, 60.0095714 ], [ 29.962482, 60.0095884 ], [ 29.9624949, 60.0096011 ], [ 29.9626124, 60.0096499 ], [ 29.9629028, 60.0098279 ], [ 29.963026, 60.0098614 ], [ 29.9632225, 60.0099281 ], [ 29.9634924, 60.0100311 ], [ 29.9643242, 60.0104144 ], [ 29.9644704, 60.0105338 ], [ 29.9646469, 60.0105567 ], [ 29.9651149, 60.0107872 ], [ 29.9652901, 60.0108287 ], [ 29.9655119, 60.010963 ], [ 29.9655533, 60.0110301 ], [ 29.9655453, 60.0111099 ], [ 29.9654809, 60.0111655 ], [ 29.9651616, 60.0113231 ], [ 29.9647996, 60.011376 ], [ 29.9644294, 60.0114015 ], [ 29.9640942, 60.0113787 ], [ 29.96396, 60.0114028 ], [ 29.96396, 60.0114618 ], [ 29.9640298, 60.0116093 ], [ 29.9639395, 60.0116966 ], [ 29.9639359, 60.0118211 ], [ 29.9639949, 60.0119458 ], [ 29.9638723, 60.0119828 ], [ 29.9638984, 60.0120731 ], [ 29.9639788, 60.0121804 ], [ 29.9641934, 60.0122501 ], [ 29.9643651, 60.0122722 ], [ 29.9644925, 60.0122501 ], [ 29.9645206, 60.0122568 ], [ 29.9645421, 60.0122695 ], [ 29.9644053, 60.0125209 ], [ 29.9642444, 60.0126643 ], [ 29.9638072, 60.0128198 ], [ 29.9636031, 60.0131213 ], [ 29.9635331, 60.0132168 ], [ 29.9633677, 60.0134423 ], [ 29.962827, 60.0136482 ], [ 29.96246, 60.01379 ], [ 29.96247, 60.01404 ], [ 29.96293, 60.014622 ], [ 29.9636596, 60.014815 ], [ 29.9650329, 60.0151882 ], [ 29.9643205, 60.0154713 ], [ 29.9632304, 60.0156601 ], [ 29.9622434, 60.0160161 ], [ 29.9625008, 60.0165008 ], [ 29.9631875, 60.0165523 ], [ 29.96348, 60.01671 ], [ 29.96451, 60.01681 ], [ 29.96481, 60.01732 ], [ 29.96507, 60.01744 ], [ 29.96612, 60.01767 ], [ 29.96663, 60.01766 ], [ 29.96764, 60.01751 ], [ 29.9682782, 60.018098 ], [ 29.9678333, 60.018104 ], [ 29.9676431, 60.0181065 ], [ 29.96667, 60.01817 ], [ 29.96565, 60.01819 ], [ 29.9636777, 60.0183167 ], [ 29.9630769, 60.018514 ], [ 29.9628366, 60.0186234 ], [ 29.9626967, 60.018784 ], [ 29.9626392, 60.0191445 ], [ 29.9626735, 60.0204183 ], [ 29.9622272, 60.0210188 ], [ 29.962474, 60.0211376 ], [ 29.9632172, 60.021072 ], [ 29.96386, 60.02092 ], [ 29.96388, 60.02118 ], [ 29.9632653, 60.0212905 ], [ 29.9627451, 60.021308 ], [ 29.9623866, 60.0213975 ], [ 29.96237, 60.02147 ], [ 29.9625104, 60.021765 ], [ 29.96221, 60.0224726 ], [ 29.9616178, 60.0240508 ], [ 29.9613002, 60.0248313 ], [ 29.9608281, 60.0260063 ], [ 29.9603, 60.02689 ], [ 29.9599956, 60.0276229 ], [ 29.9591373, 60.0294366 ], [ 29.9588454, 60.0302041 ], [ 29.9584249, 60.0313618 ], [ 29.9578326, 60.0325108 ], [ 29.9577296, 60.0327294 ], [ 29.9576524, 60.0332782 ], [ 29.957689, 60.0333418 ], [ 29.9578768, 60.0333954 ], [ 29.9581316, 60.0334008 ], [ 29.9582189, 60.0333725 ], [ 29.9584347, 60.0332561 ], [ 29.9588987, 60.0332146 ], [ 29.9593118, 60.03324 ], [ 29.9597087, 60.0332601 ], [ 29.9601299, 60.0332373 ], [ 29.961243, 60.0332789 ], [ 29.9621978, 60.033315 ], [ 29.9627477, 60.0333713 ], [ 29.9629381, 60.0334155 ], [ 29.9629998, 60.0334637 ], [ 29.9631688, 60.0334865 ], [ 29.9635175, 60.0332909 ], [ 29.9635255, 60.0331141 ], [ 29.9634799, 60.033094 ], [ 29.9631634, 60.0330873 ], [ 29.962627, 60.033027 ], [ 29.962171, 60.0330873 ], [ 29.961165, 60.0330641 ], [ 29.9602335, 60.0330713 ], [ 29.9590155, 60.0329962 ], [ 29.9586653, 60.0328684 ], [ 29.9587289, 60.0325595 ], [ 29.9585355, 60.0324808 ], [ 29.9601888, 60.028806 ], [ 29.9609157, 60.027831 ], [ 29.9610364, 60.0278042 ], [ 29.9613154, 60.0278162 ], [ 29.9615487, 60.0278444 ], [ 29.9617794, 60.0278323 ], [ 29.9620181, 60.0278497 ], [ 29.9621469, 60.0278457 ], [ 29.9622528, 60.0278397 ], [ 29.9622649, 60.0278283 ], [ 29.9622716, 60.0278095 ], [ 29.962226, 60.0277908 ], [ 29.9616896, 60.0276487 ], [ 29.9614991, 60.0275965 ], [ 29.9614897, 60.0275509 ], [ 29.961542, 60.0275027 ], [ 29.961538, 60.0274544 ], [ 29.9614616, 60.0274089 ], [ 29.9613315, 60.0273291 ], [ 29.9612363, 60.0273084 ], [ 29.9611451, 60.0273164 ], [ 29.961078, 60.0273432 ], [ 29.9610123, 60.0273446 ], [ 29.9609721, 60.0273171 ], [ 29.9609922, 60.027291 ], [ 29.9610633, 60.0272628 ], [ 29.9611384, 60.0272226 ], [ 29.9611384, 60.0271529 ], [ 29.9610981, 60.0270109 ], [ 29.9611062, 60.0269251 ], [ 29.9614871, 60.025959 ], [ 29.9615461, 60.0256749 ], [ 29.9615836, 60.0255757 ], [ 29.961597, 60.0254122 ], [ 29.9616989, 60.0251388 ], [ 29.9618921, 60.0249084 ], [ 29.9621214, 60.0246966 ], [ 29.9621871, 60.0246712 ], [ 29.9622582, 60.0246691 ], [ 29.9624982, 60.0246832 ], [ 29.962965, 60.0247676 ], [ 29.9641451, 60.0248708 ], [ 29.9645542, 60.0248996 ], [ 29.9647285, 60.0249285 ], [ 29.9647929, 60.0249365 ], [ 29.9648733, 60.0249707 ], [ 29.964923, 60.0250202 ], [ 29.9650048, 60.0250812 ], [ 29.9651067, 60.0251013 ], [ 29.9652663, 60.0250893 ], [ 29.9654138, 60.0250893 ], [ 29.9655814, 60.025106 ], [ 29.9657343, 60.0250852 ], [ 29.9659087, 60.025106 ], [ 29.9660066, 60.0251321 ], [ 29.9661447, 60.0251147 ], [ 29.9663955, 60.0251181 ], [ 29.9664223, 60.0251415 ], [ 29.9664035, 60.025163 ], [ 29.9663767, 60.0251891 ], [ 29.9665135, 60.025234 ], [ 29.9668273, 60.0253084 ], [ 29.9670634, 60.0254183 ], [ 29.9671948, 60.0254625 ], [ 29.9673342, 60.0254828 ], [ 29.9675435, 60.0254873 ], [ 29.9677286, 60.025492 ], [ 29.9679096, 60.0255033 ], [ 29.9680746, 60.0256106 ], [ 29.9673691, 60.0272729 ], [ 29.9673209, 60.0272836 ], [ 29.9670714, 60.0273037 ], [ 29.9670352, 60.0273774 ], [ 29.9670124, 60.0274296 ], [ 29.9669802, 60.0274578 ], [ 29.9669051, 60.0274839 ], [ 29.9668448, 60.0275134 ], [ 29.9668367, 60.0275415 ], [ 29.9668904, 60.0275958 ], [ 29.9668716, 60.0276668 ], [ 29.966822, 60.0277465 ], [ 29.9667576, 60.0278745 ], [ 29.9667992, 60.0279073 ], [ 29.9670728, 60.0279797 ], [ 29.9668327, 60.0285583 ], [ 29.9667174, 60.0285559 ], [ 29.9666503, 60.0285465 ], [ 29.9665457, 60.028517 ], [ 29.9664491, 60.0284675 ], [ 29.9662453, 60.0283777 ], [ 29.9658751, 60.0283022 ], [ 29.9657786, 60.0283013 ], [ 29.9656874, 60.0283268 ], [ 29.9656284, 60.0283737 ], [ 29.9656016, 60.0284206 ], [ 29.9656123, 60.0284996 ], [ 29.965674, 60.028513 ], [ 29.9657893, 60.0285076 ], [ 29.9659395, 60.0285304 ], [ 29.9660549, 60.0285693 ], [ 29.9661005, 60.0286215 ], [ 29.9662077, 60.0286684 ], [ 29.9666905, 60.0288047 ], [ 29.9665023, 60.0294176 ], [ 29.9664184, 60.0296909 ], [ 29.9638408, 60.0356769 ], [ 29.9572036, 60.0350915 ], [ 29.9570416, 60.0350762 ], [ 29.9569233, 60.0350828 ], [ 29.9568173, 60.0351049 ], [ 29.9567395, 60.035137 ], [ 29.9566675, 60.0351978 ], [ 29.9554318, 60.0370554 ], [ 29.9554277, 60.0370662 ], [ 29.9554003, 60.0371379 ], [ 29.9553518, 60.0372652 ], [ 29.955277, 60.0374613 ], [ 29.9552652, 60.0378207 ], [ 29.9552858, 60.0378404 ], [ 29.9553186, 60.0378518 ], [ 29.9555683, 60.0378713 ], [ 29.9556264, 60.0378565 ], [ 29.957112, 60.0379842 ], [ 29.9575931, 60.0379975 ], [ 29.9586385, 60.0380265 ], [ 29.9600618, 60.0390763 ], [ 29.961627, 60.0401716 ], [ 29.96286, 60.04118 ], [ 29.9645687, 60.0424028 ], [ 29.9649545, 60.0426617 ], [ 29.9651117, 60.0428392 ], [ 29.9652568, 60.0430031 ], [ 29.9654843, 60.0434794 ], [ 29.9654851, 60.0438842 ], [ 29.9654856, 60.0445341 ], [ 29.9654858, 60.0448114 ], [ 29.9656102, 60.0448126 ], [ 29.9657559, 60.0447847 ], [ 29.96597, 60.044786 ], [ 29.9662246, 60.0447186 ], [ 29.9665825, 60.0447794 ], [ 29.9665846, 60.0445522 ], [ 29.9667401, 60.0444933 ], [ 29.9666919, 60.0443875 ], [ 29.9668398, 60.0443413 ], [ 29.9670979, 60.0442201 ], [ 29.9673636, 60.0440851 ], [ 29.9674507, 60.0441052 ], [ 29.9674461, 60.0442218 ], [ 29.9676735, 60.0442013 ], [ 29.9680035, 60.0440299 ], [ 29.9683548, 60.0440205 ], [ 29.9684167, 60.0439416 ], [ 29.9690954, 60.044034 ], [ 29.9696168, 60.0438975 ], [ 29.9700453, 60.0436089 ], [ 29.9702281, 60.0435183 ], [ 29.9709247, 60.0433509 ], [ 29.971391, 60.0433778 ], [ 29.9718606, 60.0433742 ], [ 29.9719061, 60.0433797 ], [ 29.9720384, 60.0433957 ], [ 29.9721769, 60.0434124 ], [ 29.9723117, 60.0434812 ], [ 29.9724386, 60.0435135 ], [ 29.9726615, 60.0435363 ], [ 29.974564, 60.0439796 ], [ 29.9747258, 60.0439976 ], [ 29.9748526, 60.0439987 ], [ 29.975179, 60.0440152 ], [ 29.9753594, 60.0440287 ], [ 29.9754764, 60.0440386 ], [ 29.9754819, 60.0440233 ], [ 29.9755614, 60.0440278 ], [ 29.9757226, 60.0434808 ], [ 29.9769653, 60.0402779 ], [ 29.9771452, 60.0402951 ], [ 29.9780402, 60.0376986 ], [ 29.9781829, 60.0373922 ], [ 29.9785469, 60.0369655 ], [ 29.9800625, 60.0356583 ], [ 29.9816869, 60.0347613 ], [ 29.984554, 60.0336362 ], [ 29.9852261, 60.0334555 ], [ 29.9866777, 60.0328901 ], [ 29.9890285, 60.0319729 ], [ 29.9952104, 60.0296573 ], [ 30.0012984, 60.0272936 ], [ 30.0030675, 60.0265661 ], [ 30.0043753, 60.0259539 ], [ 30.004938, 60.0256437 ], [ 30.0066658, 60.0245412 ], [ 30.0086049, 60.0227891 ], [ 30.0094468, 60.0219118 ], [ 30.0095758, 60.0216783 ], [ 30.0098039, 60.021282 ], [ 30.0099179, 60.0210765 ], [ 30.0099365, 60.0210389 ], [ 30.0101078, 60.0210589 ], [ 30.0107517, 60.0198531 ], [ 30.0112091, 60.0198632 ], [ 30.0114394, 60.0198026 ], [ 30.0205655, 60.0175044 ], [ 30.0207851, 60.0176996 ], [ 30.0211458, 60.0180157 ], [ 30.0221784, 60.018969 ], [ 30.0247215, 60.0183481 ], [ 30.0253742, 60.0181877 ], [ 30.0274625, 60.0176839 ], [ 30.0259127, 60.0161318 ], [ 30.0278512, 60.0156371 ], [ 30.028262, 60.0155325 ], [ 30.0312042, 60.0147838 ], [ 30.0464467, 60.0108239 ], [ 30.0424761, 60.0069625 ], [ 30.0424406, 60.0069078 ], [ 30.0443571, 60.0065523 ], [ 30.0451861, 60.0064026 ], [ 30.0459631, 60.0062673 ], [ 30.047067, 60.0060586 ], [ 30.051428, 60.0053158 ], [ 30.0540294, 60.0049046 ], [ 30.0585474, 60.004516 ], [ 30.0595292, 60.0044315 ], [ 30.0636462, 60.0038159 ], [ 30.0656659, 60.0035201 ], [ 30.0674041, 60.0032532 ], [ 30.0700048, 60.0028715 ], [ 30.0705533, 60.0027939 ], [ 30.0716795, 60.0026434 ], [ 30.0719318, 60.002701 ], [ 30.0720136, 60.0026919 ], [ 30.0731526, 60.0025889 ], [ 30.074312, 60.0025267 ], [ 30.0754446, 60.0025851 ], [ 30.07659, 60.0027703 ], [ 30.0776214, 60.0030874 ], [ 30.0783293, 60.0034116 ], [ 30.0788981, 60.003792 ], [ 30.079315, 60.0042097 ], [ 30.0796278, 60.0047616 ], [ 30.0797255, 60.0052773 ], [ 30.0799993, 60.0075763 ], [ 30.0800864, 60.0089798 ], [ 30.0803239, 60.0135166 ], [ 30.0803432, 60.0138804 ], [ 30.0806143, 60.0164909 ], [ 30.0799816, 60.016786 ], [ 30.0791042, 60.0271736 ], [ 30.1199388, 60.0335807 ], [ 30.1212934, 60.0336393 ], [ 30.1336044, 60.034222 ], [ 30.1461872, 60.0347154 ], [ 30.1462922, 60.0359023 ], [ 30.1458756, 60.0359794 ], [ 30.1450416, 60.0359833 ], [ 30.1446876, 60.0360333 ], [ 30.1444657, 60.0361823 ], [ 30.1442481, 60.0364529 ], [ 30.144133, 60.0365245 ], [ 30.1438597, 60.0366454 ], [ 30.1435287, 60.0367314 ], [ 30.1432499, 60.036805 ], [ 30.1426494, 60.0371015 ], [ 30.1425979, 60.0372631 ], [ 30.1427754, 60.0376584 ], [ 30.1430197, 60.0380048 ], [ 30.1430592, 60.0382034 ], [ 30.1430522, 60.038369 ], [ 30.1428294, 60.0385942 ], [ 30.1424208, 60.0388772 ], [ 30.1421821, 60.0390005 ], [ 30.1417851, 60.03918 ], [ 30.1416468, 60.0392799 ], [ 30.141592, 60.0393528 ], [ 30.1415194, 60.0396255 ], [ 30.1415069, 60.0396724 ], [ 30.1414257, 60.0398042 ], [ 30.1413628, 60.0398715 ], [ 30.1412541, 60.0399287 ], [ 30.1410985, 60.0399783 ], [ 30.1409242, 60.0400225 ], [ 30.1394838, 60.0403976 ], [ 30.1392907, 60.0404538 ], [ 30.1391539, 60.0405221 ], [ 30.1389956, 60.0406507 ], [ 30.1389098, 60.0407686 ], [ 30.1387596, 60.0409856 ], [ 30.1387382, 60.0410579 ], [ 30.1386119, 60.0411907 ], [ 30.1384822, 60.0413917 ], [ 30.1384565, 60.0414544 ], [ 30.1383787, 60.0415437 ], [ 30.1383155, 60.0416823 ], [ 30.1382763, 60.0418375 ], [ 30.1382349, 60.0419328 ], [ 30.1382227, 60.0420577 ], [ 30.1382458, 60.0421363 ], [ 30.1383861, 60.0424445 ], [ 30.1387828, 60.0429621 ], [ 30.139068, 60.0433292 ], [ 30.1394141, 60.0435676 ], [ 30.1398562, 60.0437752 ], [ 30.1406705, 60.0439932 ], [ 30.1414806, 60.0443845 ], [ 30.1418705, 60.0446648 ], [ 30.1421136, 60.0449634 ], [ 30.1420977, 60.0451544 ], [ 30.1418239, 60.0454442 ], [ 30.1412535, 60.0456909 ], [ 30.1408913, 60.0457731 ], [ 30.1404535, 60.0458927 ], [ 30.1400223, 60.0460443 ], [ 30.1395227, 60.0461385 ], [ 30.1393841, 60.0462376 ], [ 30.1390989, 60.0462975 ], [ 30.1385219, 60.0462647 ], [ 30.1379919, 60.0463009 ], [ 30.1371586, 60.0462636 ], [ 30.1368178, 60.0462715 ], [ 30.1364308, 60.0463562 ], [ 30.1363968, 60.0465054 ], [ 30.1361647, 60.0466168 ], [ 30.1359691, 60.0466342 ], [ 30.1357111, 60.0466715 ], [ 30.1353931, 60.0466119 ], [ 30.1346985, 60.0466954 ], [ 30.1340537, 60.0468427 ], [ 30.1336238, 60.0471512 ], [ 30.133528, 60.0474121 ], [ 30.1335811, 60.0475636 ], [ 30.1335253, 60.0476108 ], [ 30.1335827, 60.0477622 ], [ 30.1336451, 60.0477949 ], [ 30.1337197, 60.0479286 ], [ 30.1338002, 60.0479573 ], [ 30.1338472, 60.0480255 ], [ 30.1338461, 60.0480702 ], [ 30.133975, 60.0481386 ], [ 30.1340135, 60.0482697 ], [ 30.1340901, 60.0485336 ], [ 30.1340961, 60.0486243 ], [ 30.1340902, 60.0487356 ], [ 30.1933177, 60.0638996 ], [ 30.1944228, 60.0629711 ], [ 30.1948022, 60.0626521 ], [ 30.1950774, 60.062421 ], [ 30.1943392, 60.0622605 ], [ 30.1944743, 60.0621023 ], [ 30.1945615, 60.0619945 ], [ 30.1958426, 60.0604713 ], [ 30.2022251, 60.062125 ], [ 30.2101937, 60.0603711 ], [ 30.2141129, 60.0612733 ], [ 30.2227842, 60.0513212 ], [ 30.2252849, 60.0521704 ], [ 30.2257035, 60.0523141 ], [ 30.2259421, 60.052396 ], [ 30.2273798, 60.052942 ], [ 30.2297012, 60.0537008 ], [ 30.2318671, 60.0544215 ], [ 30.2361721, 60.0558822 ], [ 30.241171, 60.0575736 ], [ 30.2491164, 60.0602592 ], [ 30.2505129, 60.0607276 ], [ 30.2511362, 60.060939 ], [ 30.2521047, 60.0612595 ], [ 30.2582518, 60.0633569 ], [ 30.2585371, 60.0634535 ], [ 30.2602901, 60.0640468 ], [ 30.2611085, 60.0643238 ], [ 30.2619132, 60.0645961 ], [ 30.2663552, 60.0660887 ], [ 30.2683975, 60.0667906 ], [ 30.2702498, 60.0674174 ], [ 30.2703797, 60.0674611 ], [ 30.272435, 60.0681048 ], [ 30.272562, 60.0681438 ], [ 30.2729829, 60.0682877 ], [ 30.2731211, 60.0683317 ], [ 30.2740025, 60.0686123 ], [ 30.2794322, 60.0642381 ], [ 30.2810682, 60.0629093 ], [ 30.2847678, 60.05996 ], [ 30.2878831, 60.0574411 ], [ 30.2880189, 60.0573268 ], [ 30.2891294, 60.0564128 ], [ 30.289612, 60.0559411 ], [ 30.2896728, 60.0558891 ], [ 30.2901377, 60.055481 ], [ 30.2903522, 60.0553079 ], [ 30.2905083, 60.0551744 ], [ 30.2910201, 60.0547366 ], [ 30.2912134, 60.0546236 ], [ 30.2914653, 60.0544163 ], [ 30.2915839, 60.0543188 ], [ 30.2918229, 60.0541186 ], [ 30.2924903, 60.0535768 ], [ 30.292864, 60.0532894 ], [ 30.2927435, 60.0532011 ], [ 30.2932234, 60.0528944 ], [ 30.2934169, 60.0527396 ], [ 30.2935817, 60.0525761 ], [ 30.2937894, 60.0523645 ], [ 30.294025, 60.052095 ], [ 30.2942388, 60.0518208 ], [ 30.2944402, 60.0515624 ], [ 30.2946822, 60.0512432 ], [ 30.2948575, 60.0509672 ], [ 30.2949401, 60.0508372 ], [ 30.2952036, 60.0504072 ], [ 30.2953805, 60.0501184 ], [ 30.2955674, 60.0498133 ], [ 30.2956476, 60.0496824 ], [ 30.2958055, 60.0493772 ], [ 30.2959782, 60.0489715 ], [ 30.29611, 60.0486693 ], [ 30.2961384, 60.0485952 ], [ 30.2961433, 60.0485672 ], [ 30.2961813, 60.048374 ], [ 30.2962783, 60.0481231 ], [ 30.2963764, 60.0478693 ], [ 30.2965296, 60.0475242 ], [ 30.2965534, 60.0475065 ], [ 30.296578, 60.0474882 ], [ 30.2967109, 60.0471999 ], [ 30.2968485, 60.0469484 ], [ 30.2970029, 60.0466659 ], [ 30.2971658, 60.0464091 ], [ 30.2971836, 60.0463809 ], [ 30.2973134, 60.0461451 ], [ 30.2974556, 60.0458866 ], [ 30.2974039, 60.0458799 ], [ 30.2975537, 60.0455939 ], [ 30.2977329, 60.045251 ], [ 30.2978192, 60.0452577 ], [ 30.2978568, 60.0452056 ], [ 30.2980656, 60.0448718 ], [ 30.2982128, 60.0446364 ], [ 30.2983338, 60.0446576 ], [ 30.2985429, 60.0446892 ], [ 30.2993529, 60.0432521 ], [ 30.2994762, 60.0428743 ], [ 30.2995132, 60.0425828 ], [ 30.2997723, 60.0421721 ], [ 30.2998339, 60.0421537 ], [ 30.2998967, 60.0420474 ], [ 30.3000714, 60.0418717 ], [ 30.3001597, 60.0417356 ], [ 30.3005433, 60.0410092 ], [ 30.3016265, 60.0390064 ], [ 30.3019744, 60.0383962 ], [ 30.3023089, 60.0377858 ], [ 30.3024219, 60.0374054 ], [ 30.3027402, 60.0368393 ], [ 30.302727, 60.0367421 ], [ 30.3027647, 60.0366483 ], [ 30.3029513, 60.0362658 ], [ 30.3031923, 60.0358227 ], [ 30.3046699, 60.0331065 ], [ 30.3049804, 60.0325712 ], [ 30.3056185, 60.0314712 ], [ 30.3056629, 60.0313813 ], [ 30.3065719, 60.0295907 ], [ 30.3066327, 60.0295857 ], [ 30.3066934, 60.0295806 ], [ 30.3083198, 60.0266092 ], [ 30.3086057, 60.0260868 ], [ 30.3088162, 60.0255872 ], [ 30.3088848, 60.0255341 ], [ 30.3090026, 60.0254429 ], [ 30.3093463, 60.024787 ], [ 30.3122141, 60.0195349 ], [ 30.3121207, 60.0195222 ], [ 30.3122328, 60.0193167 ], [ 30.3120673, 60.019297 ], [ 30.3119133, 60.0192762 ], [ 30.3118441, 60.0192655 ], [ 30.311861, 60.0192267 ], [ 30.311984, 60.0189899 ], [ 30.3120238, 60.0189472 ], [ 30.3121181, 60.0187659 ], [ 30.3121296, 60.018724 ], [ 30.312135, 60.0187119 ], [ 30.3122797, 60.0184563 ], [ 30.3123008, 60.0184133 ], [ 30.3124465, 60.0181564 ], [ 30.3124749, 60.0181048 ], [ 30.3125081, 60.0180442 ], [ 30.3125365, 60.0179923 ], [ 30.3125736, 60.0179246 ], [ 30.3126008, 60.0178732 ], [ 30.3126116, 60.0178527 ], [ 30.3127214, 60.0176444 ], [ 30.3128022, 60.017655 ], [ 30.3129803, 60.0176785 ], [ 30.313082, 60.017692 ], [ 30.313115, 60.0176989 ], [ 30.3132023, 60.017518 ], [ 30.3133161, 60.0173083 ], [ 30.3136887, 60.0166331 ], [ 30.3137544, 60.0165033 ], [ 30.3142768, 60.0155215 ], [ 30.3153286, 60.0135427 ], [ 30.3159604, 60.0123923 ], [ 30.3163863, 60.011617 ], [ 30.3183019, 60.0081768 ], [ 30.318258, 60.0080976 ], [ 30.3184791, 60.007732 ], [ 30.3189797, 60.0068814 ], [ 30.3196606, 60.0055878 ], [ 30.3197021, 60.0054626 ], [ 30.3202912, 60.0043356 ], [ 30.3205216, 60.0039102 ], [ 30.3205784, 60.0038746 ], [ 30.3210081, 60.0030697 ], [ 30.321041, 60.003008 ], [ 30.3212649, 60.0025688 ], [ 30.3216663, 60.0016703 ], [ 30.3217646, 60.0015032 ], [ 30.3219421, 60.0012227 ], [ 30.3221596, 60.0011677 ], [ 30.3222218, 60.0010438 ], [ 30.322566, 60.0003574 ], [ 30.3229739, 59.9996483 ], [ 30.3235477, 59.9986475 ], [ 30.3232649, 59.9985547 ], [ 30.3231623, 59.9985188 ], [ 30.3234426, 59.9982284 ], [ 30.3236707, 59.998022 ], [ 30.3243697, 59.9972511 ], [ 30.3246753, 59.9970195 ], [ 30.3246067, 59.9969637 ], [ 30.3246195, 59.9969057 ], [ 30.3258488, 59.99582 ], [ 30.3256506, 59.9957509 ], [ 30.3244535, 59.9954123 ], [ 30.3245354, 59.9953452 ], [ 30.325218, 59.9947793 ], [ 30.326381, 59.9951436 ], [ 30.326655, 59.9948515 ], [ 30.3270267, 59.9944742 ], [ 30.3271854, 59.99452 ], [ 30.3272011, 59.9945096 ], [ 30.32732, 59.9944304 ], [ 30.3276073, 59.9945384 ], [ 30.3277169, 59.9945325 ], [ 30.327817, 59.9945272 ], [ 30.3281286, 59.9943856 ], [ 30.3282452, 59.9943491 ], [ 30.3284834, 59.9942217 ], [ 30.3281196, 59.9941261 ], [ 30.3263572, 59.9936913 ], [ 30.3263993, 59.9936588 ], [ 30.3265957, 59.9934889 ], [ 30.3269112, 59.9931616 ], [ 30.3269369, 59.9931352 ], [ 30.3269728, 59.9930982 ], [ 30.3270177, 59.9930487 ], [ 30.327031, 59.9930341 ], [ 30.3270858, 59.9929692 ], [ 30.3271373, 59.9929036 ], [ 30.3271853, 59.9928374 ], [ 30.3272298, 59.9927705 ], [ 30.3272708, 59.9927032 ], [ 30.3272812, 59.9926843 ], [ 30.3273082, 59.9926352 ], [ 30.3273421, 59.9925669 ], [ 30.3275871, 59.9920437 ], [ 30.3276632, 59.9918905 ], [ 30.3278344, 59.9915271 ], [ 30.3279978, 59.9911803 ], [ 30.3280198, 59.9911335 ], [ 30.3284203, 59.9902833 ], [ 30.3285065, 59.9901002 ], [ 30.3285631, 59.9899908 ], [ 30.3286168, 59.9898749 ], [ 30.3288124, 59.9894535 ], [ 30.3290306, 59.9889835 ], [ 30.3290935, 59.988848 ], [ 30.3291752, 59.9886719 ], [ 30.3292353, 59.9885424 ], [ 30.3292846, 59.9884362 ], [ 30.3295166, 59.9879363 ], [ 30.329949, 59.9870047 ], [ 30.330131, 59.986611 ], [ 30.3301465, 59.9865792 ], [ 30.330777, 59.9852073 ], [ 30.3307792, 59.9851096 ], [ 30.3307304, 59.9850094 ], [ 30.330709, 59.9849838 ], [ 30.330318, 59.9850671 ], [ 30.3302964, 59.9850413 ], [ 30.3302551, 59.9849851 ], [ 30.3301918, 59.9848992 ], [ 30.3301455, 59.9848363 ], [ 30.3296123, 59.984183 ], [ 30.3298608, 59.9835159 ], [ 30.3307264, 59.9830341 ], [ 30.3309025, 59.9829237 ], [ 30.331085, 59.9828094 ], [ 30.3311513, 59.9827723 ], [ 30.3241104, 59.9796575 ], [ 30.323785, 59.9794956 ], [ 30.3236132, 59.9794106 ], [ 30.321754, 59.9784684 ] ] ] ] } },
{ "type": "Feature", "properties": { "full_id": "r1138534", "osm_id": "1138534", "osm_type": "relation", "boundary": "administrative", "wikimedia_commons": null, "start_date": null, "sqkm": null, "short_name:uk": null, "short_name:ru": null, "short_name:be": null, "short_name": null, "name:ru:word_stress": null, "oktmo": null, "contact:website": "http://www.mo-12.ru", "contact:vk": null, "contact:instagram": null, "okato:user": null, "loc_name": null, "old_name:de": null, "oktmo:user": null, "old_name:uk": null, "old_name": null, "name:etymology:wikidata": null, "alt_name": null, "official_name": "муниципальный округ Сампсониевское", "addr:postcode": null, "url": null, "place": null, "addr:region": "Санкт-Петербург", "old_name:vi": null, "old_name:os": null, "old_name:mk": null, "old_name:ku": null, "old_name:hr": null, "old_name:fr": null, "old_name:eo": null, "old_name:en": null, "old_name:ar": null, "old_name:1924-01-26--1991-09-06": null, "old_name:1914-08-31--1924-01-26": null, "old_alt_name:vi": null, "name:tzl": null, "name:sl": null, "name:pt": null, "name:os": null, "name:nb": null, "name:mk": null, "name:lb": null, "name:ku": null, "name:ko": null, "name:gl": null, "name:fy": null, "name:eo": null, "name:da": null, "name:bg": null, "name:ast": null, "name:ar": null, "name:ab": null, "int_name": null, "alt_name:vi": null, "alt_name:mk": null, "wikipedia": "ru:Сампсониевское", "wikidata": "Q3470932", "website": null, "type": "boundary", "timezone": null, "ref": "12", "population:date": null, "population": null, "official_status": "ru:внутригородская территория города федерального значения", "name:zh-Hant": null, "name:zh-Hans": null, "name:zh": null, "name:vi": null, "name:uk": "Округ Сампсоніївське", "name:tt": null, "name:tk": null, "name:sv": null, "name:sr": null, "name:sk": null, "name:ru": null, "name:ro": null, "name:pl": null, "name:nl": null, "name:mhr": null, "name:lv": null, "name:lt": null, "name:kv": null, "name:kbd": null, "name:ja": null, "name:it": null, "name:hu": null, "name:hr": null, "name:fr": null, "name:fi": null, "name:et": null, "name:es": null, "name:en": null, "name:el": null, "name:de": null, "name:cu": null, "name:cs": null, "name:ce": null, "name:ca": null, "name:be-tarask": null, "name:be": null, "name:af": null, "name": "округ Сампсониевское", "is_in:country_code": null, "is_in:country": null, "int_ref": null, "gost_7.67-2003": null, "admin_level": "8", "addr:country": "RU", "ISO3166-2": null }, "geometry": { "type": "MultiPolygon", "coordinates": [ [ [ [ 30.3674381, 59.9776304 ], [ 30.3675253, 59.9776414 ], [ 30.3674902, 59.9777015 ], [ 30.3670518, 59.978452 ], [ 30.3670293, 59.9784906 ], [ 30.3670152, 59.9785224 ], [ 30.3668032, 59.9789996 ], [ 30.366711, 59.9792071 ], [ 30.3661646, 59.9801343 ], [ 30.3661514, 59.9801498 ], [ 30.3656302, 59.9807613 ], [ 30.365261, 59.9811716 ], [ 30.3650403, 59.9814169 ], [ 30.3642725, 59.9821735 ], [ 30.3636049, 59.9828314 ], [ 30.3628784, 59.9835474 ], [ 30.3627118, 59.9837116 ], [ 30.3626837, 59.9837322 ], [ 30.3625111, 59.9838585 ], [ 30.3622196, 59.9840159 ], [ 30.3612777, 59.9845246 ], [ 30.3584655, 59.9860431 ], [ 30.3579241, 59.9863355 ], [ 30.3576604, 59.9864779 ], [ 30.3575104, 59.9865691 ], [ 30.3573954, 59.9866293 ], [ 30.3571453, 59.9867548 ], [ 30.3568244, 59.9869206 ], [ 30.3558966, 59.9874379 ], [ 30.3556223, 59.9875909 ], [ 30.355017, 59.9879181 ], [ 30.3543785, 59.9882575 ], [ 30.3539199, 59.9884999 ], [ 30.3529993, 59.9889936 ], [ 30.3528164, 59.9890859 ], [ 30.3522991, 59.989356 ], [ 30.3521572, 59.9894206 ], [ 30.3520224, 59.9894774 ], [ 30.3519522, 59.9895064 ], [ 30.3516941, 59.9896025 ], [ 30.3513957, 59.9896959 ], [ 30.3511361, 59.9897534 ], [ 30.3508761, 59.9898076 ], [ 30.350563, 59.9898536 ], [ 30.3500954, 59.9898912 ], [ 30.3496622, 59.9899 ], [ 30.3476211, 59.9898209 ], [ 30.3473983, 59.9898004 ], [ 30.3472746, 59.9898125 ], [ 30.3470623, 59.989864 ], [ 30.3470188, 59.9899186 ], [ 30.3469962, 59.989947 ], [ 30.3470533, 59.9900633 ], [ 30.3470842, 59.9901159 ], [ 30.3470134, 59.9901301 ], [ 30.3467948, 59.9901855 ], [ 30.3464851, 59.9902481 ], [ 30.3443276, 59.9901335 ], [ 30.3439736, 59.9900297 ], [ 30.34379, 59.990037 ], [ 30.3433958, 59.9900896 ], [ 30.3403161, 59.9899431 ], [ 30.3401972, 59.9898916 ], [ 30.3400055, 59.9898606 ], [ 30.3397881, 59.9903607 ], [ 30.3394865, 59.9910937 ], [ 30.3390098, 59.9923136 ], [ 30.3389439, 59.9924226 ], [ 30.3388813, 59.9924765 ], [ 30.3382294, 59.9927755 ], [ 30.3377766, 59.9929772 ], [ 30.3374647, 59.9929476 ], [ 30.336297, 59.9928303 ], [ 30.3356465, 59.9927729 ], [ 30.3354168, 59.9927531 ], [ 30.3345517, 59.9926706 ], [ 30.3341054, 59.9926108 ], [ 30.3331125, 59.9925333 ], [ 30.3322699, 59.9924536 ], [ 30.3321533, 59.9924409 ], [ 30.3320773, 59.9924326 ], [ 30.3312167, 59.9945639 ], [ 30.3310791, 59.994894 ], [ 30.3288066, 59.9943067 ], [ 30.3284834, 59.9942217 ], [ 30.3281196, 59.9941261 ], [ 30.3263572, 59.9936913 ], [ 30.3263993, 59.9936588 ], [ 30.3265957, 59.9934889 ], [ 30.3269112, 59.9931616 ], [ 30.3269369, 59.9931352 ], [ 30.3269728, 59.9930982 ], [ 30.3270177, 59.9930487 ], [ 30.327031, 59.9930341 ], [ 30.3270858, 59.9929692 ], [ 30.3271373, 59.9929036 ], [ 30.3271853, 59.9928374 ], [ 30.3272298, 59.9927705 ], [ 30.3272708, 59.9927032 ], [ 30.3272812, 59.9926843 ], [ 30.3273082, 59.9926352 ], [ 30.3273421, 59.9925669 ], [ 30.3275871, 59.9920437 ], [ 30.3276632, 59.9918905 ], [ 30.3278344, 59.9915271 ], [ 30.3279978, 59.9911803 ], [ 30.3280198, 59.9911335 ], [ 30.3284203, 59.9902833 ], [ 30.3285065, 59.9901002 ], [ 30.3285631, 59.9899908 ], [ 30.3286168, 59.9898749 ], [ 30.3288124, 59.9894535 ], [ 30.3290306, 59.9889835 ], [ 30.3290935, 59.988848 ], [ 30.3291752, 59.9886719 ], [ 30.3292353, 59.9885424 ], [ 30.3292846, 59.9884362 ], [ 30.3295166, 59.9879363 ], [ 30.329949, 59.9870047 ], [ 30.330131, 59.986611 ], [ 30.3301465, 59.9865792 ], [ 30.330777, 59.9852073 ], [ 30.3307792, 59.9851096 ], [ 30.3307304, 59.9850094 ], [ 30.330709, 59.9849838 ], [ 30.330318, 59.9850671 ], [ 30.3302964, 59.9850413 ], [ 30.3302551, 59.9849851 ], [ 30.3301918, 59.9848992 ], [ 30.3301455, 59.9848363 ], [ 30.3296123, 59.984183 ], [ 30.3298608, 59.9835159 ], [ 30.3307264, 59.9830341 ], [ 30.3309025, 59.9829237 ], [ 30.331085, 59.9828094 ], [ 30.3311513, 59.9827723 ], [ 30.3241104, 59.9796575 ], [ 30.323785, 59.9794956 ], [ 30.3236132, 59.9794106 ], [ 30.321754, 59.9784684 ], [ 30.3243158, 59.9773926 ], [ 30.3265248, 59.9762695 ], [ 30.3281352, 59.9752807 ], [ 30.3300763, 59.9736439 ], [ 30.3318113, 59.9715879 ], [ 30.3347022, 59.9674866 ], [ 30.3349604, 59.9671193 ], [ 30.3359944, 59.9651777 ], [ 30.3367621, 59.9604792 ], [ 30.3377014, 59.9573264 ], [ 30.3392661, 59.9554079 ], [ 30.3402206, 59.9546543 ], [ 30.3423533, 59.9535159 ], [ 30.3454149, 59.9522432 ], [ 30.3495316, 59.9519993 ], [ 30.3500329, 59.954067 ], [ 30.3500931, 59.954247 ], [ 30.3501862, 59.954417 ], [ 30.3510756, 59.9556688 ], [ 30.3512895, 59.9559671 ], [ 30.3527109, 59.9579444 ], [ 30.3529653, 59.9582636 ], [ 30.353569, 59.9592033 ], [ 30.3539485, 59.9597902 ], [ 30.3539686, 59.9598427 ], [ 30.3539719, 59.9599116 ], [ 30.3539505, 59.9599868 ], [ 30.3539237, 59.9600674 ], [ 30.3537766, 59.9602637 ], [ 30.3537524, 59.9602959 ], [ 30.3535495, 59.9605656 ], [ 30.3531488, 59.961094 ], [ 30.3529576, 59.9613532 ], [ 30.3528078, 59.9615564 ], [ 30.3526306, 59.9617757 ], [ 30.3524782, 59.9619643 ], [ 30.3523828, 59.9620894 ], [ 30.3521802, 59.9623553 ], [ 30.3520719, 59.9625006 ], [ 30.3519782, 59.9626314 ], [ 30.3518945, 59.9627701 ], [ 30.3517745, 59.9630591 ], [ 30.3514732, 59.9637845 ], [ 30.3513304, 59.9641284 ], [ 30.3512898, 59.9642273 ], [ 30.3509374, 59.9650546 ], [ 30.3508736, 59.965224 ], [ 30.350824, 59.9653484 ], [ 30.3507791, 59.9654651 ], [ 30.3507433, 59.9655504 ], [ 30.3506055, 59.9658921 ], [ 30.3504388, 59.9663154 ], [ 30.3504018, 59.9664036 ], [ 30.3503802, 59.966451 ], [ 30.3502857, 59.9666876 ], [ 30.3500595, 59.9672542 ], [ 30.3499953, 59.9674071 ], [ 30.3499489, 59.9675265 ], [ 30.3498975, 59.9676529 ], [ 30.349802, 59.9678872 ], [ 30.3497624, 59.9679838 ], [ 30.3489592, 59.9697627 ], [ 30.3489099, 59.9698754 ], [ 30.3487459, 59.9702308 ], [ 30.3481084, 59.9716221 ], [ 30.3480036, 59.9718443 ], [ 30.3474998, 59.9729815 ], [ 30.3474296, 59.9731321 ], [ 30.3473852, 59.973224 ], [ 30.3472501, 59.9734347 ], [ 30.3470956, 59.9736379 ], [ 30.3444468, 59.9766834 ], [ 30.3439908, 59.9772112 ], [ 30.3439759, 59.9772694 ], [ 30.3440183, 59.9774097 ], [ 30.3440519, 59.9774869 ], [ 30.3441862, 59.9775005 ], [ 30.3446184, 59.977549 ], [ 30.3450708, 59.9775991 ], [ 30.3453389, 59.9776288 ], [ 30.345428, 59.9776325 ], [ 30.345677, 59.9776732 ], [ 30.3547364, 59.9785988 ], [ 30.3552375, 59.978625 ], [ 30.3596875, 59.9790785 ], [ 30.3601746, 59.9791235 ], [ 30.3606251, 59.9791373 ], [ 30.3610566, 59.9791362 ], [ 30.3613728, 59.9791131 ], [ 30.3616268, 59.979076 ], [ 30.3619117, 59.9790182 ], [ 30.3623859, 59.9788826 ], [ 30.3627096, 59.9787769 ], [ 30.3657854, 59.9776521 ], [ 30.3659485, 59.977618 ], [ 30.366133, 59.977596 ], [ 30.3664856, 59.9775994 ], [ 30.3670817, 59.9776153 ], [ 30.3674381, 59.9776304 ] ] ] ] } },
{ "type": "Feature", "properties": { "full_id": "r1180979", "osm_id": "1180979", "osm_type": "relation", "boundary": "administrative", "wikimedia_commons": null, "start_date": null, "sqkm": null, "short_name:uk": null, "short_name:ru": null, "short_name:be": null, "short_name": null, "name:ru:word_stress": null, "oktmo": null, "contact:website": "http://www.mo-svetlanovskoe.spb.ru", "contact:vk": null, "contact:instagram": null, "okato:user": null, "loc_name": null, "old_name:de": null, "oktmo:user": null, "old_name:uk": null, "old_name": null, "name:etymology:wikidata": null, "alt_name": null, "official_name": "муниципальный округ Светлановское", "addr:postcode": null, "url": null, "place": null, "addr:region": "Санкт-Петербург", "old_name:vi": null, "old_name:os": null, "old_name:mk": null, "old_name:ku": null, "old_name:hr": null, "old_name:fr": null, "old_name:eo": null, "old_name:en": null, "old_name:ar": null, "old_name:1924-01-26--1991-09-06": null, "old_name:1914-08-31--1924-01-26": null, "old_alt_name:vi": null, "name:tzl": null, "name:sl": null, "name:pt": null, "name:os": null, "name:nb": null, "name:mk": null, "name:lb": null, "name:ku": null, "name:ko": null, "name:gl": null, "name:fy": null, "name:eo": null, "name:da": null, "name:bg": null, "name:ast": null, "name:ar": null, "name:ab": null, "int_name": null, "alt_name:vi": null, "alt_name:mk": null, "wikipedia": "ru:Светлановское", "wikidata": "Q3506322", "website": null, "type": "boundary", "timezone": null, "ref": "13", "population:date": null, "population": null, "official_status": "ru:внутригородская территория города федерального значения", "name:zh-Hant": null, "name:zh-Hans": null, "name:zh": null, "name:vi": null, "name:uk": "Округ Світланівське", "name:tt": null, "name:tk": null, "name:sv": null, "name:sr": null, "name:sk": null, "name:ru": null, "name:ro": null, "name:pl": null, "name:nl": null, "name:mhr": null, "name:lv": null, "name:lt": null, "name:kv": null, "name:kbd": null, "name:ja": null, "name:it": null, "name:hu": null, "name:hr": null, "name:fr": null, "name:fi": null, "name:et": null, "name:es": null, "name:en": null, "name:el": null, "name:de": null, "name:cu": null, "name:cs": null, "name:ce": null, "name:ca": null, "name:be-tarask": null, "name:be": null, "name:af": null, "name": "округ Светлановское", "is_in:country_code": null, "is_in:country": null, "int_ref": null, "gost_7.67-2003": null, "admin_level": "8", "addr:country": "RU", "ISO3166-2": null }, "geometry": { "type": "MultiPolygon", "coordinates": [ [ [ [ 30.3088848, 60.0255341 ], [ 30.3195371, 60.0298918 ], [ 30.3197579, 60.0300863 ], [ 30.3199004, 60.0300826 ], [ 30.320345, 60.0301446 ], [ 30.3204898, 60.0301534 ], [ 30.3208451, 60.0301798 ], [ 30.3379859, 60.0310231 ], [ 30.3380558, 60.0307472 ], [ 30.3382207, 60.0298428 ], [ 30.3383189, 60.0291814 ], [ 30.3384167, 60.0287673 ], [ 30.338496, 60.0287709 ], [ 30.3386094, 60.028777 ], [ 30.338633, 60.028743 ], [ 30.3387146, 60.0286995 ], [ 30.3387853, 60.028657 ], [ 30.3388115, 60.0284899 ], [ 30.3388181, 60.0284405 ], [ 30.3388851, 60.0279271 ], [ 30.3388924, 60.0278711 ], [ 30.3389122, 60.0277195 ], [ 30.3387422, 60.0277119 ], [ 30.3377661, 60.0276667 ], [ 30.3370068, 60.0276412 ], [ 30.33696, 60.0276394 ], [ 30.3345056, 60.0275574 ], [ 30.3343907, 60.0275535 ], [ 30.3338319, 60.0275345 ], [ 30.3337528, 60.0275321 ], [ 30.3330325, 60.027524 ], [ 30.3328917, 60.0275199 ], [ 30.3325825, 60.0275139 ], [ 30.3323522, 60.0275112 ], [ 30.3322336, 60.0275081 ], [ 30.3317653, 60.0275007 ], [ 30.3316164, 60.0274969 ], [ 30.3314906, 60.0274961 ], [ 30.3313991, 60.0274806 ], [ 30.3313109, 60.0274546 ], [ 30.3311196, 60.027355 ], [ 30.3310423, 60.0273055 ], [ 30.3310422, 60.0272342 ], [ 30.3310597, 60.0271444 ], [ 30.3310988, 60.027007 ], [ 30.33111, 60.0269747 ], [ 30.3311295, 60.0269187 ], [ 30.331447, 60.0270182 ], [ 30.3316519, 60.0270888 ], [ 30.3317267, 60.0270463 ], [ 30.3317771, 60.0270177 ], [ 30.3319419, 60.0269122 ], [ 30.3327958, 60.0263342 ], [ 30.3338889, 60.0255164 ], [ 30.3343854, 60.0251886 ], [ 30.3344746, 60.0251315 ], [ 30.3346436, 60.0250232 ], [ 30.3349889, 60.024802 ], [ 30.3350966, 60.024733 ], [ 30.3353601, 60.0245728 ], [ 30.3341092, 60.0241106 ], [ 30.3338581, 60.0240184 ], [ 30.3336854, 60.0240132 ], [ 30.3335169, 60.0239587 ], [ 30.3319275, 60.0233801 ], [ 30.3315523, 60.0232443 ], [ 30.3306635, 60.0229228 ], [ 30.3305139, 60.0228686 ], [ 30.3301449, 60.0227352 ], [ 30.3296454, 60.0225544 ], [ 30.3295893, 60.0225341 ], [ 30.3293353, 60.0224423 ], [ 30.3290649, 60.0223447 ], [ 30.3290202, 60.0223282 ], [ 30.3288623, 60.0222711 ], [ 30.3288099, 60.0222512 ], [ 30.3294913, 60.0218453 ], [ 30.3313403, 60.0206827 ], [ 30.3339798, 60.0190259 ], [ 30.3431075, 60.0132396 ], [ 30.3434662, 60.0130112 ], [ 30.3464433, 60.0111124 ], [ 30.3470715, 60.0107016 ], [ 30.34877, 60.0113709 ], [ 30.3499091, 60.0118246 ], [ 30.3509463, 60.0122376 ], [ 30.3640124, 60.017461 ], [ 30.365461, 60.0180432 ], [ 30.3672755, 60.0187685 ], [ 30.3673145, 60.0183805 ], [ 30.3674804, 60.0175185 ], [ 30.3675625, 60.0171857 ], [ 30.367653, 60.0168491 ], [ 30.367955, 60.0155876 ], [ 30.3679909, 60.0154362 ], [ 30.3680962, 60.0149916 ], [ 30.3681109, 60.0149293 ], [ 30.368356, 60.0139025 ], [ 30.3685577, 60.0130803 ], [ 30.368582, 60.0129721 ], [ 30.3686387, 60.0127329 ], [ 30.3687124, 60.0124286 ], [ 30.368746, 60.0122845 ], [ 30.3691635, 60.0104191 ], [ 30.3691634, 60.0102165 ], [ 30.3691256, 60.0100632 ], [ 30.3690354, 60.0098372 ], [ 30.3690253, 60.0097419 ], [ 30.3690451, 60.0096061 ], [ 30.3691307, 60.0094041 ], [ 30.3692697, 60.0092161 ], [ 30.3693371, 60.0091247 ], [ 30.3694238, 60.0090037 ], [ 30.3695027, 60.0088466 ], [ 30.3695278, 60.008771 ], [ 30.3697977, 60.0076977 ], [ 30.3698529, 60.0072794 ], [ 30.3698408, 60.0072122 ], [ 30.3697907, 60.0071098 ], [ 30.3688995, 60.0057321 ], [ 30.3681267, 60.0045967 ], [ 30.367116, 60.0031001 ], [ 30.3659669, 60.0013645 ], [ 30.365578, 60.0004733 ], [ 30.3648256, 59.9986651 ], [ 30.3647103, 59.9984021 ], [ 30.364645, 59.9982197 ], [ 30.3645587, 59.9979939 ], [ 30.3644571, 59.997768 ], [ 30.364301, 59.997363 ], [ 30.3641075, 59.99699 ], [ 30.3640009, 59.9967307 ], [ 30.3638684, 59.9964417 ], [ 30.3638346, 59.9963885 ], [ 30.3637981, 59.9963348 ], [ 30.3637541, 59.9962898 ], [ 30.3635889, 59.9961891 ], [ 30.3623082, 59.9953778 ], [ 30.3615737, 59.9949372 ], [ 30.3609674, 59.994631 ], [ 30.3607482, 59.9945267 ], [ 30.3604169, 59.9943691 ], [ 30.3593051, 59.9939264 ], [ 30.3580375, 59.9934051 ], [ 30.356119, 59.9926106 ], [ 30.3553653, 59.9922899 ], [ 30.354191, 59.9918044 ], [ 30.3537775, 59.9916333 ], [ 30.3533885, 59.9914709 ], [ 30.3533133, 59.9914399 ], [ 30.353068, 59.9913422 ], [ 30.3528782, 59.9912629 ], [ 30.3526738, 59.9911942 ], [ 30.3524935, 59.9911489 ], [ 30.3523169, 59.9911132 ], [ 30.3521614, 59.9910925 ], [ 30.3520328, 59.9910832 ], [ 30.3517896, 59.9910703 ], [ 30.3508765, 59.991022 ], [ 30.350329, 59.9909978 ], [ 30.3491304, 59.9909286 ], [ 30.3486157, 59.9908854 ], [ 30.3481245, 59.9907578 ], [ 30.3476967, 59.9905534 ], [ 30.3471997, 59.9902152 ], [ 30.3471185, 59.9901465 ], [ 30.3470842, 59.9901159 ], [ 30.3470134, 59.9901301 ], [ 30.3467948, 59.9901855 ], [ 30.3464851, 59.9902481 ], [ 30.3443276, 59.9901335 ], [ 30.3439736, 59.9900297 ], [ 30.34379, 59.990037 ], [ 30.3433958, 59.9900896 ], [ 30.3403161, 59.9899431 ], [ 30.3401972, 59.9898916 ], [ 30.3400055, 59.9898606 ], [ 30.3397881, 59.9903607 ], [ 30.3394865, 59.9910937 ], [ 30.3390098, 59.9923136 ], [ 30.3389439, 59.9924226 ], [ 30.3388813, 59.9924765 ], [ 30.3382294, 59.9927755 ], [ 30.3377766, 59.9929772 ], [ 30.3374647, 59.9929476 ], [ 30.336297, 59.9928303 ], [ 30.3356465, 59.9927729 ], [ 30.3354168, 59.9927531 ], [ 30.3345517, 59.9926706 ], [ 30.3341054, 59.9926108 ], [ 30.3331125, 59.9925333 ], [ 30.3322699, 59.9924536 ], [ 30.3321533, 59.9924409 ], [ 30.3320773, 59.9924326 ], [ 30.3312167, 59.9945639 ], [ 30.3310791, 59.994894 ], [ 30.3288066, 59.9943067 ], [ 30.3284834, 59.9942217 ], [ 30.3282452, 59.9943491 ], [ 30.3281286, 59.9943856 ], [ 30.327817, 59.9945272 ], [ 30.3277169, 59.9945325 ], [ 30.3276073, 59.9945384 ], [ 30.32732, 59.9944304 ], [ 30.3272011, 59.9945096 ], [ 30.3271854, 59.99452 ], [ 30.3270267, 59.9944742 ], [ 30.326655, 59.9948515 ], [ 30.326381, 59.9951436 ], [ 30.325218, 59.9947793 ], [ 30.3245354, 59.9953452 ], [ 30.3244535, 59.9954123 ], [ 30.3256506, 59.9957509 ], [ 30.3258488, 59.99582 ], [ 30.3246195, 59.9969057 ], [ 30.3246067, 59.9969637 ], [ 30.3246753, 59.9970195 ], [ 30.3243697, 59.9972511 ], [ 30.3236707, 59.998022 ], [ 30.3234426, 59.9982284 ], [ 30.3231623, 59.9985188 ], [ 30.3232649, 59.9985547 ], [ 30.3235477, 59.9986475 ], [ 30.3229739, 59.9996483 ], [ 30.322566, 60.0003574 ], [ 30.3222218, 60.0010438 ], [ 30.3221596, 60.0011677 ], [ 30.3219421, 60.0012227 ], [ 30.3217646, 60.0015032 ], [ 30.3216663, 60.0016703 ], [ 30.3212649, 60.0025688 ], [ 30.321041, 60.003008 ], [ 30.3210081, 60.0030697 ], [ 30.3205784, 60.0038746 ], [ 30.3205216, 60.0039102 ], [ 30.3202912, 60.0043356 ], [ 30.3197021, 60.0054626 ], [ 30.3196606, 60.0055878 ], [ 30.3189797, 60.0068814 ], [ 30.3184791, 60.007732 ], [ 30.318258, 60.0080976 ], [ 30.3183019, 60.0081768 ], [ 30.3163863, 60.011617 ], [ 30.3159604, 60.0123923 ], [ 30.3153286, 60.0135427 ], [ 30.3142768, 60.0155215 ], [ 30.3137544, 60.0165033 ], [ 30.3136887, 60.0166331 ], [ 30.3133161, 60.0173083 ], [ 30.3132023, 60.017518 ], [ 30.313115, 60.0176989 ], [ 30.313082, 60.017692 ], [ 30.3129803, 60.0176785 ], [ 30.3128022, 60.017655 ], [ 30.3127214, 60.0176444 ], [ 30.3126116, 60.0178527 ], [ 30.3126008, 60.0178732 ], [ 30.3125736, 60.0179246 ], [ 30.3125365, 60.0179923 ], [ 30.3125081, 60.0180442 ], [ 30.3124749, 60.0181048 ], [ 30.3124465, 60.0181564 ], [ 30.3123008, 60.0184133 ], [ 30.3122797, 60.0184563 ], [ 30.312135, 60.0187119 ], [ 30.3121296, 60.018724 ], [ 30.3121181, 60.0187659 ], [ 30.3120238, 60.0189472 ], [ 30.311984, 60.0189899 ], [ 30.311861, 60.0192267 ], [ 30.3118441, 60.0192655 ], [ 30.3119133, 60.0192762 ], [ 30.3120673, 60.019297 ], [ 30.3122328, 60.0193167 ], [ 30.3121207, 60.0195222 ], [ 30.3122141, 60.0195349 ], [ 30.3093463, 60.024787 ], [ 30.3090026, 60.0254429 ], [ 30.3088848, 60.0255341 ] ] ] ] } },
{ "type": "Feature", "properties": { "full_id": "r1181028", "osm_id": "1181028", "osm_type": "relation", "boundary": "administrative", "wikimedia_commons": null, "start_date": null, "sqkm": null, "short_name:uk": null, "short_name:ru": null, "short_name:be": null, "short_name": null, "name:ru:word_stress": null, "oktmo": null, "contact:website": null, "contact:vk": null, "contact:instagram": null, "okato:user": null, "loc_name": null, "old_name:de": null, "oktmo:user": null, "old_name:uk": null, "old_name": null, "name:etymology:wikidata": null, "alt_name": null, "official_name": null, "addr:postcode": null, "url": "http://www.gov.spb.ru/law?d&nd=8414528&nh=0&header=010000006D00#I0", "place": "town", "addr:region": "Санкт-Петербург", "old_name:vi": null, "old_name:os": null, "old_name:mk": null, "old_name:ku": null, "old_name:hr": null, "old_name:fr": null, "old_name:eo": null, "old_name:en": null, "old_name:ar": null, "old_name:1924-01-26--1991-09-06": null, "old_name:1914-08-31--1924-01-26": null, "old_alt_name:vi": null, "name:tzl": null, "name:sl": null, "name:pt": null, "name:os": null, "name:nb": null, "name:mk": null, "name:lb": null, "name:ku": null, "name:ko": null, "name:gl": null, "name:fy": null, "name:eo": null, "name:da": null, "name:bg": null, "name:ast": null, "name:ar": null, "name:ab": null, "int_name": null, "alt_name:vi": null, "alt_name:mk": null, "wikipedia": "ru:Левашово (Санкт-Петербург)", "wikidata": "Q2993085", "website": null, "type": "boundary", "timezone": null, "ref": null, "population:date": null, "population": null, "official_status": "ru:посёлок", "name:zh-Hant": null, "name:zh-Hans": null, "name:zh": null, "name:vi": null, "name:uk": null, "name:tt": null, "name:tk": null, "name:sv": null, "name:sr": null, "name:sk": null, "name:ru": "Левашово", "name:ro": null, "name:pl": null, "name:nl": null, "name:mhr": null, "name:lv": null, "name:lt": null, "name:kv": null, "name:kbd": null, "name:ja": null, "name:it": null, "name:hu": null, "name:hr": null, "name:fr": null, "name:fi": "Levassova", "name:et": null, "name:es": null, "name:en": "Levashovo", "name:el": null, "name:de": null, "name:cu": null, "name:cs": null, "name:ce": null, "name:ca": null, "name:be-tarask": null, "name:be": null, "name:af": null, "name": "Левашово", "is_in:country_code": null, "is_in:country": null, "int_ref": null, "gost_7.67-2003": null, "admin_level": "8", "addr:country": "RU", "ISO3166-2": null }, "geometry": { "type": "MultiPolygon", "coordinates": [ [ [ [ 30.1356287, 60.0576144 ], [ 30.1261824, 60.0563231 ], [ 30.1262256, 60.0567296 ], [ 30.1265782, 60.0569864 ], [ 30.1262815, 60.0574705 ], [ 30.1282492, 60.0578568 ], [ 30.1352592, 60.0596817 ], [ 30.1357703, 60.0599375 ], [ 30.136017, 60.0601703 ], [ 30.1361908, 60.0606096 ], [ 30.1361728, 60.061417 ], [ 30.1358872, 60.0633057 ], [ 30.1359164, 60.06407 ], [ 30.1360153, 60.064374 ], [ 30.1363334, 60.0647072 ], [ 30.1367658, 60.0650117 ], [ 30.1373554, 60.0652463 ], [ 30.1378287, 60.0653667 ], [ 30.137983, 60.0654198 ], [ 30.1381578, 60.0659503 ], [ 30.1381411, 60.0663084 ], [ 30.1371228, 60.0679218 ], [ 30.1369157, 60.0682498 ], [ 30.135428, 60.0706078 ], [ 30.1332163, 60.0726424 ], [ 30.1191347, 60.070006 ], [ 30.1160174, 60.0718794 ], [ 30.1121051, 60.0726668 ], [ 30.1042255, 60.0795927 ], [ 30.102799, 60.0808527 ], [ 30.0945407, 60.0853186 ], [ 30.08843, 60.0865811 ], [ 30.0871855, 60.0868775 ], [ 30.0832814, 60.0881452 ], [ 30.0768868, 60.0904474 ], [ 30.0742072, 60.0939662 ], [ 30.0710469, 60.0960743 ], [ 30.070784, 60.0962496 ], [ 30.0729037, 60.0972712 ], [ 30.085124, 60.104261 ], [ 30.0879644, 60.1076002 ], [ 30.0883638, 60.1078002 ], [ 30.0884829, 60.1078658 ], [ 30.0885218, 60.1079192 ], [ 30.0886392, 60.1079795 ], [ 30.0888102, 60.1079827 ], [ 30.0889054, 60.1079734 ], [ 30.0889965, 60.1079463 ], [ 30.0892259, 60.1078618 ], [ 30.0892916, 60.1078524 ], [ 30.0893573, 60.1078544 ], [ 30.08947, 60.1078718 ], [ 30.089525, 60.1078698 ], [ 30.0895853, 60.1078557 ], [ 30.0897208, 60.1078103 ], [ 30.0898468, 60.1077949 ], [ 30.0899515, 60.1077989 ], [ 30.0900413, 60.1077929 ], [ 30.090103, 60.1077635 ], [ 30.0901231, 60.1077294 ], [ 30.0901285, 60.1077013 ], [ 30.0901113, 60.1076749 ], [ 30.0900829, 60.1076118 ], [ 30.0900936, 60.1075717 ], [ 30.090158, 60.1075343 ], [ 30.0903873, 60.1074794 ], [ 30.0905322, 60.1074581 ], [ 30.0906689, 60.1074554 ], [ 30.0908192, 60.1074437 ], [ 30.090909, 60.1074494 ], [ 30.0909626, 60.1074567 ], [ 30.0910391, 60.1074928 ], [ 30.0911196, 60.1074975 ], [ 30.0911544, 60.1074888 ], [ 30.0912033, 60.1074508 ], [ 30.0912134, 60.1073972 ], [ 30.0912403, 60.1073611 ], [ 30.0912979, 60.1073424 ], [ 30.0914347, 60.1073478 ], [ 30.0914817, 60.1073645 ], [ 30.091597, 60.1073705 ], [ 30.0917606, 60.1073792 ], [ 30.0918719, 60.1073939 ], [ 30.0919537, 60.1074454 ], [ 30.0920154, 60.1074935 ], [ 30.0920932, 60.1075262 ], [ 30.0922528, 60.1075309 ], [ 30.0923507, 60.1075416 ], [ 30.0924258, 60.1075456 ], [ 30.0925277, 60.107549 ], [ 30.0926162, 60.107549 ], [ 30.0926699, 60.1075623 ], [ 30.0927168, 60.107573 ], [ 30.0927839, 60.107567 ], [ 30.0928335, 60.107551 ], [ 30.0928844, 60.1075122 ], [ 30.0929368, 60.1074701 ], [ 30.092977, 60.107424 ], [ 30.0929998, 60.1073892 ], [ 30.092981, 60.1073404 ], [ 30.0929072, 60.1072896 ], [ 30.0929036, 60.1072681 ], [ 30.092926, 60.1072529 ], [ 30.0929797, 60.1072335 ], [ 30.0930521, 60.1072081 ], [ 30.0931312, 60.1071987 ], [ 30.0931835, 60.107184 ], [ 30.0932854, 60.1071626 ], [ 30.0933726, 60.107158 ], [ 30.0934638, 60.1071539 ], [ 30.0936542, 60.1071586 ], [ 30.0937749, 60.1071586 ], [ 30.0938648, 60.107166 ], [ 30.0939774, 60.1071566 ], [ 30.0940526, 60.1071372 ], [ 30.0941008, 60.1071299 ], [ 30.0941934, 60.1071052 ], [ 30.0942497, 60.1070724 ], [ 30.094302, 60.1070236 ], [ 30.0943556, 60.1069955 ], [ 30.094416, 60.1069488 ], [ 30.0944643, 60.1068719 ], [ 30.0944951, 60.1068218 ], [ 30.0945474, 60.1067649 ], [ 30.0946252, 60.1067168 ], [ 30.0947218, 60.1067008 ], [ 30.0948022, 60.1067088 ], [ 30.0948894, 60.1067228 ], [ 30.0949323, 60.1067322 ], [ 30.094986, 60.1067629 ], [ 30.0950584, 60.1068077 ], [ 30.095273, 60.1069053 ], [ 30.0953615, 60.1069501 ], [ 30.0954835, 60.1070243 ], [ 30.0955841, 60.1070804 ], [ 30.0957182, 60.1071346 ], [ 30.0957973, 60.1071653 ], [ 30.0958617, 60.107184 ], [ 30.0960347, 60.1072168 ], [ 30.0961621, 60.1072362 ], [ 30.0962399, 60.1072689 ], [ 30.0963204, 60.1073204 ], [ 30.0964357, 60.1073625 ], [ 30.0965323, 60.1073805 ], [ 30.0966986, 60.1073879 ], [ 30.096838, 60.1074026 ], [ 30.0970003, 60.1074146 ], [ 30.0970781, 60.1073952 ], [ 30.097117, 60.1073571 ], [ 30.0971317, 60.1073217 ], [ 30.0971143, 60.1072769 ], [ 30.0970754, 60.1072148 ], [ 30.0970633, 60.107158 ], [ 30.0970432, 60.1071179 ], [ 30.0970486, 60.1070918 ], [ 30.0970969, 60.1070597 ], [ 30.0972005, 60.1070726 ], [ 30.0972725, 60.1071018 ], [ 30.097357, 60.1071292 ], [ 30.0974107, 60.1071593 ], [ 30.0974621, 60.1071657 ], [ 30.0975475, 60.1071426 ], [ 30.0976735, 60.1070918 ], [ 30.0977755, 60.1070704 ], [ 30.0980544, 60.1070009 ], [ 30.0982663, 60.1069361 ], [ 30.0985023, 60.1068879 ], [ 30.0988363, 60.106803 ], [ 30.0991595, 60.1067255 ], [ 30.0993767, 60.1066714 ], [ 30.0996114, 60.1066112 ], [ 30.0998595, 60.106537 ], [ 30.100044, 60.1064899 ], [ 30.1001747, 60.1064628 ], [ 30.1002994, 60.1064414 ], [ 30.1005569, 60.1064274 ], [ 30.100695, 60.1064127 ], [ 30.1008385, 60.106396 ], [ 30.1009874, 60.1063806 ], [ 30.1012462, 60.1063833 ], [ 30.101377, 60.1063756 ], [ 30.1015078, 60.1063679 ], [ 30.1016499, 60.1063806 ], [ 30.1017733, 60.1063813 ], [ 30.1019704, 60.1063759 ], [ 30.1021716, 60.1063599 ], [ 30.1024318, 60.1063606 ], [ 30.1028515, 60.1063666 ], [ 30.1031131, 60.1063579 ], [ 30.1033665, 60.1063452 ], [ 30.1037487, 60.1063352 ], [ 30.1041564, 60.1063178 ], [ 30.1043978, 60.1063131 ], [ 30.1046661, 60.1063138 ], [ 30.1049745, 60.1063332 ], [ 30.1051395, 60.1063405 ], [ 30.1052561, 60.1063399 ], [ 30.1053983, 60.1063272 ], [ 30.1055016, 60.1063051 ], [ 30.1056518, 60.1062703 ], [ 30.1057845, 60.1062523 ], [ 30.1058999, 60.1062389 ], [ 30.1060984, 60.1062262 ], [ 30.1062258, 60.1062289 ], [ 30.1062982, 60.1062483 ], [ 30.106437, 60.1062886 ], [ 30.1066147, 60.1063231 ], [ 30.1068093, 60.1063503 ], [ 30.1069017, 60.1063632 ], [ 30.1070988, 60.1064067 ], [ 30.1072557, 60.1064548 ], [ 30.1073764, 60.1064715 ], [ 30.107536, 60.1064809 ], [ 30.1076205, 60.1064936 ], [ 30.1077734, 60.106537 ], [ 30.1078901, 60.1065551 ], [ 30.1080698, 60.1065611 ], [ 30.1081918, 60.1065718 ], [ 30.1083621, 60.1065952 ], [ 30.1085982, 60.1066486 ], [ 30.1087216, 60.1066687 ], [ 30.1088798, 60.1066774 ], [ 30.1090139, 60.1066928 ], [ 30.1091132, 60.1067068 ], [ 30.109262, 60.1067275 ], [ 30.1093908, 60.1067208 ], [ 30.1095209, 60.1067001 ], [ 30.1096161, 60.1066874 ], [ 30.1097904, 60.1067222 ], [ 30.1098406, 60.1067472 ], [ 30.1099648, 60.106797 ], [ 30.1100428, 60.106819 ], [ 30.1101896, 60.1068396 ], [ 30.1103114, 60.1068599 ], [ 30.1102987, 60.1068993 ], [ 30.1102585, 60.1069213 ], [ 30.1101284, 60.1069294 ], [ 30.1099916, 60.1069227 ], [ 30.1098923, 60.1069 ], [ 30.1097636, 60.1068839 ], [ 30.1096845, 60.1068919 ], [ 30.1096617, 60.1069093 ], [ 30.1096067, 60.1069447 ], [ 30.1095504, 60.1070183 ], [ 30.1095329, 60.1070524 ], [ 30.1095141, 60.1070677 ], [ 30.1094659, 60.1070811 ], [ 30.1094216, 60.1070824 ], [ 30.1092982, 60.1070971 ], [ 30.1092392, 60.1071105 ], [ 30.1091118, 60.1071179 ], [ 30.1090005, 60.1071205 ], [ 30.1089428, 60.1071506 ], [ 30.1089093, 60.1072281 ], [ 30.1089443, 60.1072732 ], [ 30.1089898, 60.1073204 ], [ 30.1090384, 60.1073439 ], [ 30.1091145, 60.1073845 ], [ 30.1091306, 60.1074133 ], [ 30.1091185, 60.1074373 ], [ 30.1090541, 60.1074694 ], [ 30.1090045, 60.1074935 ], [ 30.1090072, 60.1075068 ], [ 30.1090555, 60.1075343 ], [ 30.1091279, 60.1075837 ], [ 30.109144, 60.1076358 ], [ 30.1091386, 60.1076793 ], [ 30.1091199, 60.1077033 ], [ 30.1090863, 60.1077588 ], [ 30.1090796, 60.1077856 ], [ 30.1090756, 60.1078557 ], [ 30.1091118, 60.1078918 ], [ 30.1091641, 60.1079206 ], [ 30.1091802, 60.107942 ], [ 30.1091909, 60.1079674 ], [ 30.1091413, 60.1080375 ], [ 30.1091762, 60.1080703 ], [ 30.1092271, 60.1080783 ], [ 30.1093519, 60.1080723 ], [ 30.1094136, 60.1080456 ], [ 30.1094551, 60.1080202 ], [ 30.1095343, 60.1079613 ], [ 30.1095866, 60.1079506 ], [ 30.109655, 60.1079593 ], [ 30.1096925, 60.1079814 ], [ 30.1097352, 60.108044 ], [ 30.1097555, 60.1080703 ], [ 30.1097475, 60.1081625 ], [ 30.109714, 60.1082126 ], [ 30.1097019, 60.1082962 ], [ 30.1096737, 60.108351 ], [ 30.1096255, 60.1083931 ], [ 30.1095681, 60.1084216 ], [ 30.1095048, 60.1084392 ], [ 30.1094404, 60.1084499 ], [ 30.1093532, 60.1084506 ], [ 30.1092486, 60.1084492 ], [ 30.1091695, 60.1084559 ], [ 30.1090407, 60.108474 ], [ 30.1089576, 60.1084653 ], [ 30.1088624, 60.1084526 ], [ 30.1087604, 60.1084506 ], [ 30.1086666, 60.1084633 ], [ 30.1086169, 60.1084786 ], [ 30.1082978, 60.1086778 ], [ 30.1083031, 60.1086959 ], [ 30.1083259, 60.1087132 ], [ 30.1083849, 60.1087313 ], [ 30.1085123, 60.108744 ], [ 30.1086009, 60.108758 ], [ 30.1086532, 60.1087747 ], [ 30.1087484, 60.1088101 ], [ 30.1088355, 60.1088389 ], [ 30.1088785, 60.1088589 ], [ 30.1088892, 60.1088837 ], [ 30.1088664, 60.1089117 ], [ 30.1087645, 60.1089625 ], [ 30.1087175, 60.1090153 ], [ 30.1086947, 60.109026 ], [ 30.1086357, 60.1090267 ], [ 30.1085687, 60.109006 ], [ 30.1084855, 60.1089766 ], [ 30.1084332, 60.1089325 ], [ 30.1083742, 60.1088903 ], [ 30.1083232, 60.1088743 ], [ 30.1082656, 60.1088797 ], [ 30.1082267, 60.1089037 ], [ 30.1082146, 60.1089358 ], [ 30.108216, 60.1089712 ], [ 30.1082428, 60.1090107 ], [ 30.108279, 60.1090554 ], [ 30.1083031, 60.1090929 ], [ 30.1083045, 60.1091423 ], [ 30.1082924, 60.1091824 ], [ 30.1082937, 60.1092165 ], [ 30.1083487, 60.1092646 ], [ 30.1084158, 60.1093047 ], [ 30.1084667, 60.1093094 ], [ 30.1085164, 60.109302 ], [ 30.1085472, 60.1092787 ], [ 30.108562, 60.1092432 ], [ 30.1085861, 60.1092232 ], [ 30.1086505, 60.1092065 ], [ 30.1087068, 60.1092038 ], [ 30.1087752, 60.1092091 ], [ 30.1088516, 60.1092372 ], [ 30.1089308, 60.1092492 ], [ 30.1090085, 60.1092713 ], [ 30.1090421, 60.1093027 ], [ 30.1090501, 60.1093408 ], [ 30.1090421, 60.1093622 ], [ 30.1090179, 60.1093736 ], [ 30.1089589, 60.1093883 ], [ 30.1089026, 60.1093909 ], [ 30.1088047, 60.109415 ], [ 30.1087363, 60.1094197 ], [ 30.108692, 60.109431 ], [ 30.1086639, 60.1094631 ], [ 30.1086666, 60.1095173 ], [ 30.1087148, 60.109538 ], [ 30.1087564, 60.1095573 ], [ 30.1088127, 60.1095834 ], [ 30.1088718, 60.1096215 ], [ 30.1089241, 60.1096636 ], [ 30.1089804, 60.1097017 ], [ 30.1090072, 60.1097358 ], [ 30.1090233, 60.1097766 ], [ 30.1090407, 60.1097933 ], [ 30.1090367, 60.1098187 ], [ 30.1090313, 60.1098641 ], [ 30.1090153, 60.1098888 ], [ 30.1089925, 60.1099303 ], [ 30.1089562, 60.109961 ], [ 30.1089187, 60.1099744 ], [ 30.1088946, 60.1099984 ], [ 30.1088087, 60.1100532 ], [ 30.1087444, 60.1100907 ], [ 30.1087041, 60.1101221 ], [ 30.1086853, 60.1101588 ], [ 30.1086894, 60.1101896 ], [ 30.1087148, 60.110233 ], [ 30.1087256, 60.1102618 ], [ 30.108743, 60.1102811 ], [ 30.108743, 60.1102958 ], [ 30.1087216, 60.1103313 ], [ 30.1086692, 60.1103707 ], [ 30.1086143, 60.1104155 ], [ 30.108574, 60.1104429 ], [ 30.108566, 60.1104643 ], [ 30.1085405, 60.110509 ], [ 30.1085311, 60.1105371 ], [ 30.1085258, 60.1105685 ], [ 30.1085271, 60.1106079 ], [ 30.108507, 60.110628 ], [ 30.1084828, 60.110644 ], [ 30.1084372, 60.1106694 ], [ 30.1083286, 60.1107135 ], [ 30.1082267, 60.1107416 ], [ 30.1080886, 60.1107911 ], [ 30.1080604, 60.1108205 ], [ 30.1080188, 60.1109261 ], [ 30.1079508, 60.1110264 ], [ 30.1079142, 60.1110804 ], [ 30.1079169, 60.1111332 ], [ 30.1079464, 60.1111593 ], [ 30.1079558, 60.1111934 ], [ 30.1079209, 60.1112235 ], [ 30.1078399, 60.1112631 ], [ 30.1077694, 60.1113103 ], [ 30.1077063, 60.111327 ], [ 30.1076487, 60.1113284 ], [ 30.107591, 60.1113083 ], [ 30.1075186, 60.1112963 ], [ 30.1074663, 60.1113137 ], [ 30.1074462, 60.1113404 ], [ 30.107426, 60.1113651 ], [ 30.1074341, 60.1113952 ], [ 30.1074609, 60.1114233 ], [ 30.1075132, 60.111444 ], [ 30.1075669, 60.1114527 ], [ 30.1076514, 60.1114701 ], [ 30.1077265, 60.1115015 ], [ 30.1077586, 60.1115342 ], [ 30.1077801, 60.1115716 ], [ 30.1077801, 60.1116411 ], [ 30.1077908, 60.1116832 ], [ 30.1078123, 60.1117113 ], [ 30.1078579, 60.1117441 ], [ 30.1079236, 60.1117668 ], [ 30.1080094, 60.1117701 ], [ 30.1080644, 60.1117888 ], [ 30.1081127, 60.1118269 ], [ 30.1081543, 60.1118663 ], [ 30.1081771, 60.1119198 ], [ 30.1081502, 60.1119679 ], [ 30.108051, 60.1120428 ], [ 30.1080459, 60.1121347 ], [ 30.1081556, 60.112405 ], [ 30.1082039, 60.1125253 ], [ 30.1082575, 60.1125921 ], [ 30.1083675, 60.1126202 ], [ 30.1084506, 60.1126202 ], [ 30.1085526, 60.112568 ], [ 30.1085928, 60.1125239 ], [ 30.1086572, 60.1125026 ], [ 30.108743, 60.1125213 ], [ 30.1088288, 60.1126121 ], [ 30.1089898, 60.1126228 ], [ 30.1090676, 60.1126496 ], [ 30.1090622, 60.1127137 ], [ 30.109089, 60.1127632 ], [ 30.1091453, 60.1127899 ], [ 30.1092909, 60.1128576 ], [ 30.1094109, 60.1128915 ], [ 30.1095584, 60.1128821 ], [ 30.1096523, 60.1129062 ], [ 30.1096871, 60.1129396 ], [ 30.1096978, 60.1130195 ], [ 30.1095718, 60.1130866 ], [ 30.1094934, 60.1131584 ], [ 30.1095235, 60.1132176 ], [ 30.1095799, 60.113247 ], [ 30.10984, 60.1132604 ], [ 30.110009, 60.1132523 ], [ 30.110127, 60.1132777 ], [ 30.1102665, 60.1133499 ], [ 30.1104194, 60.113394 ], [ 30.1105213, 60.1133713 ], [ 30.1105672, 60.1133309 ], [ 30.1107171, 60.1131895 ], [ 30.1109371, 60.1131655 ], [ 30.1111409, 60.1131909 ], [ 30.1113027, 60.1132317 ], [ 30.1114038, 60.1132657 ], [ 30.1114547, 60.1133125 ], [ 30.1114762, 60.1133913 ], [ 30.1114601, 60.1134742 ], [ 30.1114775, 60.1135624 ], [ 30.1115468, 60.1136434 ], [ 30.1116304, 60.1136733 ], [ 30.1117833, 60.113686 ], [ 30.1118772, 60.1136827 ], [ 30.1119744, 60.1136425 ], [ 30.1120569, 60.1136005 ], [ 30.1122352, 60.113531 ], [ 30.1122996, 60.1135083 ], [ 30.1124364, 60.1135116 ], [ 30.1124887, 60.1135437 ], [ 30.112545, 60.1135865 ], [ 30.1126255, 60.1136246 ], [ 30.1128039, 60.1136533 ], [ 30.1129809, 60.113664 ], [ 30.1130748, 60.1136466 ], [ 30.1131526, 60.1136479 ], [ 30.1131901, 60.113672 ], [ 30.1131928, 60.1136947 ], [ 30.1131365, 60.1137241 ], [ 30.1130545, 60.1137718 ], [ 30.1130319, 60.1138444 ], [ 30.113056, 60.1138979 ], [ 30.1131177, 60.113938 ], [ 30.113233, 60.1139928 ], [ 30.1133403, 60.1140141 ], [ 30.1134127, 60.1140529 ], [ 30.1136005, 60.1141745 ], [ 30.1136675, 60.1142614 ], [ 30.1136756, 60.1143616 ], [ 30.1137614, 60.1144365 ], [ 30.113858, 60.1144766 ], [ 30.114027, 60.1144458 ], [ 30.1141557, 60.1144004 ], [ 30.1143325, 60.1143353 ], [ 30.1147091, 60.1140059 ], [ 30.1195941, 60.1126061 ], [ 30.1239058, 60.1142362 ], [ 30.1251019, 60.1135811 ], [ 30.1274073, 60.1144876 ], [ 30.1337336, 60.1121818 ], [ 30.1386815, 60.1143407 ], [ 30.1378024, 60.114848 ], [ 30.1380238, 60.1151482 ], [ 30.1376914, 60.116287 ], [ 30.1376914, 60.1168046 ], [ 30.1379615, 60.1170531 ], [ 30.1380446, 60.1178087 ], [ 30.1383355, 60.118316 ], [ 30.1386679, 60.1185334 ], [ 30.1382508, 60.1189422 ], [ 30.1379961, 60.1189837 ], [ 30.138875, 60.1200381 ], [ 30.1525282, 60.1173423 ], [ 30.173362, 60.1132411 ], [ 30.2103563, 60.105954 ], [ 30.2183323, 60.1043694 ], [ 30.2242395, 60.1031964 ], [ 30.2257665, 60.1028573 ], [ 30.2277099, 60.1023533 ], [ 30.2294219, 60.1018362 ], [ 30.2311812, 60.1012166 ], [ 30.2332304, 60.100378 ], [ 30.2352575, 60.0994008 ], [ 30.2369474, 60.0984096 ], [ 30.2382761, 60.097502 ], [ 30.2452439, 60.0919357 ], [ 30.2398813, 60.089635 ], [ 30.2380322, 60.0888885 ], [ 30.2360069, 60.0881828 ], [ 30.2333589, 60.0873391 ], [ 30.2310631, 60.0866773 ], [ 30.2281321, 60.0859715 ], [ 30.2250439, 60.0853222 ], [ 30.2214273, 60.0847011 ], [ 30.2182258, 60.0842839 ], [ 30.2143702, 60.083873 ], [ 30.2117536, 60.0836911 ], [ 30.209439, 60.0836032 ], [ 30.2069105, 60.0834056 ], [ 30.204445, 60.0831358 ], [ 30.2012498, 60.0826841 ], [ 30.2004887, 60.0825586 ], [ 30.1977527, 60.0819971 ], [ 30.1951138, 60.081396 ], [ 30.1922181, 60.0805527 ], [ 30.1896499, 60.0796716 ], [ 30.1874142, 60.0787791 ], [ 30.1863822, 60.0783272 ], [ 30.1853808, 60.0778496 ], [ 30.1842664, 60.0772783 ], [ 30.1832108, 60.0766762 ], [ 30.1823992, 60.0762206 ], [ 30.1810859, 60.0753513 ], [ 30.1800607, 60.074609 ], [ 30.1730592, 60.0692581 ], [ 30.171361, 60.068093 ], [ 30.1697728, 60.0671005 ], [ 30.1679095, 60.0660726 ], [ 30.1658732, 60.0650565 ], [ 30.1644422, 60.0643817 ], [ 30.1632708, 60.0638873 ], [ 30.1597721, 60.0625651 ], [ 30.1572484, 60.0616744 ], [ 30.1543158, 60.0608112 ], [ 30.1513766, 60.0600996 ], [ 30.149537, 60.0596857 ], [ 30.1478165, 60.0593573 ], [ 30.143767, 60.0586983 ], [ 30.1356287, 60.0576144 ] ] ] ] } },
{ "type": "Feature", "properties": { "full_id": "r1181029", "osm_id": "1181029", "osm_type": "relation", "boundary": "administrative", "wikimedia_commons": null, "start_date": null, "sqkm": null, "short_name:uk": null, "short_name:ru": null, "short_name:be": null, "short_name": null, "name:ru:word_stress": null, "oktmo": null, "contact:website": "http://mososnovskoe.sankt-peterburg.info", "contact:vk": null, "contact:instagram": null, "okato:user": null, "loc_name": null, "old_name:de": null, "oktmo:user": null, "old_name:uk": null, "old_name": null, "name:etymology:wikidata": null, "alt_name": null, "official_name": "муниципальный округ Сосновское", "addr:postcode": null, "url": null, "place": null, "addr:region": "Санкт-Петербург", "old_name:vi": null, "old_name:os": null, "old_name:mk": null, "old_name:ku": null, "old_name:hr": null, "old_name:fr": null, "old_name:eo": null, "old_name:en": null, "old_name:ar": null, "old_name:1924-01-26--1991-09-06": null, "old_name:1914-08-31--1924-01-26": null, "old_alt_name:vi": null, "name:tzl": null, "name:sl": null, "name:pt": null, "name:os": null, "name:nb": null, "name:mk": null, "name:lb": null, "name:ku": null, "name:ko": null, "name:gl": null, "name:fy": null, "name:eo": null, "name:da": null, "name:bg": null, "name:ast": null, "name:ar": null, "name:ab": null, "int_name": null, "alt_name:vi": null, "alt_name:mk": null, "wikipedia": "ru:Сосновское (округ)", "wikidata": "Q3491344", "website": null, "type": "boundary", "timezone": null, "ref": "14", "population:date": null, "population": null, "official_status": "ru:внутригородская территория города федерального значения", "name:zh-Hant": null, "name:zh-Hans": null, "name:zh": null, "name:vi": null, "name:uk": "Округ Сосновське", "name:tt": null, "name:tk": null, "name:sv": null, "name:sr": null, "name:sk": null, "name:ru": null, "name:ro": null, "name:pl": null, "name:nl": null, "name:mhr": null, "name:lv": null, "name:lt": null, "name:kv": null, "name:kbd": null, "name:ja": null, "name:it": null, "name:hu": null, "name:hr": null, "name:fr": null, "name:fi": null, "name:et": null, "name:es": null, "name:en": null, "name:el": null, "name:de": null, "name:cu": null, "name:cs": null, "name:ce": null, "name:ca": null, "name:be-tarask": null, "name:be": null, "name:af": null, "name": "округ Сосновское", "is_in:country_code": null, "is_in:country": null, "int_ref": null, "gost_7.67-2003": null, "admin_level": "8", "addr:country": "RU", "ISO3166-2": null }, "geometry": { "type": "MultiPolygon", "coordinates": [ [ [ [ 30.3282257, 60.043837 ], [ 30.329116, 60.0436536 ], [ 30.334608, 60.0425292 ], [ 30.3469708, 60.0400121 ], [ 30.3590649, 60.0375555 ], [ 30.3657383, 60.0361959 ], [ 30.3667471, 60.0360009 ], [ 30.3660606, 60.0352735 ], [ 30.3654163, 60.0343654 ], [ 30.3651017, 60.0334615 ], [ 30.364966, 60.0330131 ], [ 30.3648499, 60.0321357 ], [ 30.3648662, 60.0317869 ], [ 30.3649192, 60.0314225 ], [ 30.3652255, 60.0297057 ], [ 30.3660748, 60.0253985 ], [ 30.3668449, 60.0214913 ], [ 30.3672517, 60.019399 ], [ 30.3672865, 60.0191606 ], [ 30.3672755, 60.0187685 ], [ 30.365461, 60.0180432 ], [ 30.3640124, 60.017461 ], [ 30.3509463, 60.0122376 ], [ 30.3499091, 60.0118246 ], [ 30.34877, 60.0113709 ], [ 30.3470715, 60.0107016 ], [ 30.3464433, 60.0111124 ], [ 30.3434662, 60.0130112 ], [ 30.3431075, 60.0132396 ], [ 30.3339798, 60.0190259 ], [ 30.3313403, 60.0206827 ], [ 30.3294913, 60.0218453 ], [ 30.3288099, 60.0222512 ], [ 30.3288623, 60.0222711 ], [ 30.3290202, 60.0223282 ], [ 30.3290649, 60.0223447 ], [ 30.3293353, 60.0224423 ], [ 30.3295893, 60.0225341 ], [ 30.3296454, 60.0225544 ], [ 30.3301449, 60.0227352 ], [ 30.3305139, 60.0228686 ], [ 30.3306635, 60.0229228 ], [ 30.3315523, 60.0232443 ], [ 30.3319275, 60.0233801 ], [ 30.3335169, 60.0239587 ], [ 30.3336854, 60.0240132 ], [ 30.3338581, 60.0240184 ], [ 30.3341092, 60.0241106 ], [ 30.3353601, 60.0245728 ], [ 30.3350966, 60.024733 ], [ 30.3349889, 60.024802 ], [ 30.3346436, 60.0250232 ], [ 30.3344746, 60.0251315 ], [ 30.3343854, 60.0251886 ], [ 30.3338889, 60.0255164 ], [ 30.3327958, 60.0263342 ], [ 30.3319419, 60.0269122 ], [ 30.3317771, 60.0270177 ], [ 30.3317267, 60.0270463 ], [ 30.3316519, 60.0270888 ], [ 30.331447, 60.0270182 ], [ 30.3311295, 60.0269187 ], [ 30.33111, 60.0269747 ], [ 30.3310988, 60.027007 ], [ 30.3310597, 60.0271444 ], [ 30.3310422, 60.0272342 ], [ 30.3310423, 60.0273055 ], [ 30.3311196, 60.027355 ], [ 30.3313109, 60.0274546 ], [ 30.3313991, 60.0274806 ], [ 30.3314906, 60.0274961 ], [ 30.3316164, 60.0274969 ], [ 30.3317653, 60.0275007 ], [ 30.3322336, 60.0275081 ], [ 30.3323522, 60.0275112 ], [ 30.3325825, 60.0275139 ], [ 30.3328917, 60.0275199 ], [ 30.3330325, 60.027524 ], [ 30.3337528, 60.0275321 ], [ 30.3338319, 60.0275345 ], [ 30.3343907, 60.0275535 ], [ 30.3345056, 60.0275574 ], [ 30.33696, 60.0276394 ], [ 30.3370068, 60.0276412 ], [ 30.3377661, 60.0276667 ], [ 30.3387422, 60.0277119 ], [ 30.3389122, 60.0277195 ], [ 30.3388924, 60.0278711 ], [ 30.3388851, 60.0279271 ], [ 30.3388181, 60.0284405 ], [ 30.3388115, 60.0284899 ], [ 30.3387853, 60.028657 ], [ 30.3387146, 60.0286995 ], [ 30.338633, 60.028743 ], [ 30.3386094, 60.028777 ], [ 30.338496, 60.0287709 ], [ 30.3384167, 60.0287673 ], [ 30.3383189, 60.0291814 ], [ 30.3382207, 60.0298428 ], [ 30.3380558, 60.0307472 ], [ 30.3379859, 60.0310231 ], [ 30.3208451, 60.0301798 ], [ 30.3204898, 60.0301534 ], [ 30.320345, 60.0301446 ], [ 30.3199004, 60.0300826 ], [ 30.3200765, 60.0305792 ], [ 30.3201856, 60.0309233 ], [ 30.320252, 60.0312016 ], [ 30.3205389, 60.0327333 ], [ 30.320567, 60.0329432 ], [ 30.3205979, 60.0332192 ], [ 30.320621, 60.0333635 ], [ 30.3206556, 60.0335061 ], [ 30.3207076, 60.0336455 ], [ 30.3208214, 60.0338586 ], [ 30.3209736, 60.0340691 ], [ 30.3282257, 60.043837 ] ] ] ] } },
{ "type": "Feature", "properties": { "full_id": "r1181030", "osm_id": "1181030", "osm_type": "relation", "boundary": "administrative", "wikimedia_commons": null, "start_date": null, "sqkm": null, "short_name:uk": null, "short_name:ru": null, "short_name:be": null, "short_name": null, "name:ru:word_stress": null, "oktmo": null, "contact:website": null, "contact:vk": null, "contact:instagram": null, "okato:user": null, "loc_name": null, "old_name:de": null, "oktmo:user": null, "old_name:uk": null, "old_name": "округ № 15", "name:etymology:wikidata": null, "alt_name": null, "official_name": "муниципальный округ Суздальское", "addr:postcode": null, "url": null, "place": null, "addr:region": "Санкт-Петербург", "old_name:vi": null, "old_name:os": null, "old_name:mk": null, "old_name:ku": null, "old_name:hr": null, "old_name:fr": null, "old_name:eo": null, "old_name:en": null, "old_name:ar": null, "old_name:1924-01-26--1991-09-06": null, "old_name:1914-08-31--1924-01-26": null, "old_alt_name:vi": null, "name:tzl": null, "name:sl": null, "name:pt": null, "name:os": null, "name:nb": null, "name:mk": null, "name:lb": null, "name:ku": null, "name:ko": null, "name:gl": null, "name:fy": null, "name:eo": null, "name:da": null, "name:bg": null, "name:ast": null, "name:ar": null, "name:ab": null, "int_name": null, "alt_name:vi": null, "alt_name:mk": null, "wikipedia": "ru:Суздальское (муниципальный округ)", "wikidata": "Q3350078", "website": null, "type": "boundary", "timezone": null, "ref": "15", "population:date": null, "population": null, "official_status": "ru:внутригородская территория города федерального значения", "name:zh-Hant": null, "name:zh-Hans": null, "name:zh": null, "name:vi": null, "name:uk": null, "name:tt": null, "name:tk": null, "name:sv": null, "name:sr": null, "name:sk": null, "name:ru": null, "name:ro": null, "name:pl": null, "name:nl": null, "name:mhr": null, "name:lv": null, "name:lt": null, "name:kv": null, "name:kbd": null, "name:ja": null, "name:it": null, "name:hu": null, "name:hr": null, "name:fr": null, "name:fi": null, "name:et": null, "name:es": null, "name:en": null, "name:el": null, "name:de": null, "name:cu": null, "name:cs": null, "name:ce": null, "name:ca": null, "name:be-tarask": null, "name:be": null, "name:af": null, "name": "округ Суздальское", "is_in:country_code": null, "is_in:country": null, "int_ref": null, "gost_7.67-2003": null, "admin_level": "8", "addr:country": "RU", "ISO3166-2": null }, "geometry": { "type": "MultiPolygon", "coordinates": [ [ [ [ 30.3625524, 60.058218 ], [ 30.3615033, 60.0570194 ], [ 30.3608049, 60.057132 ], [ 30.3469708, 60.0400121 ], [ 30.3590649, 60.0375555 ], [ 30.3657383, 60.0361959 ], [ 30.3667471, 60.0360009 ], [ 30.3836956, 60.0550392 ], [ 30.3856467, 60.0572068 ], [ 30.3873932, 60.0591782 ], [ 30.3854023, 60.059742 ], [ 30.3855703, 60.0607187 ], [ 30.3825363, 60.0667134 ], [ 30.3788151, 60.0740902 ], [ 30.3786754, 60.0740781 ], [ 30.3785175, 60.0740577 ], [ 30.3775216, 60.0739289 ], [ 30.3766535, 60.0738153 ], [ 30.3759381, 60.0737237 ], [ 30.3756292, 60.0736841 ], [ 30.3754002, 60.073654 ], [ 30.3750337, 60.0736091 ], [ 30.3749325, 60.0734076 ], [ 30.3748326, 60.0732861 ], [ 30.3744012, 60.0727619 ], [ 30.3734914, 60.0716564 ], [ 30.373172, 60.0712683 ], [ 30.3727635, 60.0707719 ], [ 30.3723092, 60.0702264 ], [ 30.3721694, 60.07005 ], [ 30.3719744, 60.0698112 ], [ 30.3718407, 60.0696511 ], [ 30.3716369, 60.0693892 ], [ 30.3716053, 60.0693534 ], [ 30.3715195, 60.0692505 ], [ 30.3702984, 60.0677524 ], [ 30.3702143, 60.0676494 ], [ 30.3700038, 60.0673915 ], [ 30.3698556, 60.0672099 ], [ 30.3696403, 60.0669462 ], [ 30.3693437, 60.0665794 ], [ 30.368529, 60.0655717 ], [ 30.3679209, 60.0648206 ], [ 30.3677719, 60.0646396 ], [ 30.3671382, 60.0638547 ], [ 30.3668326, 60.0634835 ], [ 30.3662996, 60.0628315 ], [ 30.3658301, 60.0622528 ], [ 30.3655012, 60.0618482 ], [ 30.3652982, 60.061599 ], [ 30.3646984, 60.0608572 ], [ 30.3645116, 60.0606279 ], [ 30.3643043, 60.060378 ], [ 30.3634115, 60.0592715 ], [ 30.3632291, 60.0590462 ], [ 30.3631083, 60.0589001 ], [ 30.3627007, 60.0584 ], [ 30.3625524, 60.058218 ] ] ] ] } },
{ "type": "Feature", "properties": { "full_id": "r1181031", "osm_id": "1181031", "osm_type": "relation", "boundary": "administrative", "wikimedia_commons": null, "start_date": null, "sqkm": null, "short_name:uk": null, "short_name:ru": null, "short_name:be": null, "short_name": null, "name:ru:word_stress": null, "oktmo": null, "contact:website": null, "contact:vk": null, "contact:instagram": null, "okato:user": null, "loc_name": null, "old_name:de": null, "oktmo:user": null, "old_name:uk": null, "old_name": null, "name:etymology:wikidata": null, "alt_name": null, "official_name": null, "addr:postcode": "194362", "url": "http://www.gov.spb.ru/law?d&nd=8414528&nh=0&header=010000006B00#I0", "place": "town", "addr:region": "Санкт-Петербург", "old_name:vi": null, "old_name:os": null, "old_name:mk": null, "old_name:ku": null, "old_name:hr": null, "old_name:fr": null, "old_name:eo": null, "old_name:en": null, "old_name:ar": null, "old_name:1924-01-26--1991-09-06": null, "old_name:1914-08-31--1924-01-26": null, "old_alt_name:vi": null, "name:tzl": null, "name:sl": null, "name:pt": null, "name:os": null, "name:nb": null, "name:mk": null, "name:lb": null, "name:ku": null, "name:ko": null, "name:gl": null, "name:fy": null, "name:eo": null, "name:da": null, "name:bg": null, "name:ast": null, "name:ar": null, "name:ab": null, "int_name": null, "alt_name:vi": null, "alt_name:mk": null, "wikipedia": "ru:Парголово", "wikidata": "Q905431", "website": null, "type": "boundary", "timezone": null, "ref": null, "population:date": null, "population": null, "official_status": "ru:посёлок", "name:zh-Hant": null, "name:zh-Hans": null, "name:zh": null, "name:vi": null, "name:uk": null, "name:tt": null, "name:tk": null, "name:sv": null, "name:sr": null, "name:sk": null, "name:ru": "Парголово", "name:ro": null, "name:pl": null, "name:nl": null, "name:mhr": null, "name:lv": null, "name:lt": null, "name:kv": null, "name:kbd": null, "name:ja": null, "name:it": null, "name:hu": null, "name:hr": null, "name:fr": null, "name:fi": "Parkala", "name:et": null, "name:es": null, "name:en": "Pargolovo", "name:el": null, "name:de": "Pargola", "name:cu": null, "name:cs": null, "name:ce": null, "name:ca": null, "name:be-tarask": null, "name:be": null, "name:af": null, "name": "Парголово", "is_in:country_code": null, "is_in:country": null, "int_ref": null, "gost_7.67-2003": null, "admin_level": "8", "addr:country": "RU", "ISO3166-2": null }, "geometry": { "type": "MultiPolygon", "coordinates": [ [ [ [ 30.274327, 60.068717 ], [ 30.2753256, 60.0679713 ], [ 30.2762871, 60.0672534 ], [ 30.2764504, 60.0671566 ], [ 30.2776144, 60.0664668 ], [ 30.2789888, 60.0659101 ], [ 30.2803721, 60.0655627 ], [ 30.2824516, 60.065251 ], [ 30.284772, 60.0649971 ], [ 30.286905, 60.0647878 ], [ 30.2878867, 60.0647433 ], [ 30.2895288, 60.0647433 ], [ 30.2907426, 60.0648279 ], [ 30.2922955, 60.0650728 ], [ 30.298452, 60.0668523 ], [ 30.2992349, 60.0663257 ], [ 30.3020704, 60.0671145 ], [ 30.3024915, 60.067221 ], [ 30.3028612, 60.0673079 ], [ 30.3032432, 60.0673845 ], [ 30.303608, 60.0674453 ], [ 30.3039912, 60.0674985 ], [ 30.3043841, 60.0675417 ], [ 30.3048891, 60.0675856 ], [ 30.3052384, 60.0676081 ], [ 30.3057593, 60.067628 ], [ 30.3062171, 60.0676304 ], [ 30.3067391, 60.0676198 ], [ 30.3072709, 60.0675929 ], [ 30.3076848, 60.0675602 ], [ 30.3080957, 60.0675107 ], [ 30.3084375, 60.0674655 ], [ 30.3087863, 60.0674049 ], [ 30.3096534, 60.0672326 ], [ 30.3286385, 60.0633572 ], [ 30.3410626, 60.0608208 ], [ 30.3425167, 60.062735 ], [ 30.3428956, 60.0631968 ], [ 30.3436106, 60.0640984 ], [ 30.3441569, 60.0649665 ], [ 30.3453251, 60.0664306 ], [ 30.3461136, 60.0671435 ], [ 30.3465035, 60.0676072 ], [ 30.3469043, 60.0681013 ], [ 30.348823, 60.0704599 ], [ 30.3502907, 60.0722672 ], [ 30.3521184, 60.0745173 ], [ 30.3608744, 60.0852802 ], [ 30.3620238, 60.0867407 ], [ 30.3625745, 60.0873457 ], [ 30.3632367, 60.0879988 ], [ 30.3643695, 60.0889454 ], [ 30.3652525, 60.0895944 ], [ 30.3669801, 60.0907368 ], [ 30.3632337, 60.092016 ], [ 30.3614742, 60.0921213 ], [ 30.359419, 60.0919665 ], [ 30.340771, 60.0908465 ], [ 30.3329732, 60.0898075 ], [ 30.3310152, 60.0903745 ], [ 30.3088302, 60.0957146 ], [ 30.3081821, 60.0956903 ], [ 30.3031048, 60.0910995 ], [ 30.2918368, 60.093898 ], [ 30.2918302, 60.0959631 ], [ 30.2893844, 60.0963801 ], [ 30.2884203, 60.0961344 ], [ 30.2874353, 60.0961796 ], [ 30.2823231, 60.098937 ], [ 30.2809014, 60.0997409 ], [ 30.2756022, 60.1028892 ], [ 30.2749185, 60.1078343 ], [ 30.2748766, 60.1081376 ], [ 30.2732902, 60.1080851 ], [ 30.2730023, 60.1096699 ], [ 30.2714315, 60.1102879 ], [ 30.2712577, 60.1111106 ], [ 30.2714872, 60.1111177 ], [ 30.2716257, 60.111186 ], [ 30.2716619, 60.111394 ], [ 30.2715636, 60.1115355 ], [ 30.2712431, 60.1118513 ], [ 30.2711834, 60.1119456 ], [ 30.2710763, 60.1135433 ], [ 30.270766, 60.1163527 ], [ 30.2710353, 60.1163833 ], [ 30.2710959, 60.1163902 ], [ 30.2707473, 60.1165948 ], [ 30.2699497, 60.1172033 ], [ 30.268932, 60.1179561 ], [ 30.2678944, 60.1186985 ], [ 30.2672541, 60.1191293 ], [ 30.2666927, 60.1193516 ], [ 30.2661168, 60.1195573 ], [ 30.2660673, 60.1196207 ], [ 30.266386, 60.1200359 ], [ 30.2663981, 60.1204195 ], [ 30.2663089, 60.1205719 ], [ 30.2660327, 60.1209932 ], [ 30.2659434, 60.1213298 ], [ 30.2659179, 60.121715 ], [ 30.2659222, 60.1223035 ], [ 30.2657722, 60.1225758 ], [ 30.2655737, 60.1228412 ], [ 30.265125, 60.123332 ], [ 30.2645029, 60.1237239 ], [ 30.2629136, 60.1243378 ], [ 30.261422, 60.1247145 ], [ 30.2600495, 60.1251612 ], [ 30.2595209, 60.1254553 ], [ 30.2592415, 60.125653 ], [ 30.2590333, 60.1256058 ], [ 30.2517849, 60.1228202 ], [ 30.2377516, 60.1191909 ], [ 30.235842, 60.1185007 ], [ 30.2355604, 60.118474 ], [ 30.2354424, 60.1184628 ], [ 30.235197, 60.1184418 ], [ 30.2342548, 60.1183635 ], [ 30.2341786, 60.1185717 ], [ 30.2339091, 60.1185401 ], [ 30.2336364, 60.1184983 ], [ 30.2307662, 60.1185672 ], [ 30.2293139, 60.1184758 ], [ 30.2257276, 60.1182297 ], [ 30.2248792, 60.1180788 ], [ 30.2239964, 60.1177406 ], [ 30.2231477, 60.1170376 ], [ 30.2215753, 60.1167773 ], [ 30.2196546, 60.1166722 ], [ 30.2192447, 60.116497 ], [ 30.2199245, 60.1156217 ], [ 30.2201196, 60.1155265 ], [ 30.2189562, 60.1151327 ], [ 30.213709, 60.1160858 ], [ 30.2086165, 60.1169781 ], [ 30.2069779, 60.1170858 ], [ 30.1953118, 60.1172754 ], [ 30.193866, 60.1172989 ], [ 30.1895864, 60.1173872 ], [ 30.1895969, 60.1173498 ], [ 30.1894769, 60.1173526 ], [ 30.188827, 60.1173666 ], [ 30.1884327, 60.1173724 ], [ 30.1878416, 60.1173828 ], [ 30.187467, 60.1173925 ], [ 30.1873173, 60.1173969 ], [ 30.1868083, 60.1174118 ], [ 30.186746, 60.1174143 ], [ 30.1862377, 60.1174464 ], [ 30.1857359, 60.1174905 ], [ 30.1852949, 60.1175312 ], [ 30.1848234, 60.1175753 ], [ 30.1844272, 60.1176145 ], [ 30.1834955, 60.1177269 ], [ 30.1829601, 60.1178029 ], [ 30.182206, 60.1179147 ], [ 30.1809927, 60.1181397 ], [ 30.1791631, 60.1185229 ], [ 30.177791, 60.1188089 ], [ 30.1770883, 60.1177313 ], [ 30.1754288, 60.1154631 ], [ 30.173362, 60.1132411 ], [ 30.2103563, 60.105954 ], [ 30.2183323, 60.1043694 ], [ 30.2242395, 60.1031964 ], [ 30.2257665, 60.1028573 ], [ 30.2277099, 60.1023533 ], [ 30.2294219, 60.1018362 ], [ 30.2311812, 60.1012166 ], [ 30.2332304, 60.100378 ], [ 30.2352575, 60.0994008 ], [ 30.2369474, 60.0984096 ], [ 30.2382761, 60.097502 ], [ 30.2452439, 60.0919357 ], [ 30.2398813, 60.089635 ], [ 30.2380322, 60.0888885 ], [ 30.2360069, 60.0881828 ], [ 30.2333589, 60.0873391 ], [ 30.2310631, 60.0866773 ], [ 30.2281321, 60.0859715 ], [ 30.2250439, 60.0853222 ], [ 30.2214273, 60.0847011 ], [ 30.2182258, 60.0842839 ], [ 30.2143702, 60.083873 ], [ 30.2117536, 60.0836911 ], [ 30.209439, 60.0836032 ], [ 30.2069105, 60.0834056 ], [ 30.204445, 60.0831358 ], [ 30.2012498, 60.0826841 ], [ 30.2004887, 60.0825586 ], [ 30.1977527, 60.0819971 ], [ 30.1951138, 60.081396 ], [ 30.1922181, 60.0805527 ], [ 30.1896499, 60.0796716 ], [ 30.1874142, 60.0787791 ], [ 30.1863822, 60.0783272 ], [ 30.1853808, 60.0778496 ], [ 30.1842664, 60.0772783 ], [ 30.1832108, 60.0766762 ], [ 30.1823992, 60.0762206 ], [ 30.1810859, 60.0753513 ], [ 30.1800607, 60.074609 ], [ 30.1730592, 60.0692581 ], [ 30.171361, 60.068093 ], [ 30.1697728, 60.0671005 ], [ 30.1679095, 60.0660726 ], [ 30.1658732, 60.0650565 ], [ 30.1644422, 60.0643817 ], [ 30.1632708, 60.0638873 ], [ 30.1597721, 60.0625651 ], [ 30.1572484, 60.0616744 ], [ 30.1543158, 60.0608112 ], [ 30.1513766, 60.0600996 ], [ 30.149537, 60.0596857 ], [ 30.1478165, 60.0593573 ], [ 30.143767, 60.0586983 ], [ 30.1356287, 60.0576144 ], [ 30.1355577, 60.0573327 ], [ 30.135233, 60.0566423 ], [ 30.134861, 60.0561642 ], [ 30.1345089, 60.0542081 ], [ 30.131254, 60.0511236 ], [ 30.1340902, 60.0487356 ], [ 30.1933177, 60.0638996 ], [ 30.1944228, 60.0629711 ], [ 30.1948022, 60.0626521 ], [ 30.1950774, 60.062421 ], [ 30.1943392, 60.0622605 ], [ 30.1944743, 60.0621023 ], [ 30.1945615, 60.0619945 ], [ 30.1958426, 60.0604713 ], [ 30.2022251, 60.062125 ], [ 30.2101937, 60.0603711 ], [ 30.2141129, 60.0612733 ], [ 30.2227842, 60.0513212 ], [ 30.2252849, 60.0521704 ], [ 30.2257035, 60.0523141 ], [ 30.2259421, 60.052396 ], [ 30.2273798, 60.052942 ], [ 30.2297012, 60.0537008 ], [ 30.2318671, 60.0544215 ], [ 30.2361721, 60.0558822 ], [ 30.241171, 60.0575736 ], [ 30.2491164, 60.0602592 ], [ 30.2505129, 60.0607276 ], [ 30.2511362, 60.060939 ], [ 30.2521047, 60.0612595 ], [ 30.2582518, 60.0633569 ], [ 30.2585371, 60.0634535 ], [ 30.2602901, 60.0640468 ], [ 30.2611085, 60.0643238 ], [ 30.2619132, 60.0645961 ], [ 30.2663552, 60.0660887 ], [ 30.2683975, 60.0667906 ], [ 30.2702498, 60.0674174 ], [ 30.2703797, 60.0674611 ], [ 30.272435, 60.0681048 ], [ 30.272562, 60.0681438 ], [ 30.2729829, 60.0682877 ], [ 30.2731211, 60.0683317 ], [ 30.2740025, 60.0686123 ], [ 30.2741029, 60.0686445 ], [ 30.2741816, 60.0686699 ], [ 30.2742579, 60.0686948 ], [ 30.274327, 60.068717 ] ] ] ] } },
{ "type": "Feature", "properties": { "full_id": "r1181032", "osm_id": "1181032", "osm_type": "relation", "boundary": "administrative", "wikimedia_commons": null, "start_date": null, "sqkm": null, "short_name:uk": null, "short_name:ru": null, "short_name:be": null, "short_name": null, "name:ru:word_stress": null, "oktmo": null, "contact:website": "http://mo-shuvalovo-ozerki.spb.ru", "contact:vk": null, "contact:instagram": null, "okato:user": null, "loc_name": null, "old_name:de": null, "oktmo:user": null, "old_name:uk": null, "old_name": null, "name:etymology:wikidata": null, "alt_name": null, "official_name": "муниципальный округ Шувалово-Озерки", "addr:postcode": null, "url": null, "place": null, "addr:region": "Санкт-Петербург", "old_name:vi": null, "old_name:os": null, "old_name:mk": null, "old_name:ku": null, "old_name:hr": null, "old_name:fr": null, "old_name:eo": null, "old_name:en": null, "old_name:ar": null, "old_name:1924-01-26--1991-09-06": null, "old_name:1914-08-31--1924-01-26": null, "old_alt_name:vi": null, "name:tzl": null, "name:sl": null, "name:pt": null, "name:os": null, "name:nb": null, "name:mk": null, "name:lb": null, "name:ku": null, "name:ko": null, "name:gl": null, "name:fy": null, "name:eo": null, "name:da": null, "name:bg": null, "name:ast": null, "name:ar": null, "name:ab": null, "int_name": null, "alt_name:vi": null, "alt_name:mk": null, "wikipedia": "ru:Шувалово-Озерки (муниципальный округ)", "wikidata": "Q2964615", "website": null, "type": "boundary", "timezone": null, "ref": "17", "population:date": null, "population": null, "official_status": "ru:внутригородская территория города федерального значения", "name:zh-Hant": null, "name:zh-Hans": null, "name:zh": null, "name:vi": null, "name:uk": "Округ Шувалове-Озерки", "name:tt": null, "name:tk": null, "name:sv": null, "name:sr": null, "name:sk": null, "name:ru": null, "name:ro": null, "name:pl": null, "name:nl": null, "name:mhr": null, "name:lv": null, "name:lt": null, "name:kv": null, "name:kbd": null, "name:ja": null, "name:it": null, "name:hu": null, "name:hr": null, "name:fr": null, "name:fi": null, "name:et": null, "name:es": null, "name:en": null, "name:el": null, "name:de": null, "name:cu": null, "name:cs": null, "name:ce": null, "name:ca": null, "name:be-tarask": null, "name:be": null, "name:af": null, "name": "округ Шувалово-Озерки", "is_in:country_code": null, "is_in:country": null, "int_ref": null, "gost_7.67-2003": null, "admin_level": "8", "addr:country": "RU", "ISO3166-2": null }, "geometry": { "type": "MultiPolygon", "coordinates": [ [ [ [ 30.3410626, 60.0608208 ], [ 30.339816, 60.0591556 ], [ 30.3385347, 60.0573956 ], [ 30.3381784, 60.0570157 ], [ 30.3379448, 60.0569464 ], [ 30.3353143, 60.05341 ], [ 30.3347937, 60.0526956 ], [ 30.3345422, 60.0523505 ], [ 30.3282257, 60.043837 ], [ 30.3209736, 60.0340691 ], [ 30.3208214, 60.0338586 ], [ 30.3207076, 60.0336455 ], [ 30.3206556, 60.0335061 ], [ 30.320621, 60.0333635 ], [ 30.3205979, 60.0332192 ], [ 30.320567, 60.0329432 ], [ 30.3205389, 60.0327333 ], [ 30.320252, 60.0312016 ], [ 30.3201856, 60.0309233 ], [ 30.3200765, 60.0305792 ], [ 30.3199004, 60.0300826 ], [ 30.3197579, 60.0300863 ], [ 30.3195371, 60.0298918 ], [ 30.3088848, 60.0255341 ], [ 30.3088162, 60.0255872 ], [ 30.3086057, 60.0260868 ], [ 30.3083198, 60.0266092 ], [ 30.3066934, 60.0295806 ], [ 30.3066327, 60.0295857 ], [ 30.3065719, 60.0295907 ], [ 30.3056629, 60.0313813 ], [ 30.3056185, 60.0314712 ], [ 30.3049804, 60.0325712 ], [ 30.3046699, 60.0331065 ], [ 30.3031923, 60.0358227 ], [ 30.3029513, 60.0362658 ], [ 30.3027647, 60.0366483 ], [ 30.302727, 60.0367421 ], [ 30.3027402, 60.0368393 ], [ 30.3024219, 60.0374054 ], [ 30.3023089, 60.0377858 ], [ 30.3019744, 60.0383962 ], [ 30.3016265, 60.0390064 ], [ 30.3005433, 60.0410092 ], [ 30.3001597, 60.0417356 ], [ 30.3000714, 60.0418717 ], [ 30.2998967, 60.0420474 ], [ 30.2998339, 60.0421537 ], [ 30.2997723, 60.0421721 ], [ 30.2995132, 60.0425828 ], [ 30.2994762, 60.0428743 ], [ 30.2993529, 60.0432521 ], [ 30.2985429, 60.0446892 ], [ 30.2983338, 60.0446576 ], [ 30.2982128, 60.0446364 ], [ 30.2980656, 60.0448718 ], [ 30.2978568, 60.0452056 ], [ 30.2978192, 60.0452577 ], [ 30.2977329, 60.045251 ], [ 30.2975537, 60.0455939 ], [ 30.2974039, 60.0458799 ], [ 30.2974556, 60.0458866 ], [ 30.2973134, 60.0461451 ], [ 30.2971836, 60.0463809 ], [ 30.2971658, 60.0464091 ], [ 30.2970029, 60.0466659 ], [ 30.2968485, 60.0469484 ], [ 30.2967109, 60.0471999 ], [ 30.296578, 60.0474882 ], [ 30.2965534, 60.0475065 ], [ 30.2965296, 60.0475242 ], [ 30.2963764, 60.0478693 ], [ 30.2962783, 60.0481231 ], [ 30.2961813, 60.048374 ], [ 30.2961433, 60.0485672 ], [ 30.2961384, 60.0485952 ], [ 30.29611, 60.0486693 ], [ 30.2959782, 60.0489715 ], [ 30.2958055, 60.0493772 ], [ 30.2956476, 60.0496824 ], [ 30.2955674, 60.0498133 ], [ 30.2953805, 60.0501184 ], [ 30.2952036, 60.0504072 ], [ 30.2949401, 60.0508372 ], [ 30.2948575, 60.0509672 ], [ 30.2946822, 60.0512432 ], [ 30.2944402, 60.0515624 ], [ 30.2942388, 60.0518208 ], [ 30.294025, 60.052095 ], [ 30.2937894, 60.0523645 ], [ 30.2935817, 60.0525761 ], [ 30.2934169, 60.0527396 ], [ 30.2932234, 60.0528944 ], [ 30.2927435, 60.0532011 ], [ 30.292864, 60.0532894 ], [ 30.2924903, 60.0535768 ], [ 30.2918229, 60.0541186 ], [ 30.2915839, 60.0543188 ], [ 30.2914653, 60.0544163 ], [ 30.2912134, 60.0546236 ], [ 30.2910201, 60.0547366 ], [ 30.2905083, 60.0551744 ], [ 30.2903522, 60.0553079 ], [ 30.2901377, 60.055481 ], [ 30.2896728, 60.0558891 ], [ 30.289612, 60.0559411 ], [ 30.2891294, 60.0564128 ], [ 30.2880189, 60.0573268 ], [ 30.2878831, 60.0574411 ], [ 30.2847678, 60.05996 ], [ 30.2810682, 60.0629093 ], [ 30.2794322, 60.0642381 ], [ 30.2740025, 60.0686123 ], [ 30.2741029, 60.0686445 ], [ 30.2741816, 60.0686699 ], [ 30.2742579, 60.0686948 ], [ 30.274327, 60.068717 ], [ 30.2753256, 60.0679713 ], [ 30.2762871, 60.0672534 ], [ 30.2764504, 60.0671566 ], [ 30.2776144, 60.0664668 ], [ 30.2789888, 60.0659101 ], [ 30.2803721, 60.0655627 ], [ 30.2824516, 60.065251 ], [ 30.284772, 60.0649971 ], [ 30.286905, 60.0647878 ], [ 30.2878867, 60.0647433 ], [ 30.2895288, 60.0647433 ], [ 30.2907426, 60.0648279 ], [ 30.2922955, 60.0650728 ], [ 30.298452, 60.0668523 ], [ 30.2992349, 60.0663257 ], [ 30.3020704, 60.0671145 ], [ 30.3024915, 60.067221 ], [ 30.3028612, 60.0673079 ], [ 30.3032432, 60.0673845 ], [ 30.303608, 60.0674453 ], [ 30.3039912, 60.0674985 ], [ 30.3043841, 60.0675417 ], [ 30.3048891, 60.0675856 ], [ 30.3052384, 60.0676081 ], [ 30.3057593, 60.067628 ], [ 30.3062171, 60.0676304 ], [ 30.3067391, 60.0676198 ], [ 30.3072709, 60.0675929 ], [ 30.3076848, 60.0675602 ], [ 30.3080957, 60.0675107 ], [ 30.3084375, 60.0674655 ], [ 30.3087863, 60.0674049 ], [ 30.3096534, 60.0672326 ], [ 30.3286385, 60.0633572 ], [ 30.3410626, 60.0608208 ] ] ] ] } },
{ "type": "Feature", "properties": { "full_id": "r1181033", "osm_id": "1181033", "osm_type": "relation", "boundary": "administrative", "wikimedia_commons": null, "start_date": null, "sqkm": null, "short_name:uk": null, "short_name:ru": null, "short_name:be": null, "short_name": null, "name:ru:word_stress": null, "oktmo": null, "contact:website": null, "contact:vk": null, "contact:instagram": null, "okato:user": null, "loc_name": null, "old_name:de": null, "oktmo:user": null, "old_name:uk": null, "old_name": "округ Парнас", "name:etymology:wikidata": null, "alt_name": null, "official_name": "муниципальный округ Сергиевское", "addr:postcode": null, "url": null, "place": null, "addr:region": "Санкт-Петербург", "old_name:vi": null, "old_name:os": null, "old_name:mk": null, "old_name:ku": null, "old_name:hr": null, "old_name:fr": null, "old_name:eo": null, "old_name:en": null, "old_name:ar": null, "old_name:1924-01-26--1991-09-06": null, "old_name:1914-08-31--1924-01-26": null, "old_alt_name:vi": null, "name:tzl": null, "name:sl": null, "name:pt": null, "name:os": null, "name:nb": null, "name:mk": null, "name:lb": null, "name:ku": null, "name:ko": null, "name:gl": null, "name:fy": null, "name:eo": null, "name:da": null, "name:bg": null, "name:ast": null, "name:ar": null, "name:ab": null, "int_name": null, "alt_name:vi": null, "alt_name:mk": null, "wikipedia": "ru:Сергиевское (округ)", "wikidata": "Q3365622", "website": null, "type": "boundary", "timezone": null, "ref": "16", "population:date": null, "population": null, "official_status": "ru:внутригородская территория города федерального значения", "name:zh-Hant": null, "name:zh-Hans": null, "name:zh": null, "name:vi": null, "name:uk": "Округ Сергіївське", "name:tt": null, "name:tk": null, "name:sv": null, "name:sr": null, "name:sk": null, "name:ru": null, "name:ro": null, "name:pl": null, "name:nl": null, "name:mhr": null, "name:lv": null, "name:lt": null, "name:kv": null, "name:kbd": null, "name:ja": null, "name:it": null, "name:hu": null, "name:hr": null, "name:fr": null, "name:fi": null, "name:et": null, "name:es": null, "name:en": null, "name:el": null, "name:de": null, "name:cu": null, "name:cs": null, "name:ce": null, "name:ca": null, "name:be-tarask": null, "name:be": null, "name:af": null, "name": "округ Сергиевское", "is_in:country_code": null, "is_in:country": null, "int_ref": null, "gost_7.67-2003": null, "admin_level": "8", "addr:country": "RU", "ISO3166-2": null }, "geometry": { "type": "MultiPolygon", "coordinates": [ [ [ [ 30.3669801, 60.0907368 ], [ 30.3683113, 60.0902839 ], [ 30.3706651, 60.0877197 ], [ 30.373529, 60.0805134 ], [ 30.3738526, 60.0802533 ], [ 30.3751746, 60.0798301 ], [ 30.376525, 60.0786363 ], [ 30.3768761, 60.0785843 ], [ 30.3771936, 60.0773858 ], [ 30.3788151, 60.0740902 ], [ 30.3786754, 60.0740781 ], [ 30.3785175, 60.0740577 ], [ 30.3775216, 60.0739289 ], [ 30.3766535, 60.0738153 ], [ 30.3759381, 60.0737237 ], [ 30.3756292, 60.0736841 ], [ 30.3754002, 60.073654 ], [ 30.3750337, 60.0736091 ], [ 30.3749325, 60.0734076 ], [ 30.3748326, 60.0732861 ], [ 30.3744012, 60.0727619 ], [ 30.3734914, 60.0716564 ], [ 30.373172, 60.0712683 ], [ 30.3727635, 60.0707719 ], [ 30.3723092, 60.0702264 ], [ 30.3721694, 60.07005 ], [ 30.3719744, 60.0698112 ], [ 30.3718407, 60.0696511 ], [ 30.3716369, 60.0693892 ], [ 30.3716053, 60.0693534 ], [ 30.3715195, 60.0692505 ], [ 30.3702984, 60.0677524 ], [ 30.3702143, 60.0676494 ], [ 30.3700038, 60.0673915 ], [ 30.3698556, 60.0672099 ], [ 30.3696403, 60.0669462 ], [ 30.3693437, 60.0665794 ], [ 30.368529, 60.0655717 ], [ 30.3679209, 60.0648206 ], [ 30.3677719, 60.0646396 ], [ 30.3671382, 60.0638547 ], [ 30.3668326, 60.0634835 ], [ 30.3662996, 60.0628315 ], [ 30.3658301, 60.0622528 ], [ 30.3655012, 60.0618482 ], [ 30.3652982, 60.061599 ], [ 30.3646984, 60.0608572 ], [ 30.3645116, 60.0606279 ], [ 30.3643043, 60.060378 ], [ 30.3634115, 60.0592715 ], [ 30.3632291, 60.0590462 ], [ 30.3631083, 60.0589001 ], [ 30.3627007, 60.0584 ], [ 30.3625524, 60.058218 ], [ 30.3615033, 60.0570194 ], [ 30.3608049, 60.057132 ], [ 30.3469708, 60.0400121 ], [ 30.334608, 60.0425292 ], [ 30.329116, 60.0436536 ], [ 30.3282257, 60.043837 ], [ 30.3345422, 60.0523505 ], [ 30.3347937, 60.0526956 ], [ 30.3353143, 60.05341 ], [ 30.3379448, 60.0569464 ], [ 30.3381784, 60.0570157 ], [ 30.3385347, 60.0573956 ], [ 30.339816, 60.0591556 ], [ 30.3410626, 60.0608208 ], [ 30.3425167, 60.062735 ], [ 30.3428956, 60.0631968 ], [ 30.3436106, 60.0640984 ], [ 30.3441569, 60.0649665 ], [ 30.3453251, 60.0664306 ], [ 30.3461136, 60.0671435 ], [ 30.3465035, 60.0676072 ], [ 30.3469043, 60.0681013 ], [ 30.348823, 60.0704599 ], [ 30.3502907, 60.0722672 ], [ 30.3521184, 60.0745173 ], [ 30.3608744, 60.0852802 ], [ 30.3620238, 60.0867407 ], [ 30.3625745, 60.0873457 ], [ 30.3632367, 60.0879988 ], [ 30.3643695, 60.0889454 ], [ 30.3652525, 60.0895944 ], [ 30.3669801, 60.0907368 ] ] ] ] } },
{ "type": "Feature", "properties": { "full_id": "r1181047", "osm_id": "1181047", "osm_type": "relation", "boundary": "administrative", "wikimedia_commons": null, "start_date": null, "sqkm": null, "short_name:uk": null, "short_name:ru": null, "short_name:be": null, "short_name": null, "name:ru:word_stress": null, "oktmo": null, "contact:website": null, "contact:vk": null, "contact:instagram": null, "okato:user": null, "loc_name": null, "old_name:de": null, "oktmo:user": null, "old_name:uk": null, "old_name": null, "name:etymology:wikidata": null, "alt_name": null, "official_name": "муниципальный округ Гражданка", "addr:postcode": null, "url": null, "place": null, "addr:region": "Санкт-Петербург", "old_name:vi": null, "old_name:os": null, "old_name:mk": null, "old_name:ku": null, "old_name:hr": null, "old_name:fr": null, "old_name:eo": null, "old_name:en": null, "old_name:ar": null, "old_name:1924-01-26--1991-09-06": null, "old_name:1914-08-31--1924-01-26": null, "old_alt_name:vi": null, "name:tzl": null, "name:sl": null, "name:pt": null, "name:os": null, "name:nb": null, "name:mk": null, "name:lb": null, "name:ku": null, "name:ko": null, "name:gl": null, "name:fy": null, "name:eo": null, "name:da": null, "name:bg": null, "name:ast": null, "name:ar": null, "name:ab": null, "int_name": null, "alt_name:vi": null, "alt_name:mk": null, "wikipedia": "ru:Гражданка (муниципальный округ)", "wikidata": "Q4147488", "website": "https://www.grajdanka.ru/", "type": "boundary", "timezone": null, "ref": "18", "population:date": null, "population": null, "official_status": "ru:внутригородская территория города федерального значения", "name:zh-Hant": null, "name:zh-Hans": null, "name:zh": null, "name:vi": null, "name:uk": "Округ Громадянка", "name:tt": null, "name:tk": null, "name:sv": null, "name:sr": null, "name:sk": null, "name:ru": null, "name:ro": null, "name:pl": null, "name:nl": null, "name:mhr": null, "name:lv": null, "name:lt": null, "name:kv": null, "name:kbd": null, "name:ja": null, "name:it": null, "name:hu": null, "name:hr": null, "name:fr": null, "name:fi": null, "name:et": null, "name:es": null, "name:en": null, "name:el": null, "name:de": null, "name:cu": null, "name:cs": null, "name:ce": null, "name:ca": null, "name:be-tarask": null, "name:be": null, "name:af": null, "name": "округ Гражданка", "is_in:country_code": null, "is_in:country": null, "int_ref": null, "gost_7.67-2003": null, "admin_level": "8", "addr:country": "RU", "ISO3166-2": null }, "geometry": { "type": "MultiPolygon", "coordinates": [ [ [ [ 30.4302052, 60.0127857 ], [ 30.4303573, 60.0129211 ], [ 30.4304737, 60.0130211 ], [ 30.4306542, 60.013176 ], [ 30.4312761, 60.0137099 ], [ 30.4318813, 60.0141978 ], [ 30.4319212, 60.0142694 ], [ 30.4321793, 60.014504 ], [ 30.4323211, 60.0146817 ], [ 30.4322221, 60.0150502 ], [ 30.4321545, 60.0153504 ], [ 30.4321484, 60.0155175 ], [ 30.4329181, 60.0153187 ], [ 30.4331756, 60.0152115 ], [ 30.4333491, 60.0150714 ], [ 30.4330982, 60.0161189 ], [ 30.4330692, 60.0162584 ], [ 30.432946, 60.0167863 ], [ 30.4328996, 60.0170352 ], [ 30.4326534, 60.0194082 ], [ 30.432607, 60.0198719 ], [ 30.4325736, 60.0202267 ], [ 30.432491, 60.0210339 ], [ 30.4324564, 60.0213297 ], [ 30.4307263, 60.0212955 ], [ 30.4307288, 60.0211854 ], [ 30.4306113, 60.0209955 ], [ 30.4303023, 60.0207712 ], [ 30.4299701, 60.0206019 ], [ 30.4298973, 60.0204857 ], [ 30.4297114, 60.0204164 ], [ 30.4292428, 60.0203825 ], [ 30.4286673, 60.0203865 ], [ 30.4281556, 60.0202755 ], [ 30.4273261, 60.0199409 ], [ 30.4265085, 60.0197838 ], [ 30.4256454, 60.0198978 ], [ 30.4252217, 60.0200212 ], [ 30.4248944, 60.020076 ], [ 30.4244451, 60.0200569 ], [ 30.424262, 60.0199671 ], [ 30.424144, 60.0198866 ], [ 30.4239878, 60.0198593 ], [ 30.4238006, 60.0198866 ], [ 30.4235463, 60.0199927 ], [ 30.4232247, 60.020286 ], [ 30.4229177, 60.0205399 ], [ 30.4223085, 60.0204729 ], [ 30.4215941, 60.0204682 ], [ 30.4211587, 60.0204524 ], [ 30.4208246, 60.0205675 ], [ 30.4205577, 60.0205655 ], [ 30.4202649, 60.0204799 ], [ 30.4199924, 60.0204744 ], [ 30.4195851, 60.0206359 ], [ 30.4189403, 60.0207987 ], [ 30.4174083, 60.0192505 ], [ 30.4173748, 60.019217 ], [ 30.4172756, 60.0191181 ], [ 30.4171713, 60.0190146 ], [ 30.4169183, 60.0187657 ], [ 30.4166169, 60.0184633 ], [ 30.4164814, 60.0183285 ], [ 30.4163624, 60.0182098 ], [ 30.4161907, 60.0180394 ], [ 30.4155136, 60.0173662 ], [ 30.415189, 60.0170433 ], [ 30.4150603, 60.0169151 ], [ 30.4149902, 60.0168457 ], [ 30.4149166, 60.0167725 ], [ 30.41418, 60.0160414 ], [ 30.4131881, 60.0150536 ], [ 30.412922, 60.014789 ], [ 30.4128229, 60.0146904 ], [ 30.4127415, 60.0146092 ], [ 30.4125842, 60.014453 ], [ 30.4125065, 60.0143758 ], [ 30.412383, 60.0142529 ], [ 30.4123291, 60.0141993 ], [ 30.4119994, 60.0138719 ], [ 30.4118178, 60.0136908 ], [ 30.4111374, 60.0130139 ], [ 30.410549, 60.0124287 ], [ 30.4104488, 60.012329 ], [ 30.4103033, 60.0121843 ], [ 30.4090211, 60.010909 ], [ 30.409008, 60.0108959 ], [ 30.408694, 60.0105836 ], [ 30.4085228, 60.0104209 ], [ 30.4084588, 60.0103813 ], [ 30.3977441, 60.0130772 ], [ 30.3939118, 60.0092347 ], [ 30.391195, 60.006572 ], [ 30.3855206, 60.0075418 ], [ 30.3854645, 60.0074497 ], [ 30.385378, 60.0073003 ], [ 30.3836292, 60.0047083 ], [ 30.3821312, 60.0025024 ], [ 30.3820225, 60.0023412 ], [ 30.3819127, 60.002191 ], [ 30.3812662, 60.0015282 ], [ 30.3807918, 60.0010855 ], [ 30.3802469, 60.0005147 ], [ 30.3791539, 59.999431 ], [ 30.3790131, 59.9992705 ], [ 30.3781953, 59.9980763 ], [ 30.3773153, 59.9967651 ], [ 30.377232, 59.9965962 ], [ 30.3766219, 59.9966799 ], [ 30.3753383, 59.9968193 ], [ 30.3705787, 59.9974967 ], [ 30.3656459, 59.9980995 ], [ 30.364645, 59.9982197 ], [ 30.3645587, 59.9979939 ], [ 30.3644571, 59.997768 ], [ 30.364301, 59.997363 ], [ 30.3641075, 59.99699 ], [ 30.3640009, 59.9967307 ], [ 30.3638684, 59.9964417 ], [ 30.3638346, 59.9963885 ], [ 30.3637981, 59.9963348 ], [ 30.3637541, 59.9962898 ], [ 30.3635889, 59.9961891 ], [ 30.3623082, 59.9953778 ], [ 30.3615737, 59.9949372 ], [ 30.3609674, 59.994631 ], [ 30.3607482, 59.9945267 ], [ 30.3604169, 59.9943691 ], [ 30.3593051, 59.9939264 ], [ 30.3596709, 59.9938946 ], [ 30.3734895, 59.9919049 ], [ 30.3738628, 59.9918747 ], [ 30.3743332, 59.9918662 ], [ 30.3745735, 59.9918898 ], [ 30.3748226, 59.9919154 ], [ 30.3751004, 59.991967 ], [ 30.3753074, 59.992016 ], [ 30.3755067, 59.9920706 ], [ 30.3757289, 59.9921628 ], [ 30.3759158, 59.9922558 ], [ 30.3759802, 59.992294 ], [ 30.3760639, 59.9923435 ], [ 30.3762032, 59.992447 ], [ 30.376394, 59.9926001 ], [ 30.3765032, 59.9925808 ], [ 30.3766885, 59.9925472 ], [ 30.3768647, 59.9925361 ], [ 30.3770687, 59.9925379 ], [ 30.3792761, 59.994724 ], [ 30.3806449, 59.9960905 ], [ 30.3810615, 59.9960145 ], [ 30.3913017, 59.994657 ], [ 30.3914806, 59.9949707 ], [ 30.3915381, 59.99506 ], [ 30.3919852, 59.9957594 ], [ 30.3938909, 59.9987402 ], [ 30.3943166, 59.9994061 ], [ 30.3944058, 59.9995291 ], [ 30.3944775, 59.999628 ], [ 30.3945403, 59.999707 ], [ 30.3946192, 59.9998063 ], [ 30.3947207, 59.999919 ], [ 30.3947738, 59.9999779 ], [ 30.3948194, 60.0000285 ], [ 30.3948724, 60.0000862 ], [ 30.3949257, 60.0001443 ], [ 30.3949779, 60.0001937 ], [ 30.3950407, 60.0002533 ], [ 30.3951174, 60.0003264 ], [ 30.3951673, 60.0003739 ], [ 30.3952012, 60.0004061 ], [ 30.3952271, 60.0004308 ], [ 30.3953517, 60.0005552 ], [ 30.3954009, 60.0006043 ], [ 30.395515, 60.0007182 ], [ 30.3955905, 60.0007936 ], [ 30.3964672, 60.0016687 ], [ 30.3964994, 60.0017009 ], [ 30.3965109, 60.0017124 ], [ 30.3965195, 60.0017101 ], [ 30.3967871, 60.0016428 ], [ 30.3969467, 60.0016022 ], [ 30.4011115, 60.0005423 ], [ 30.4017222, 60.0006626 ], [ 30.401703, 60.0006904 ], [ 30.4017664, 60.0007639 ], [ 30.4018162, 60.0007512 ], [ 30.4042767, 60.0011618 ], [ 30.4063218, 60.001514 ], [ 30.4064212, 60.0015546 ], [ 30.4064509, 60.0015788 ], [ 30.4070891, 60.0016956 ], [ 30.4096678, 60.0021437 ], [ 30.410342, 60.0022555 ], [ 30.4117837, 60.0025163 ], [ 30.4132825, 60.0027949 ], [ 30.4134811, 60.0028311 ], [ 30.4147831, 60.0030954 ], [ 30.4153218, 60.0031986 ], [ 30.4164436, 60.0034232 ], [ 30.4167111, 60.003473 ], [ 30.4170882, 60.0035506 ], [ 30.4175578, 60.0036514 ], [ 30.4178646, 60.0037257 ], [ 30.4181246, 60.0037984 ], [ 30.4184731, 60.0039143 ], [ 30.4187779, 60.0040283 ], [ 30.4191112, 60.0041603 ], [ 30.4193716, 60.0042779 ], [ 30.4195779, 60.0043797 ], [ 30.4198144, 60.0045052 ], [ 30.420078, 60.0046451 ], [ 30.4202141, 60.0046818 ], [ 30.4202923, 60.0047029 ], [ 30.4203463, 60.004717 ], [ 30.4203973, 60.0047304 ], [ 30.4204596, 60.0047378 ], [ 30.4205056, 60.0047432 ], [ 30.4205649, 60.0047423 ], [ 30.4206373, 60.0047411 ], [ 30.4222438, 60.0060776 ], [ 30.4223283, 60.0061477 ], [ 30.4224271, 60.0062297 ], [ 30.4236474, 60.0072364 ], [ 30.4276601, 60.0106309 ], [ 30.4298833, 60.01251 ], [ 30.4302052, 60.0127857 ] ] ] ] } },
{ "type": "Feature", "properties": { "full_id": "r1181900", "osm_id": "1181900", "osm_type": "relation", "boundary": "administrative", "wikimedia_commons": null, "start_date": null, "sqkm": null, "short_name:uk": null, "short_name:ru": null, "short_name:be": null, "short_name": null, "name:ru:word_stress": null, "oktmo": null, "contact:website": "http://www.mo-piskarevka.spb.ru", "contact:vk": null, "contact:instagram": null, "okato:user": null, "loc_name": null, "old_name:de": null, "oktmo:user": null, "old_name:uk": null, "old_name": null, "name:etymology:wikidata": null, "alt_name": null, "official_name": "муниципальный округ Пискаревка", "addr:postcode": null, "url": null, "place": null, "addr:region": "Санкт-Петербург", "old_name:vi": null, "old_name:os": null, "old_name:mk": null, "old_name:ku": null, "old_name:hr": null, "old_name:fr": null, "old_name:eo": null, "old_name:en": null, "old_name:ar": null, "old_name:1924-01-26--1991-09-06": null, "old_name:1914-08-31--1924-01-26": null, "old_alt_name:vi": null, "name:tzl": null, "name:sl": null, "name:pt": null, "name:os": null, "name:nb": null, "name:mk": null, "name:lb": null, "name:ku": null, "name:ko": null, "name:gl": null, "name:fy": null, "name:eo": null, "name:da": null, "name:bg": null, "name:ast": null, "name:ar": null, "name:ab": null, "int_name": null, "alt_name:vi": null, "alt_name:mk": null, "wikipedia": "ru:Пискарёвка (муниципальный округ)", "wikidata": "Q4363631", "website": null, "type": "boundary", "timezone": null, "ref": "22", "population:date": null, "population": null, "official_status": "ru:внутригородская территория города федерального значения", "name:zh-Hant": null, "name:zh-Hans": null, "name:zh": null, "name:vi": null, "name:uk": "Округ Пискарівка", "name:tt": null, "name:tk": null, "name:sv": null, "name:sr": null, "name:sk": null, "name:ru": null, "name:ro": null, "name:pl": null, "name:nl": null, "name:mhr": null, "name:lv": null, "name:lt": null, "name:kv": null, "name:kbd": null, "name:ja": null, "name:it": null, "name:hu": null, "name:hr": null, "name:fr": null, "name:fi": null, "name:et": null, "name:es": null, "name:en": null, "name:el": null, "name:de": null, "name:cu": null, "name:cs": null, "name:ce": null, "name:ca": null, "name:be-tarask": null, "name:be": null, "name:af": null, "name": "округ Пискарёвка", "is_in:country_code": null, "is_in:country": null, "int_ref": null, "gost_7.67-2003": null, "admin_level": "8", "addr:country": "RU", "ISO3166-2": null }, "geometry": { "type": "MultiPolygon", "coordinates": [ [ [ [ 30.4321545, 60.0153504 ], [ 30.4322221, 60.0150502 ], [ 30.4323211, 60.0146817 ], [ 30.4321793, 60.014504 ], [ 30.4319212, 60.0142694 ], [ 30.4318813, 60.0141978 ], [ 30.4312761, 60.0137099 ], [ 30.4306542, 60.013176 ], [ 30.4304737, 60.0130211 ], [ 30.4303573, 60.0129211 ], [ 30.4302052, 60.0127857 ], [ 30.4298833, 60.01251 ], [ 30.4276601, 60.0106309 ], [ 30.4236474, 60.0072364 ], [ 30.4224271, 60.0062297 ], [ 30.4223283, 60.0061477 ], [ 30.4222438, 60.0060776 ], [ 30.4206373, 60.0047411 ], [ 30.4205649, 60.0047423 ], [ 30.4205056, 60.0047432 ], [ 30.4204596, 60.0047378 ], [ 30.4203973, 60.0047304 ], [ 30.4203463, 60.004717 ], [ 30.4202923, 60.0047029 ], [ 30.4202141, 60.0046818 ], [ 30.420078, 60.0046451 ], [ 30.4198144, 60.0045052 ], [ 30.4195779, 60.0043797 ], [ 30.4193716, 60.0042779 ], [ 30.4191112, 60.0041603 ], [ 30.4187779, 60.0040283 ], [ 30.4184731, 60.0039143 ], [ 30.4181246, 60.0037984 ], [ 30.4178646, 60.0037257 ], [ 30.4175578, 60.0036514 ], [ 30.4170882, 60.0035506 ], [ 30.4167111, 60.003473 ], [ 30.4164436, 60.0034232 ], [ 30.4153218, 60.0031986 ], [ 30.4147831, 60.0030954 ], [ 30.4134811, 60.0028311 ], [ 30.4132825, 60.0027949 ], [ 30.4117837, 60.0025163 ], [ 30.410342, 60.0022555 ], [ 30.4096678, 60.0021437 ], [ 30.4070891, 60.0016956 ], [ 30.4064509, 60.0015788 ], [ 30.4064212, 60.0015546 ], [ 30.4063218, 60.001514 ], [ 30.4042767, 60.0011618 ], [ 30.4018162, 60.0007512 ], [ 30.4017664, 60.0007639 ], [ 30.401703, 60.0006904 ], [ 30.4017222, 60.0006626 ], [ 30.4011115, 60.0005423 ], [ 30.3969467, 60.0016022 ], [ 30.3967871, 60.0016428 ], [ 30.3965195, 60.0017101 ], [ 30.3965109, 60.0017124 ], [ 30.3964994, 60.0017009 ], [ 30.3964672, 60.0016687 ], [ 30.3955905, 60.0007936 ], [ 30.395515, 60.0007182 ], [ 30.3954009, 60.0006043 ], [ 30.3953517, 60.0005552 ], [ 30.3952271, 60.0004308 ], [ 30.3952012, 60.0004061 ], [ 30.3951673, 60.0003739 ], [ 30.3951174, 60.0003264 ], [ 30.3950407, 60.0002533 ], [ 30.3949779, 60.0001937 ], [ 30.3949257, 60.0001443 ], [ 30.3948724, 60.0000862 ], [ 30.3948194, 60.0000285 ], [ 30.3947738, 59.9999779 ], [ 30.3947207, 59.999919 ], [ 30.3946192, 59.9998063 ], [ 30.3945403, 59.999707 ], [ 30.3944775, 59.999628 ], [ 30.3944058, 59.9995291 ], [ 30.3943166, 59.9994061 ], [ 30.3938909, 59.9987402 ], [ 30.3919852, 59.9957594 ], [ 30.3915381, 59.99506 ], [ 30.3914806, 59.9949707 ], [ 30.3913017, 59.994657 ], [ 30.3810615, 59.9960145 ], [ 30.3806449, 59.9960905 ], [ 30.3792761, 59.994724 ], [ 30.3770687, 59.9925379 ], [ 30.3768647, 59.9925361 ], [ 30.3766885, 59.9925472 ], [ 30.3765032, 59.9925808 ], [ 30.376394, 59.9926001 ], [ 30.3762032, 59.992447 ], [ 30.3760639, 59.9923435 ], [ 30.3759802, 59.992294 ], [ 30.3759158, 59.9922558 ], [ 30.3757289, 59.9921628 ], [ 30.3755067, 59.9920706 ], [ 30.3753074, 59.992016 ], [ 30.3751004, 59.991967 ], [ 30.3748226, 59.9919154 ], [ 30.3745735, 59.9918898 ], [ 30.3743332, 59.9918662 ], [ 30.3738628, 59.9918747 ], [ 30.3734895, 59.9919049 ], [ 30.3596709, 59.9938946 ], [ 30.3593051, 59.9939264 ], [ 30.3580375, 59.9934051 ], [ 30.356119, 59.9926106 ], [ 30.3553653, 59.9922899 ], [ 30.354191, 59.9918044 ], [ 30.3537775, 59.9916333 ], [ 30.3533885, 59.9914709 ], [ 30.3533133, 59.9914399 ], [ 30.353068, 59.9913422 ], [ 30.3528782, 59.9912629 ], [ 30.3526738, 59.9911942 ], [ 30.3524935, 59.9911489 ], [ 30.3523169, 59.9911132 ], [ 30.3521614, 59.9910925 ], [ 30.3520328, 59.9910832 ], [ 30.3517896, 59.9910703 ], [ 30.3508765, 59.991022 ], [ 30.350329, 59.9909978 ], [ 30.3491304, 59.9909286 ], [ 30.3486157, 59.9908854 ], [ 30.3481245, 59.9907578 ], [ 30.3476967, 59.9905534 ], [ 30.3471997, 59.9902152 ], [ 30.3471185, 59.9901465 ], [ 30.3470842, 59.9901159 ], [ 30.3470533, 59.9900633 ], [ 30.3469962, 59.989947 ], [ 30.3470188, 59.9899186 ], [ 30.3470623, 59.989864 ], [ 30.3472746, 59.9898125 ], [ 30.3473983, 59.9898004 ], [ 30.3476211, 59.9898209 ], [ 30.3496622, 59.9899 ], [ 30.3500954, 59.9898912 ], [ 30.350563, 59.9898536 ], [ 30.3508761, 59.9898076 ], [ 30.3511361, 59.9897534 ], [ 30.3513957, 59.9896959 ], [ 30.3516941, 59.9896025 ], [ 30.3519522, 59.9895064 ], [ 30.3520224, 59.9894774 ], [ 30.3521572, 59.9894206 ], [ 30.3522991, 59.989356 ], [ 30.3528164, 59.9890859 ], [ 30.3529993, 59.9889936 ], [ 30.3539199, 59.9884999 ], [ 30.3543785, 59.9882575 ], [ 30.355017, 59.9879181 ], [ 30.3556223, 59.9875909 ], [ 30.3558966, 59.9874379 ], [ 30.3568244, 59.9869206 ], [ 30.3571453, 59.9867548 ], [ 30.3573954, 59.9866293 ], [ 30.3575104, 59.9865691 ], [ 30.3577913, 59.9865794 ], [ 30.3584306, 59.9866028 ], [ 30.3586234, 59.9866099 ], [ 30.3587426, 59.9866019 ], [ 30.3590281, 59.9865828 ], [ 30.3593481, 59.9865614 ], [ 30.3595357, 59.9865373 ], [ 30.3599627, 59.9864826 ], [ 30.3601303, 59.9864568 ], [ 30.3604916, 59.9864012 ], [ 30.361301, 59.9862609 ], [ 30.3617559, 59.986182 ], [ 30.3627368, 59.9859847 ], [ 30.3629041, 59.985951 ], [ 30.3635829, 59.9857831 ], [ 30.3637105, 59.9857516 ], [ 30.3638158, 59.9857152 ], [ 30.364383, 59.9855195 ], [ 30.3646058, 59.9854426 ], [ 30.3647294, 59.9854 ], [ 30.3658023, 59.9850299 ], [ 30.3766021, 59.9813042 ], [ 30.3819857, 59.9794469 ], [ 30.3823755, 59.9793124 ], [ 30.3834853, 59.9789447 ], [ 30.3843739, 59.9787116 ], [ 30.3856241, 59.9784703 ], [ 30.3869077, 59.9783256 ], [ 30.3881488, 59.9781856 ], [ 30.3908925, 59.9778762 ], [ 30.3910914, 59.9778538 ], [ 30.3911246, 59.9778501 ], [ 30.3917687, 59.9777774 ], [ 30.3930112, 59.9776373 ], [ 30.3930707, 59.9777006 ], [ 30.3931737, 59.9778114 ], [ 30.3935918, 59.9782619 ], [ 30.3939726, 59.9786735 ], [ 30.3942763, 59.9790022 ], [ 30.3943422, 59.9790735 ], [ 30.3944584, 59.9791979 ], [ 30.3946451, 59.9793981 ], [ 30.3949494, 59.9797246 ], [ 30.3958461, 59.9806907 ], [ 30.3966219, 59.9815265 ], [ 30.3977356, 59.9827511 ], [ 30.3978909, 59.9829219 ], [ 30.3979806, 59.9830206 ], [ 30.3980292, 59.9830733 ], [ 30.3982294, 59.9832904 ], [ 30.398264, 59.9833294 ], [ 30.398613, 59.9836989 ], [ 30.3990513, 59.9841738 ], [ 30.3991175, 59.9842445 ], [ 30.3992608, 59.984401 ], [ 30.3993913, 59.9845423 ], [ 30.3996949, 59.9844707 ], [ 30.4000375, 59.9844129 ], [ 30.4002911, 59.9843722 ], [ 30.4008037, 59.9842921 ], [ 30.401505, 59.9841831 ], [ 30.401851, 59.9841286 ], [ 30.4020054, 59.9841045 ], [ 30.4026136, 59.9840096 ], [ 30.4036231, 59.983852 ], [ 30.4037741, 59.9838284 ], [ 30.4039157, 59.9838063 ], [ 30.4041353, 59.983772 ], [ 30.4055589, 59.9835513 ], [ 30.4055954, 59.9835456 ], [ 30.4072191, 59.9832895 ], [ 30.4073825, 59.983264 ], [ 30.4079408, 59.983175 ], [ 30.408277, 59.9831003 ], [ 30.4087763, 59.9829867 ], [ 30.4090633, 59.98292 ], [ 30.4095055, 59.9828128 ], [ 30.409735, 59.9827596 ], [ 30.4099647, 59.9827068 ], [ 30.4100908, 59.9826774 ], [ 30.410172, 59.9826592 ], [ 30.4128088, 59.9820696 ], [ 30.4129988, 59.982027 ], [ 30.4131121, 59.9820023 ], [ 30.4132576, 59.9819711 ], [ 30.4133293, 59.981955 ], [ 30.4134559, 59.9819266 ], [ 30.4147048, 59.9816464 ], [ 30.4150112, 59.9815777 ], [ 30.4154686, 59.9814751 ], [ 30.4176869, 59.9809774 ], [ 30.4185377, 59.9807865 ], [ 30.4211971, 59.9801797 ], [ 30.4213279, 59.9803158 ], [ 30.4272608, 59.9858927 ], [ 30.433287, 59.9916203 ], [ 30.4378776, 59.9959378 ], [ 30.4393551, 59.9971858 ], [ 30.4421741, 59.9998155 ], [ 30.4409046, 60.0031988 ], [ 30.440655, 60.0038536 ], [ 30.4400212, 60.0055167 ], [ 30.4381922, 60.0103148 ], [ 30.437474, 60.0121987 ], [ 30.4365795, 60.014498 ], [ 30.4364184, 60.0150355 ], [ 30.4363331, 60.0156677 ], [ 30.4363758, 60.0161081 ], [ 30.4364705, 60.0165343 ], [ 30.4367643, 60.0172163 ], [ 30.4372515, 60.0183848 ], [ 30.4374191, 60.0191382 ], [ 30.437399, 60.0197442 ], [ 30.4373722, 60.0202263 ], [ 30.437266, 60.0210632 ], [ 30.4371896, 60.0210427 ], [ 30.4369281, 60.0210067 ], [ 30.4366248, 60.0210916 ], [ 30.4365013, 60.0211248 ], [ 30.4364704, 60.021147 ], [ 30.4363941, 60.021202 ], [ 30.4362473, 60.0211987 ], [ 30.4361202, 60.0211777 ], [ 30.435936, 60.0211749 ], [ 30.4352766, 60.0212072 ], [ 30.4350448, 60.0213931 ], [ 30.4347414, 60.0215589 ], [ 30.4345892, 60.0215847 ], [ 30.4343959, 60.0215683 ], [ 30.4340257, 60.0214418 ], [ 30.4336895, 60.0213834 ], [ 30.4332937, 60.0213423 ], [ 30.432946, 60.0213383 ], [ 30.4324564, 60.0213297 ], [ 30.432491, 60.0210339 ], [ 30.4325736, 60.0202267 ], [ 30.432607, 60.0198719 ], [ 30.4326534, 60.0194082 ], [ 30.4328996, 60.0170352 ], [ 30.432946, 60.0167863 ], [ 30.4330692, 60.0162584 ], [ 30.4330982, 60.0161189 ], [ 30.4333491, 60.0150714 ], [ 30.4331756, 60.0152115 ], [ 30.4329181, 60.0153187 ], [ 30.4321484, 60.0155175 ], [ 30.4321545, 60.0153504 ] ] ] ] } },
{ "type": "Feature", "properties": { "full_id": "r1181901", "osm_id": "1181901", "osm_type": "relation", "boundary": "administrative", "wikimedia_commons": null, "start_date": null, "sqkm": null, "short_name:uk": null, "short_name:ru": null, "short_name:be": null, "short_name": null, "name:ru:word_stress": null, "oktmo": null, "contact:website": "http://www.mo24-prometey.ru/", "contact:vk": null, "contact:instagram": null, "okato:user": null, "loc_name": null, "old_name:de": null, "oktmo:user": null, "old_name:uk": null, "old_name": null, "name:etymology:wikidata": null, "alt_name": null, "official_name": "муниципальный округ Прометей", "addr:postcode": null, "url": null, "place": null, "addr:region": "Санкт-Петербург", "old_name:vi": null, "old_name:os": null, "old_name:mk": null, "old_name:ku": null, "old_name:hr": null, "old_name:fr": null, "old_name:eo": null, "old_name:en": null, "old_name:ar": null, "old_name:1924-01-26--1991-09-06": null, "old_name:1914-08-31--1924-01-26": null, "old_alt_name:vi": null, "name:tzl": null, "name:sl": null, "name:pt": null, "name:os": null, "name:nb": null, "name:mk": null, "name:lb": null, "name:ku": null, "name:ko": null, "name:gl": null, "name:fy": null, "name:eo": null, "name:da": null, "name:bg": null, "name:ast": null, "name:ar": null, "name:ab": null, "int_name": null, "alt_name:vi": null, "alt_name:mk": null, "wikipedia": "ru:Прометей (муниципальный округ)", "wikidata": "Q4380609", "website": null, "type": "boundary", "timezone": null, "ref": "24", "population:date": null, "population": null, "official_status": "ru:внутригородская территория города федерального значения", "name:zh-Hant": null, "name:zh-Hans": null, "name:zh": null, "name:vi": null, "name:uk": "Округ Прометей", "name:tt": null, "name:tk": null, "name:sv": null, "name:sr": null, "name:sk": null, "name:ru": null, "name:ro": null, "name:pl": null, "name:nl": null, "name:mhr": null, "name:lv": null, "name:lt": null, "name:kv": null, "name:kbd": null, "name:ja": null, "name:it": null, "name:hu": null, "name:hr": null, "name:fr": null, "name:fi": null, "name:et": null, "name:es": null, "name:en": null, "name:el": null, "name:de": null, "name:cu": null, "name:cs": null, "name:ce": null, "name:ca": null, "name:be-tarask": null, "name:be": null, "name:af": null, "name": "округ Прометей", "is_in:country_code": null, "is_in:country": null, "int_ref": null, "gost_7.67-2003": null, "admin_level": "8", "addr:country": "RU", "ISO3166-2": null }, "geometry": { "type": "MultiPolygon", "coordinates": [ [ [ [ 30.3780499, 60.0320295 ], [ 30.3788975, 60.0320673 ], [ 30.3796806, 60.0319167 ], [ 30.3817744, 60.0314577 ], [ 30.3841009, 60.0312369 ], [ 30.3852781, 60.030756 ], [ 30.3854819, 60.030669 ], [ 30.3859466, 60.0304894 ], [ 30.3862685, 60.0303035 ], [ 30.3863329, 60.0302569 ], [ 30.3864476, 60.030215 ], [ 30.3865542, 60.0302087 ], [ 30.3866698, 60.0302085 ], [ 30.3867097, 60.0302038 ], [ 30.3867429, 60.0301929 ], [ 30.3867412, 60.0301705 ], [ 30.3867459, 60.0301377 ], [ 30.386752, 60.0300824 ], [ 30.3867875, 60.0300375 ], [ 30.3869364, 60.0299735 ], [ 30.3871825, 60.0299115 ], [ 30.3872864, 60.0298901 ], [ 30.3874554, 60.0298335 ], [ 30.3876083, 60.0297977 ], [ 30.3877182, 60.0297769 ], [ 30.3877886, 60.0297585 ], [ 30.3878295, 60.029736 ], [ 30.3878456, 60.0297009 ], [ 30.3878747, 60.0296615 ], [ 30.3878684, 60.0294352 ], [ 30.3878926, 60.029385 ], [ 30.3879241, 60.0293444 ], [ 30.3879677, 60.0293029 ], [ 30.3880133, 60.0292647 ], [ 30.3880696, 60.0292439 ], [ 30.3881185, 60.0292332 ], [ 30.3882158, 60.0292238 ], [ 30.3882755, 60.0292292 ], [ 30.3883559, 60.0292349 ], [ 30.3886731, 60.0293099 ], [ 30.388893, 60.0293478 ], [ 30.3891123, 60.0293917 ], [ 30.3892317, 60.0294041 ], [ 30.3893014, 60.0294044 ], [ 30.3893825, 60.029387 ], [ 30.3907612, 60.0290597 ], [ 30.3913754, 60.0289847 ], [ 30.3919561, 60.0289565 ], [ 30.3924309, 60.0289331 ], [ 30.3929204, 60.0289264 ], [ 30.3934139, 60.0289304 ], [ 30.3938015, 60.0289297 ], [ 30.3943004, 60.0289016 ], [ 30.3945431, 60.0288661 ], [ 30.3946759, 60.0288674 ], [ 30.3948757, 60.0288835 ], [ 30.3949642, 60.0288467 ], [ 30.3950272, 60.0288172 ], [ 30.3951198, 60.0287281 ], [ 30.3952914, 60.0286329 ], [ 30.3955449, 60.0285512 ], [ 30.3956535, 60.0284554 ], [ 30.3956722, 60.0282924 ], [ 30.3956722, 60.0282314 ], [ 30.3956679, 60.0281652 ], [ 30.3956501, 60.0280883 ], [ 30.3956692, 60.0280617 ], [ 30.3957006, 60.0280474 ], [ 30.3957824, 60.0280113 ], [ 30.3958874, 60.0278703 ], [ 30.3960687, 60.0276571 ], [ 30.3963921, 60.027423 ], [ 30.3966233, 60.0272678 ], [ 30.3967313, 60.0271578 ], [ 30.3968364, 60.0270864 ], [ 30.3969386, 60.0270569 ], [ 30.3970596, 60.027022 ], [ 30.3972062, 60.0269267 ], [ 30.3973866, 60.026864 ], [ 30.3975914, 60.0267904 ], [ 30.3977976, 60.0267533 ], [ 30.3979814, 60.0267309 ], [ 30.3981638, 60.0267342 ], [ 30.3986087, 60.0267492 ], [ 30.3993214, 60.0267705 ], [ 30.3997284, 60.0267485 ], [ 30.4010555, 60.0265118 ], [ 30.4012975, 60.026469 ], [ 30.401966, 60.0262981 ], [ 30.4022695, 60.0261987 ], [ 30.4034852, 60.0275604 ], [ 30.403629, 60.0276897 ], [ 30.4037315, 60.0278303 ], [ 30.4041367, 60.0283312 ], [ 30.4044173, 60.028678 ], [ 30.4044616, 60.0287324 ], [ 30.4046752, 60.0289967 ], [ 30.4047199, 60.029052 ], [ 30.4047859, 60.0291337 ], [ 30.4049066, 60.0292828 ], [ 30.4054058, 60.0298999 ], [ 30.4055971, 60.0301363 ], [ 30.4061837, 60.0308614 ], [ 30.4063656, 60.0310863 ], [ 30.4065661, 60.0313341 ], [ 30.4065976, 60.0313729 ], [ 30.4066902, 60.0314854 ], [ 30.4067723, 60.0315852 ], [ 30.4070724, 60.0319486 ], [ 30.4072879, 60.0322144 ], [ 30.4076615, 60.0326753 ], [ 30.4077887, 60.0328312 ], [ 30.4082831, 60.0334384 ], [ 30.4087447, 60.034003 ], [ 30.4087789, 60.0340449 ], [ 30.4088739, 60.0341613 ], [ 30.4093346, 60.034726 ], [ 30.4093777, 60.0347802 ], [ 30.4098608, 60.0353692 ], [ 30.4099387, 60.0354664 ], [ 30.4104123, 60.0360467 ], [ 30.4108153, 60.0365406 ], [ 30.4109359, 60.0366884 ], [ 30.4110309, 60.0368048 ], [ 30.4111985, 60.0370072 ], [ 30.4113334, 60.0371755 ], [ 30.4113955, 60.0372517 ], [ 30.4114248, 60.0372875 ], [ 30.411486, 60.0373625 ], [ 30.4116333, 60.0375439 ], [ 30.4116985, 60.037623 ], [ 30.4117855, 60.0377318 ], [ 30.4120085, 60.0380029 ], [ 30.4124278, 60.0385167 ], [ 30.4127871, 60.038957 ], [ 30.4134355, 60.0397534 ], [ 30.4134876, 60.0398171 ], [ 30.4136094, 60.039966 ], [ 30.4136521, 60.0400182 ], [ 30.4136797, 60.0400519 ], [ 30.4137245, 60.0401068 ], [ 30.4137441, 60.0401306 ], [ 30.4140379, 60.0404937 ], [ 30.4147335, 60.0413421 ], [ 30.414893, 60.0415374 ], [ 30.4149775, 60.0416408 ], [ 30.4150599, 60.041742 ], [ 30.4151368, 60.0418454 ], [ 30.4152062, 60.0419312 ], [ 30.4152559, 60.0419933 ], [ 30.4152988, 60.0420458 ], [ 30.4161545, 60.0430946 ], [ 30.4163401, 60.043322 ], [ 30.4167629, 60.0438402 ], [ 30.4172386, 60.0444231 ], [ 30.4174118, 60.0446355 ], [ 30.4176018, 60.0448683 ], [ 30.4177335, 60.045032 ], [ 30.4178503, 60.0451773 ], [ 30.4188839, 60.0460853 ], [ 30.4156491, 60.0467092 ], [ 30.417048, 60.0481373 ], [ 30.4184151, 60.0495468 ], [ 30.4128121, 60.0509141 ], [ 30.4066015, 60.0524285 ], [ 30.4017109, 60.0536574 ], [ 30.3965713, 60.0550063 ], [ 30.3929866, 60.0503885 ], [ 30.385422, 60.0411046 ], [ 30.3791742, 60.0333854 ], [ 30.3780499, 60.0320295 ] ] ] ] } },
{ "type": "Feature", "properties": { "full_id": "r1181902", "osm_id": "1181902", "osm_type": "relation", "boundary": "administrative", "wikimedia_commons": null, "start_date": null, "sqkm": null, "short_name:uk": null, "short_name:ru": null, "short_name:be": null, "short_name": null, "name:ru:word_stress": null, "oktmo": null, "contact:website": "http://www.mo-akademicheskoe-spb.ru", "contact:vk": null, "contact:instagram": null, "okato:user": null, "loc_name": null, "old_name:de": null, "oktmo:user": null, "old_name:uk": null, "old_name": null, "name:etymology:wikidata": null, "alt_name": null, "official_name": "муниципальный округ Академическое", "addr:postcode": null, "url": null, "place": null, "addr:region": "Санкт-Петербург", "old_name:vi": null, "old_name:os": null, "old_name:mk": null, "old_name:ku": null, "old_name:hr": null, "old_name:fr": null, "old_name:eo": null, "old_name:en": null, "old_name:ar": null, "old_name:1924-01-26--1991-09-06": null, "old_name:1914-08-31--1924-01-26": null, "old_alt_name:vi": null, "name:tzl": null, "name:sl": null, "name:pt": null, "name:os": null, "name:nb": null, "name:mk": null, "name:lb": null, "name:ku": null, "name:ko": null, "name:gl": null, "name:fy": null, "name:eo": null, "name:da": null, "name:bg": null, "name:ast": null, "name:ar": null, "name:ab": null, "int_name": null, "alt_name:vi": null, "alt_name:mk": null, "wikipedia": "ru:Академическое (муниципальный округ, Санкт-Петербург)", "wikidata": "Q4059198", "website": null, "type": "boundary", "timezone": null, "ref": "19", "population:date": null, "population": null, "official_status": "ru:внутригородская территория города федерального значения", "name:zh-Hant": null, "name:zh-Hans": null, "name:zh": null, "name:vi": null, "name:uk": "Округ Академічний", "name:tt": null, "name:tk": null, "name:sv": null, "name:sr": null, "name:sk": null, "name:ru": null, "name:ro": null, "name:pl": null, "name:nl": null, "name:mhr": null, "name:lv": null, "name:lt": null, "name:kv": null, "name:kbd": null, "name:ja": null, "name:it": null, "name:hu": null, "name:hr": null, "name:fr": null, "name:fi": null, "name:et": null, "name:es": null, "name:en": null, "name:el": null, "name:de": null, "name:cu": null, "name:cs": null, "name:ce": null, "name:ca": null, "name:be-tarask": null, "name:be": null, "name:af": null, "name": "округ Академическое", "is_in:country_code": null, "is_in:country": null, "int_ref": null, "gost_7.67-2003": null, "admin_level": "8", "addr:country": "RU", "ISO3166-2": null }, "geometry": { "type": "MultiPolygon", "coordinates": [ [ [ [ 30.391195, 60.006572 ], [ 30.3855206, 60.0075418 ], [ 30.3854645, 60.0074497 ], [ 30.385378, 60.0073003 ], [ 30.3836292, 60.0047083 ], [ 30.3821312, 60.0025024 ], [ 30.3820225, 60.0023412 ], [ 30.3819127, 60.002191 ], [ 30.3812662, 60.0015282 ], [ 30.3807918, 60.0010855 ], [ 30.3802469, 60.0005147 ], [ 30.3791539, 59.999431 ], [ 30.3790131, 59.9992705 ], [ 30.3781953, 59.9980763 ], [ 30.3773153, 59.9967651 ], [ 30.377232, 59.9965962 ], [ 30.3766219, 59.9966799 ], [ 30.3753383, 59.9968193 ], [ 30.3705787, 59.9974967 ], [ 30.3656459, 59.9980995 ], [ 30.364645, 59.9982197 ], [ 30.3647103, 59.9984021 ], [ 30.3648256, 59.9986651 ], [ 30.365578, 60.0004733 ], [ 30.3659669, 60.0013645 ], [ 30.367116, 60.0031001 ], [ 30.3681267, 60.0045967 ], [ 30.3688995, 60.0057321 ], [ 30.3697907, 60.0071098 ], [ 30.3698408, 60.0072122 ], [ 30.3698529, 60.0072794 ], [ 30.3697977, 60.0076977 ], [ 30.3695278, 60.008771 ], [ 30.3695027, 60.0088466 ], [ 30.3694238, 60.0090037 ], [ 30.3693371, 60.0091247 ], [ 30.3692697, 60.0092161 ], [ 30.3691307, 60.0094041 ], [ 30.3690451, 60.0096061 ], [ 30.3690253, 60.0097419 ], [ 30.3690354, 60.0098372 ], [ 30.3691256, 60.0100632 ], [ 30.3691634, 60.0102165 ], [ 30.3691635, 60.0104191 ], [ 30.368746, 60.0122845 ], [ 30.3687124, 60.0124286 ], [ 30.3686387, 60.0127329 ], [ 30.368582, 60.0129721 ], [ 30.3685577, 60.0130803 ], [ 30.368356, 60.0139025 ], [ 30.3681109, 60.0149293 ], [ 30.3680962, 60.0149916 ], [ 30.3679909, 60.0154362 ], [ 30.367955, 60.0155876 ], [ 30.367653, 60.0168491 ], [ 30.3675625, 60.0171857 ], [ 30.3674804, 60.0175185 ], [ 30.3673145, 60.0183805 ], [ 30.3672755, 60.0187685 ], [ 30.3672865, 60.0191606 ], [ 30.3672517, 60.019399 ], [ 30.3668449, 60.0214913 ], [ 30.3660748, 60.0253985 ], [ 30.3652255, 60.0297057 ], [ 30.3649192, 60.0314225 ], [ 30.3648662, 60.0317869 ], [ 30.3648499, 60.0321357 ], [ 30.3655551, 60.0320946 ], [ 30.3665835, 60.0320205 ], [ 30.3685243, 60.0318492 ], [ 30.3703492, 60.031631 ], [ 30.3717426, 60.0314196 ], [ 30.3732548, 60.0311275 ], [ 30.3751135, 60.0307341 ], [ 30.3770255, 60.0302217 ], [ 30.3772441, 60.0304578 ], [ 30.3772875, 60.0306663 ], [ 30.3770399, 60.0312465 ], [ 30.3771383, 60.0315921 ], [ 30.3773994, 60.0318601 ], [ 30.3780499, 60.0320295 ], [ 30.3788975, 60.0320673 ], [ 30.3796806, 60.0319167 ], [ 30.3817744, 60.0314577 ], [ 30.3841009, 60.0312369 ], [ 30.3852781, 60.030756 ], [ 30.3854819, 60.030669 ], [ 30.3859466, 60.0304894 ], [ 30.3862685, 60.0303035 ], [ 30.3863329, 60.0302569 ], [ 30.3864476, 60.030215 ], [ 30.3865542, 60.0302087 ], [ 30.3866698, 60.0302085 ], [ 30.3867097, 60.0302038 ], [ 30.3867429, 60.0301929 ], [ 30.3867412, 60.0301705 ], [ 30.3867459, 60.0301377 ], [ 30.386752, 60.0300824 ], [ 30.3867875, 60.0300375 ], [ 30.3869364, 60.0299735 ], [ 30.3871825, 60.0299115 ], [ 30.3872864, 60.0298901 ], [ 30.3874554, 60.0298335 ], [ 30.3876083, 60.0297977 ], [ 30.3877182, 60.0297769 ], [ 30.3877886, 60.0297585 ], [ 30.3878295, 60.029736 ], [ 30.3878456, 60.0297009 ], [ 30.3878747, 60.0296615 ], [ 30.3878684, 60.0294352 ], [ 30.3878926, 60.029385 ], [ 30.3879241, 60.0293444 ], [ 30.3879677, 60.0293029 ], [ 30.3880133, 60.0292647 ], [ 30.3880696, 60.0292439 ], [ 30.3881185, 60.0292332 ], [ 30.3882158, 60.0292238 ], [ 30.3882755, 60.0292292 ], [ 30.3883559, 60.0292349 ], [ 30.3886731, 60.0293099 ], [ 30.388893, 60.0293478 ], [ 30.3891123, 60.0293917 ], [ 30.3892317, 60.0294041 ], [ 30.3893014, 60.0294044 ], [ 30.3893825, 60.029387 ], [ 30.3907612, 60.0290597 ], [ 30.3913754, 60.0289847 ], [ 30.3919561, 60.0289565 ], [ 30.3924309, 60.0289331 ], [ 30.3929204, 60.0289264 ], [ 30.3934139, 60.0289304 ], [ 30.3938015, 60.0289297 ], [ 30.3943004, 60.0289016 ], [ 30.3945431, 60.0288661 ], [ 30.3946759, 60.0288674 ], [ 30.3948757, 60.0288835 ], [ 30.3949642, 60.0288467 ], [ 30.3950272, 60.0288172 ], [ 30.3951198, 60.0287281 ], [ 30.3952914, 60.0286329 ], [ 30.3955449, 60.0285512 ], [ 30.3956535, 60.0284554 ], [ 30.3956722, 60.0282924 ], [ 30.3956722, 60.0282314 ], [ 30.3956679, 60.0281652 ], [ 30.3956501, 60.0280883 ], [ 30.3956692, 60.0280617 ], [ 30.3957006, 60.0280474 ], [ 30.3957824, 60.0280113 ], [ 30.3958874, 60.0278703 ], [ 30.3960687, 60.0276571 ], [ 30.3963921, 60.027423 ], [ 30.3966233, 60.0272678 ], [ 30.3967313, 60.0271578 ], [ 30.3968364, 60.0270864 ], [ 30.3969386, 60.0270569 ], [ 30.3970596, 60.027022 ], [ 30.3972062, 60.0269267 ], [ 30.3973866, 60.026864 ], [ 30.3975914, 60.0267904 ], [ 30.3977976, 60.0267533 ], [ 30.3979814, 60.0267309 ], [ 30.3981638, 60.0267342 ], [ 30.3986087, 60.0267492 ], [ 30.3993214, 60.0267705 ], [ 30.3997284, 60.0267485 ], [ 30.4010555, 60.0265118 ], [ 30.4012975, 60.026469 ], [ 30.401966, 60.0262981 ], [ 30.4022695, 60.0261987 ], [ 30.4027661, 60.0259379 ], [ 30.4029479, 60.0258849 ], [ 30.4036849, 60.0256703 ], [ 30.4038138, 60.0256327 ], [ 30.4047756, 60.0254182 ], [ 30.4049233, 60.0253853 ], [ 30.4060387, 60.025181 ], [ 30.4078051, 60.0249343 ], [ 30.4084212, 60.0247379 ], [ 30.4086343, 60.024567 ], [ 30.408661, 60.0244858 ], [ 30.4086081, 60.0244046 ], [ 30.4086296, 60.0243545 ], [ 30.4087014, 60.0243174 ], [ 30.4088181, 60.0242648 ], [ 30.4091813, 60.0241687 ], [ 30.4095043, 60.0240904 ], [ 30.4097373, 60.0240102 ], [ 30.4105726, 60.0236484 ], [ 30.4107992, 60.023473 ], [ 30.4108367, 60.0233895 ], [ 30.4108579, 60.0233331 ], [ 30.4108495, 60.023273 ], [ 30.4107434, 60.0231209 ], [ 30.4107406, 60.0230035 ], [ 30.4108365, 60.0229147 ], [ 30.4112198, 60.0227535 ], [ 30.411548, 60.0225813 ], [ 30.4116668, 60.0223718 ], [ 30.4116128, 60.0221713 ], [ 30.411511, 60.0220957 ], [ 30.4113706, 60.0220489 ], [ 30.4111057, 60.0220416 ], [ 30.4109925, 60.0219842 ], [ 30.4109925, 60.0219168 ], [ 30.411111, 60.0218413 ], [ 30.4112923, 60.0217875 ], [ 30.411647, 60.0217472 ], [ 30.411901, 60.0216905 ], [ 30.4121254, 60.0216227 ], [ 30.4123348, 60.0214893 ], [ 30.4124371, 60.0213867 ], [ 30.4123742, 60.0212865 ], [ 30.4122483, 60.0212591 ], [ 30.4121555, 60.0212151 ], [ 30.4121305, 60.0211743 ], [ 30.412157, 60.0211414 ], [ 30.412433, 60.0210593 ], [ 30.4128421, 60.0210734 ], [ 30.4132153, 60.0211292 ], [ 30.4135812, 60.0212183 ], [ 30.4139536, 60.0214297 ], [ 30.4141705, 60.0214748 ], [ 30.4146932, 60.0214587 ], [ 30.4150887, 60.0215268 ], [ 30.4154072, 60.0215368 ], [ 30.4159859, 60.021512 ], [ 30.4161704, 60.0214242 ], [ 30.4163205, 60.0212248 ], [ 30.4165713, 60.0211016 ], [ 30.4169648, 60.0210306 ], [ 30.4172446, 60.0210348 ], [ 30.4173908, 60.0210966 ], [ 30.4175335, 60.0211619 ], [ 30.417651, 60.0211774 ], [ 30.4177431, 60.0211509 ], [ 30.4178578, 60.0211033 ], [ 30.4179898, 60.0209964 ], [ 30.4180166, 60.0209352 ], [ 30.4180036, 60.0208404 ], [ 30.4183617, 60.0207394 ], [ 30.4184113, 60.0207255 ], [ 30.4186426, 60.0207512 ], [ 30.4189403, 60.0207987 ], [ 30.4174083, 60.0192505 ], [ 30.4173748, 60.019217 ], [ 30.4172756, 60.0191181 ], [ 30.4171713, 60.0190146 ], [ 30.4169183, 60.0187657 ], [ 30.4166169, 60.0184633 ], [ 30.4164814, 60.0183285 ], [ 30.4163624, 60.0182098 ], [ 30.4161907, 60.0180394 ], [ 30.4155136, 60.0173662 ], [ 30.415189, 60.0170433 ], [ 30.4150603, 60.0169151 ], [ 30.4149902, 60.0168457 ], [ 30.4149166, 60.0167725 ], [ 30.41418, 60.0160414 ], [ 30.4131881, 60.0150536 ], [ 30.412922, 60.014789 ], [ 30.4128229, 60.0146904 ], [ 30.4127415, 60.0146092 ], [ 30.4125842, 60.014453 ], [ 30.4125065, 60.0143758 ], [ 30.412383, 60.0142529 ], [ 30.4123291, 60.0141993 ], [ 30.4119994, 60.0138719 ], [ 30.4118178, 60.0136908 ], [ 30.4111374, 60.0130139 ], [ 30.410549, 60.0124287 ], [ 30.4104488, 60.012329 ], [ 30.4103033, 60.0121843 ], [ 30.4090211, 60.010909 ], [ 30.409008, 60.0108959 ], [ 30.408694, 60.0105836 ], [ 30.4085228, 60.0104209 ], [ 30.4084588, 60.0103813 ], [ 30.3977441, 60.0130772 ], [ 30.3939118, 60.0092347 ], [ 30.391195, 60.006572 ] ] ] ] } },
{ "type": "Feature", "properties": { "full_id": "r1181903", "osm_id": "1181903", "osm_type": "relation", "boundary": "administrative", "wikimedia_commons": null, "start_date": null, "sqkm": null, "short_name:uk": null, "short_name:ru": null, "short_name:be": null, "short_name": null, "name:ru:word_stress": null, "oktmo": null, "contact:website": null, "contact:vk": null, "contact:instagram": null, "okato:user": null, "loc_name": null, "old_name:de": null, "oktmo:user": null, "old_name:uk": null, "old_name": null, "name:etymology:wikidata": null, "alt_name": null, "official_name": "муниципальный округ Финляндский округ", "addr:postcode": null, "url": null, "place": null, "addr:region": "Санкт-Петербург", "old_name:vi": null, "old_name:os": null, "old_name:mk": null, "old_name:ku": null, "old_name:hr": null, "old_name:fr": null, "old_name:eo": null, "old_name:en": null, "old_name:ar": null, "old_name:1924-01-26--1991-09-06": null, "old_name:1914-08-31--1924-01-26": null, "old_alt_name:vi": null, "name:tzl": null, "name:sl": null, "name:pt": null, "name:os": null, "name:nb": null, "name:mk": null, "name:lb": null, "name:ku": null, "name:ko": null, "name:gl": null, "name:fy": null, "name:eo": null, "name:da": null, "name:bg": null, "name:ast": null, "name:ar": null, "name:ab": null, "int_name": null, "alt_name:vi": null, "alt_name:mk": null, "wikipedia": "ru:Финляндский округ", "wikidata": "Q4484884", "website": null, "type": "boundary", "timezone": null, "ref": "20", "population:date": null, "population": null, "official_status": "ru:внутригородская территория города федерального значения", "name:zh-Hant": null, "name:zh-Hans": null, "name:zh": null, "name:vi": null, "name:uk": "Фінляндський округ", "name:tt": null, "name:tk": null, "name:sv": null, "name:sr": null, "name:sk": null, "name:ru": null, "name:ro": null, "name:pl": null, "name:nl": null, "name:mhr": null, "name:lv": null, "name:lt": null, "name:kv": null, "name:kbd": null, "name:ja": null, "name:it": null, "name:hu": null, "name:hr": null, "name:fr": null, "name:fi": null, "name:et": null, "name:es": null, "name:en": null, "name:el": null, "name:de": null, "name:cu": null, "name:cs": null, "name:ce": null, "name:ca": null, "name:be-tarask": null, "name:be": null, "name:af": null, "name": "Финляндский округ", "is_in:country_code": null, "is_in:country": null, "int_ref": null, "gost_7.67-2003": null, "admin_level": "8", "addr:country": "RU", "ISO3166-2": null }, "geometry": { "type": "MultiPolygon", "coordinates": [ [ [ [ 30.4069324, 59.9589419 ], [ 30.4056212, 59.9582695 ], [ 30.4041048, 59.957492 ], [ 30.4035732, 59.9572194 ], [ 30.4032073, 59.9570318 ], [ 30.4031123, 59.9569902 ], [ 30.3995843, 59.9554444 ], [ 30.3967227, 59.9565701 ], [ 30.3947084, 59.9570899 ], [ 30.3926868, 59.957526 ], [ 30.3909516, 59.957795 ], [ 30.3889597, 59.9579201 ], [ 30.3875676, 59.957883 ], [ 30.3861768, 59.9577415 ], [ 30.3847935, 59.957492 ], [ 30.3836743, 59.9571742 ], [ 30.3764346, 59.9538024 ], [ 30.3711236, 59.9522691 ], [ 30.3635559, 59.9511683 ], [ 30.359596, 59.9514048 ], [ 30.3495316, 59.9519993 ], [ 30.3500329, 59.954067 ], [ 30.3500931, 59.954247 ], [ 30.3501862, 59.954417 ], [ 30.3510756, 59.9556688 ], [ 30.3512895, 59.9559671 ], [ 30.3527109, 59.9579444 ], [ 30.3529653, 59.9582636 ], [ 30.353569, 59.9592033 ], [ 30.3539485, 59.9597902 ], [ 30.3539686, 59.9598427 ], [ 30.3539719, 59.9599116 ], [ 30.3539505, 59.9599868 ], [ 30.3539237, 59.9600674 ], [ 30.3537766, 59.9602637 ], [ 30.3537524, 59.9602959 ], [ 30.3535495, 59.9605656 ], [ 30.3531488, 59.961094 ], [ 30.3529576, 59.9613532 ], [ 30.3528078, 59.9615564 ], [ 30.3526306, 59.9617757 ], [ 30.3524782, 59.9619643 ], [ 30.3523828, 59.9620894 ], [ 30.3521802, 59.9623553 ], [ 30.3520719, 59.9625006 ], [ 30.3519782, 59.9626314 ], [ 30.3518945, 59.9627701 ], [ 30.3517745, 59.9630591 ], [ 30.3514732, 59.9637845 ], [ 30.3513304, 59.9641284 ], [ 30.3512898, 59.9642273 ], [ 30.3509374, 59.9650546 ], [ 30.3508736, 59.965224 ], [ 30.350824, 59.9653484 ], [ 30.3507791, 59.9654651 ], [ 30.3507433, 59.9655504 ], [ 30.3506055, 59.9658921 ], [ 30.3504388, 59.9663154 ], [ 30.3504018, 59.9664036 ], [ 30.3503802, 59.966451 ], [ 30.3502857, 59.9666876 ], [ 30.3500595, 59.9672542 ], [ 30.3499953, 59.9674071 ], [ 30.3499489, 59.9675265 ], [ 30.3498975, 59.9676529 ], [ 30.349802, 59.9678872 ], [ 30.3497624, 59.9679838 ], [ 30.3489592, 59.9697627 ], [ 30.3489099, 59.9698754 ], [ 30.3487459, 59.9702308 ], [ 30.3481084, 59.9716221 ], [ 30.3480036, 59.9718443 ], [ 30.3474998, 59.9729815 ], [ 30.3474296, 59.9731321 ], [ 30.3473852, 59.973224 ], [ 30.3472501, 59.9734347 ], [ 30.3470956, 59.9736379 ], [ 30.3444468, 59.9766834 ], [ 30.3439908, 59.9772112 ], [ 30.3439759, 59.9772694 ], [ 30.3440183, 59.9774097 ], [ 30.3440519, 59.9774869 ], [ 30.3441862, 59.9775005 ], [ 30.3446184, 59.977549 ], [ 30.3450708, 59.9775991 ], [ 30.3453389, 59.9776288 ], [ 30.345428, 59.9776325 ], [ 30.345677, 59.9776732 ], [ 30.3547364, 59.9785988 ], [ 30.3552375, 59.978625 ], [ 30.3596875, 59.9790785 ], [ 30.3601746, 59.9791235 ], [ 30.3606251, 59.9791373 ], [ 30.3610566, 59.9791362 ], [ 30.3613728, 59.9791131 ], [ 30.3616268, 59.979076 ], [ 30.3619117, 59.9790182 ], [ 30.3623859, 59.9788826 ], [ 30.3627096, 59.9787769 ], [ 30.3657854, 59.9776521 ], [ 30.3659485, 59.977618 ], [ 30.366133, 59.977596 ], [ 30.3664856, 59.9775994 ], [ 30.3670817, 59.9776153 ], [ 30.3674381, 59.9776304 ], [ 30.3675253, 59.9776414 ], [ 30.3674902, 59.9777015 ], [ 30.3670518, 59.978452 ], [ 30.3670293, 59.9784906 ], [ 30.3670152, 59.9785224 ], [ 30.3668032, 59.9789996 ], [ 30.366711, 59.9792071 ], [ 30.3661646, 59.9801343 ], [ 30.3661514, 59.9801498 ], [ 30.3656302, 59.9807613 ], [ 30.365261, 59.9811716 ], [ 30.3650403, 59.9814169 ], [ 30.3642725, 59.9821735 ], [ 30.3636049, 59.9828314 ], [ 30.3628784, 59.9835474 ], [ 30.3627118, 59.9837116 ], [ 30.3626837, 59.9837322 ], [ 30.3625111, 59.9838585 ], [ 30.3622196, 59.9840159 ], [ 30.3612777, 59.9845246 ], [ 30.3584655, 59.9860431 ], [ 30.3579241, 59.9863355 ], [ 30.3576604, 59.9864779 ], [ 30.3575104, 59.9865691 ], [ 30.3577913, 59.9865794 ], [ 30.3584306, 59.9866028 ], [ 30.3586234, 59.9866099 ], [ 30.3587426, 59.9866019 ], [ 30.3590281, 59.9865828 ], [ 30.3593481, 59.9865614 ], [ 30.3595357, 59.9865373 ], [ 30.3599627, 59.9864826 ], [ 30.3601303, 59.9864568 ], [ 30.3604916, 59.9864012 ], [ 30.361301, 59.9862609 ], [ 30.3617559, 59.986182 ], [ 30.3627368, 59.9859847 ], [ 30.3629041, 59.985951 ], [ 30.3635829, 59.9857831 ], [ 30.3637105, 59.9857516 ], [ 30.3638158, 59.9857152 ], [ 30.364383, 59.9855195 ], [ 30.3646058, 59.9854426 ], [ 30.3647294, 59.9854 ], [ 30.3658023, 59.9850299 ], [ 30.3766021, 59.9813042 ], [ 30.3819857, 59.9794469 ], [ 30.3823755, 59.9793124 ], [ 30.3834853, 59.9789447 ], [ 30.3843739, 59.9787116 ], [ 30.3856241, 59.9784703 ], [ 30.3869077, 59.9783256 ], [ 30.3881488, 59.9781856 ], [ 30.3908925, 59.9778762 ], [ 30.3910914, 59.9778538 ], [ 30.3911246, 59.9778501 ], [ 30.3917687, 59.9777774 ], [ 30.3930112, 59.9776373 ], [ 30.3930707, 59.9777006 ], [ 30.3931737, 59.9778114 ], [ 30.3935918, 59.9782619 ], [ 30.3939726, 59.9786735 ], [ 30.3942763, 59.9790022 ], [ 30.3943422, 59.9790735 ], [ 30.3944584, 59.9791979 ], [ 30.3946451, 59.9793981 ], [ 30.3949494, 59.9797246 ], [ 30.3958461, 59.9806907 ], [ 30.3966219, 59.9815265 ], [ 30.3977356, 59.9827511 ], [ 30.3978909, 59.9829219 ], [ 30.3979806, 59.9830206 ], [ 30.3980292, 59.9830733 ], [ 30.3982294, 59.9832904 ], [ 30.398264, 59.9833294 ], [ 30.398613, 59.9836989 ], [ 30.3990513, 59.9841738 ], [ 30.3991175, 59.9842445 ], [ 30.3992608, 59.984401 ], [ 30.3993913, 59.9845423 ], [ 30.3996949, 59.9844707 ], [ 30.4000375, 59.9844129 ], [ 30.4002911, 59.9843722 ], [ 30.4008037, 59.9842921 ], [ 30.401505, 59.9841831 ], [ 30.401851, 59.9841286 ], [ 30.4020054, 59.9841045 ], [ 30.4026136, 59.9840096 ], [ 30.4036231, 59.983852 ], [ 30.4037741, 59.9838284 ], [ 30.4039157, 59.9838063 ], [ 30.4041353, 59.983772 ], [ 30.4055589, 59.9835513 ], [ 30.4055954, 59.9835456 ], [ 30.4072191, 59.9832895 ], [ 30.4073825, 59.983264 ], [ 30.4079408, 59.983175 ], [ 30.408277, 59.9831003 ], [ 30.4087763, 59.9829867 ], [ 30.4090633, 59.98292 ], [ 30.4095055, 59.9828128 ], [ 30.409735, 59.9827596 ], [ 30.4099647, 59.9827068 ], [ 30.4100908, 59.9826774 ], [ 30.410172, 59.9826592 ], [ 30.4128088, 59.9820696 ], [ 30.4129988, 59.982027 ], [ 30.4131121, 59.9820023 ], [ 30.4132576, 59.9819711 ], [ 30.4133293, 59.981955 ], [ 30.4134559, 59.9819266 ], [ 30.4147048, 59.9816464 ], [ 30.4150112, 59.9815777 ], [ 30.4154686, 59.9814751 ], [ 30.4176869, 59.9809774 ], [ 30.4185377, 59.9807865 ], [ 30.4211971, 59.9801797 ], [ 30.4210579, 59.9800531 ], [ 30.4135872, 59.973104 ], [ 30.4126073, 59.9721756 ], [ 30.4124752, 59.9720122 ], [ 30.4123597, 59.9718456 ], [ 30.4121544, 59.9715385 ], [ 30.4110665, 59.9689142 ], [ 30.4086961, 59.9630689 ], [ 30.4081382, 59.9616217 ], [ 30.4071928, 59.9593379 ], [ 30.4070911, 59.959158 ], [ 30.4069324, 59.9589419 ] ] ] ] } },
{ "type": "Feature", "properties": { "full_id": "r1181904", "osm_id": "1181904", "osm_type": "relation", "boundary": "administrative", "wikimedia_commons": null, "start_date": null, "sqkm": null, "short_name:uk": null, "short_name:ru": null, "short_name:be": null, "short_name": null, "name:ru:word_stress": null, "oktmo": null, "contact:website": "http://mosevernyj.ru/", "contact:vk": null, "contact:instagram": null, "okato:user": null, "loc_name": null, "old_name:de": null, "oktmo:user": null, "old_name:uk": null, "old_name": null, "name:etymology:wikidata": null, "alt_name": null, "official_name": "муниципальный округ Северный", "addr:postcode": null, "url": null, "place": null, "addr:region": "Санкт-Петербург", "old_name:vi": null, "old_name:os": null, "old_name:mk": null, "old_name:ku": null, "old_name:hr": null, "old_name:fr": null, "old_name:eo": null, "old_name:en": null, "old_name:ar": null, "old_name:1924-01-26--1991-09-06": null, "old_name:1914-08-31--1924-01-26": null, "old_alt_name:vi": null, "name:tzl": null, "name:sl": null, "name:pt": null, "name:os": null, "name:nb": null, "name:mk": null, "name:lb": null, "name:ku": null, "name:ko": null, "name:gl": null, "name:fy": null, "name:eo": null, "name:da": null, "name:bg": null, "name:ast": null, "name:ar": null, "name:ab": null, "int_name": null, "alt_name:vi": null, "alt_name:mk": null, "wikipedia": "ru:Северный (округ)", "wikidata": "Q4412271", "website": null, "type": "boundary", "timezone": null, "ref": "23", "population:date": null, "population": null, "official_status": "ru:внутригородская территория города федерального значения", "name:zh-Hant": null, "name:zh-Hans": null, "name:zh": null, "name:vi": null, "name:uk": "Округ Північний", "name:tt": null, "name:tk": null, "name:sv": null, "name:sr": null, "name:sk": null, "name:ru": null, "name:ro": null, "name:pl": null, "name:nl": null, "name:mhr": null, "name:lv": null, "name:lt": null, "name:kv": null, "name:kbd": null, "name:ja": null, "name:it": null, "name:hu": null, "name:hr": null, "name:fr": null, "name:fi": null, "name:et": null, "name:es": null, "name:en": null, "name:el": null, "name:de": null, "name:cu": null, "name:cs": null, "name:ce": null, "name:ca": null, "name:be-tarask": null, "name:be": null, "name:af": null, "name": "округ Северный", "is_in:country_code": null, "is_in:country": null, "int_ref": null, "gost_7.67-2003": null, "admin_level": "8", "addr:country": "RU", "ISO3166-2": null }, "geometry": { "type": "MultiPolygon", "coordinates": [ [ [ [ 30.3770255, 60.0302217 ], [ 30.3772441, 60.0304578 ], [ 30.3772875, 60.0306663 ], [ 30.3770399, 60.0312465 ], [ 30.3771383, 60.0315921 ], [ 30.3773994, 60.0318601 ], [ 30.3780499, 60.0320295 ], [ 30.3791742, 60.0333854 ], [ 30.385422, 60.0411046 ], [ 30.3929866, 60.0503885 ], [ 30.3965713, 60.0550063 ], [ 30.3881121, 60.0570767 ], [ 30.3889016, 60.0578229 ], [ 30.3880449, 60.0580912 ], [ 30.3887672, 60.0588039 ], [ 30.3873932, 60.0591782 ], [ 30.3856467, 60.0572068 ], [ 30.3836956, 60.0550392 ], [ 30.3667471, 60.0360009 ], [ 30.3660606, 60.0352735 ], [ 30.3654163, 60.0343654 ], [ 30.3651017, 60.0334615 ], [ 30.364966, 60.0330131 ], [ 30.3648499, 60.0321357 ], [ 30.3655551, 60.0320946 ], [ 30.3665835, 60.0320205 ], [ 30.3685243, 60.0318492 ], [ 30.3703492, 60.031631 ], [ 30.3717426, 60.0314196 ], [ 30.3732548, 60.0311275 ], [ 30.3751135, 60.0307341 ], [ 30.3770255, 60.0302217 ] ] ] ] } },
{ "type": "Feature", "properties": { "full_id": "r1181905", "osm_id": "1181905", "osm_type": "relation", "boundary": "administrative", "wikimedia_commons": null, "start_date": null, "sqkm": null, "short_name:uk": null, "short_name:ru": null, "short_name:be": null, "short_name": null, "name:ru:word_stress": null, "oktmo": null, "contact:website": null, "contact:vk": null, "contact:instagram": null, "okato:user": null, "loc_name": null, "old_name:de": null, "oktmo:user": null, "old_name:uk": null, "old_name": null, "name:etymology:wikidata": null, "alt_name": "округ N 21", "official_name": "муниципальный округ № 21", "addr:postcode": null, "url": null, "place": null, "addr:region": "Санкт-Петербург", "old_name:vi": null, "old_name:os": null, "old_name:mk": null, "old_name:ku": null, "old_name:hr": null, "old_name:fr": null, "old_name:eo": null, "old_name:en": null, "old_name:ar": null, "old_name:1924-01-26--1991-09-06": null, "old_name:1914-08-31--1924-01-26": null, "old_alt_name:vi": null, "name:tzl": null, "name:sl": null, "name:pt": null, "name:os": null, "name:nb": null, "name:mk": null, "name:lb": null, "name:ku": null, "name:ko": null, "name:gl": null, "name:fy": null, "name:eo": null, "name:da": null, "name:bg": null, "name:ast": null, "name:ar": null, "name:ab": null, "int_name": null, "alt_name:vi": null, "alt_name:mk": null, "wikipedia": "ru:Муниципальный округ № 21 (Санкт-Петербург)", "wikidata": "Q4030154", "website": null, "type": "boundary", "timezone": null, "ref": "21", "population:date": null, "population": null, "official_status": "ru:внутригородская территория города федерального значения", "name:zh-Hant": null, "name:zh-Hans": null, "name:zh": null, "name:vi": null, "name:uk": "Округ № 21", "name:tt": null, "name:tk": null, "name:sv": null, "name:sr": null, "name:sk": null, "name:ru": null, "name:ro": null, "name:pl": null, "name:nl": null, "name:mhr": null, "name:lv": null, "name:lt": null, "name:kv": null, "name:kbd": null, "name:ja": null, "name:it": null, "name:hu": null, "name:hr": null, "name:fr": null, "name:fi": null, "name:et": null, "name:es": null, "name:en": null, "name:el": null, "name:de": null, "name:cu": null, "name:cs": null, "name:ce": null, "name:ca": null, "name:be-tarask": null, "name:be": null, "name:af": null, "name": "округ № 21", "is_in:country_code": null, "is_in:country": null, "int_ref": null, "gost_7.67-2003": null, "admin_level": "8", "addr:country": "RU", "ISO3166-2": null }, "geometry": { "type": "MultiPolygon", "coordinates": [ [ [ [ 30.4376124, 60.039133 ], [ 30.4371912, 60.0296333 ], [ 30.4371443, 60.0264734 ], [ 30.4370438, 60.0228847 ], [ 30.4371443, 60.0220176 ], [ 30.437266, 60.0210632 ], [ 30.4371896, 60.0210427 ], [ 30.4369281, 60.0210067 ], [ 30.4366248, 60.0210916 ], [ 30.4365013, 60.0211248 ], [ 30.4364704, 60.021147 ], [ 30.4363941, 60.021202 ], [ 30.4362473, 60.0211987 ], [ 30.4361202, 60.0211777 ], [ 30.435936, 60.0211749 ], [ 30.4352766, 60.0212072 ], [ 30.4350448, 60.0213931 ], [ 30.4347414, 60.0215589 ], [ 30.4345892, 60.0215847 ], [ 30.4343959, 60.0215683 ], [ 30.4340257, 60.0214418 ], [ 30.4336895, 60.0213834 ], [ 30.4332937, 60.0213423 ], [ 30.432946, 60.0213383 ], [ 30.4324564, 60.0213297 ], [ 30.4307263, 60.0212955 ], [ 30.4307288, 60.0211854 ], [ 30.4306113, 60.0209955 ], [ 30.4303023, 60.0207712 ], [ 30.4299701, 60.0206019 ], [ 30.4298973, 60.0204857 ], [ 30.4297114, 60.0204164 ], [ 30.4292428, 60.0203825 ], [ 30.4286673, 60.0203865 ], [ 30.4281556, 60.0202755 ], [ 30.4273261, 60.0199409 ], [ 30.4265085, 60.0197838 ], [ 30.4256454, 60.0198978 ], [ 30.4252217, 60.0200212 ], [ 30.4248944, 60.020076 ], [ 30.4244451, 60.0200569 ], [ 30.424262, 60.0199671 ], [ 30.424144, 60.0198866 ], [ 30.4239878, 60.0198593 ], [ 30.4238006, 60.0198866 ], [ 30.4235463, 60.0199927 ], [ 30.4232247, 60.020286 ], [ 30.4229177, 60.0205399 ], [ 30.4223085, 60.0204729 ], [ 30.4215941, 60.0204682 ], [ 30.4211587, 60.0204524 ], [ 30.4208246, 60.0205675 ], [ 30.4205577, 60.0205655 ], [ 30.4202649, 60.0204799 ], [ 30.4199924, 60.0204744 ], [ 30.4195851, 60.0206359 ], [ 30.4189403, 60.0207987 ], [ 30.4186426, 60.0207512 ], [ 30.4184113, 60.0207255 ], [ 30.4183617, 60.0207394 ], [ 30.4180036, 60.0208404 ], [ 30.4180166, 60.0209352 ], [ 30.4179898, 60.0209964 ], [ 30.4178578, 60.0211033 ], [ 30.4177431, 60.0211509 ], [ 30.417651, 60.0211774 ], [ 30.4175335, 60.0211619 ], [ 30.4173908, 60.0210966 ], [ 30.4172446, 60.0210348 ], [ 30.4169648, 60.0210306 ], [ 30.4165713, 60.0211016 ], [ 30.4163205, 60.0212248 ], [ 30.4161704, 60.0214242 ], [ 30.4159859, 60.021512 ], [ 30.4154072, 60.0215368 ], [ 30.4150887, 60.0215268 ], [ 30.4146932, 60.0214587 ], [ 30.4141705, 60.0214748 ], [ 30.4139536, 60.0214297 ], [ 30.4135812, 60.0212183 ], [ 30.4132153, 60.0211292 ], [ 30.4128421, 60.0210734 ], [ 30.412433, 60.0210593 ], [ 30.412157, 60.0211414 ], [ 30.4121305, 60.0211743 ], [ 30.4121555, 60.0212151 ], [ 30.4122483, 60.0212591 ], [ 30.4123742, 60.0212865 ], [ 30.4124371, 60.0213867 ], [ 30.4123348, 60.0214893 ], [ 30.4121254, 60.0216227 ], [ 30.411901, 60.0216905 ], [ 30.411647, 60.0217472 ], [ 30.4112923, 60.0217875 ], [ 30.411111, 60.0218413 ], [ 30.4109925, 60.0219168 ], [ 30.4109925, 60.0219842 ], [ 30.4111057, 60.0220416 ], [ 30.4113706, 60.0220489 ], [ 30.411511, 60.0220957 ], [ 30.4116128, 60.0221713 ], [ 30.4116668, 60.0223718 ], [ 30.411548, 60.0225813 ], [ 30.4112198, 60.0227535 ], [ 30.4108365, 60.0229147 ], [ 30.4107406, 60.0230035 ], [ 30.4107434, 60.0231209 ], [ 30.4108495, 60.023273 ], [ 30.4108579, 60.0233331 ], [ 30.4108367, 60.0233895 ], [ 30.4107992, 60.023473 ], [ 30.4105726, 60.0236484 ], [ 30.4097373, 60.0240102 ], [ 30.4095043, 60.0240904 ], [ 30.4091813, 60.0241687 ], [ 30.4088181, 60.0242648 ], [ 30.4087014, 60.0243174 ], [ 30.4086296, 60.0243545 ], [ 30.4086081, 60.0244046 ], [ 30.408661, 60.0244858 ], [ 30.4086343, 60.024567 ], [ 30.4084212, 60.0247379 ], [ 30.4078051, 60.0249343 ], [ 30.4060387, 60.025181 ], [ 30.4049233, 60.0253853 ], [ 30.4047756, 60.0254182 ], [ 30.4038138, 60.0256327 ], [ 30.4036849, 60.0256703 ], [ 30.4029479, 60.0258849 ], [ 30.4027661, 60.0259379 ], [ 30.4022695, 60.0261987 ], [ 30.4034852, 60.0275604 ], [ 30.403629, 60.0276897 ], [ 30.4037315, 60.0278303 ], [ 30.4041367, 60.0283312 ], [ 30.4044173, 60.028678 ], [ 30.4044616, 60.0287324 ], [ 30.4046752, 60.0289967 ], [ 30.4047199, 60.029052 ], [ 30.4047859, 60.0291337 ], [ 30.4049066, 60.0292828 ], [ 30.4054058, 60.0298999 ], [ 30.4055971, 60.0301363 ], [ 30.4061837, 60.0308614 ], [ 30.4063656, 60.0310863 ], [ 30.4065661, 60.0313341 ], [ 30.4065976, 60.0313729 ], [ 30.4066902, 60.0314854 ], [ 30.4067723, 60.0315852 ], [ 30.4070724, 60.0319486 ], [ 30.4072879, 60.0322144 ], [ 30.4076615, 60.0326753 ], [ 30.4077887, 60.0328312 ], [ 30.4082831, 60.0334384 ], [ 30.4087447, 60.034003 ], [ 30.4087789, 60.0340449 ], [ 30.4088739, 60.0341613 ], [ 30.4093346, 60.034726 ], [ 30.4093777, 60.0347802 ], [ 30.4098608, 60.0353692 ], [ 30.4099387, 60.0354664 ], [ 30.4104123, 60.0360467 ], [ 30.4108153, 60.0365406 ], [ 30.4109359, 60.0366884 ], [ 30.4110309, 60.0368048 ], [ 30.4111985, 60.0370072 ], [ 30.4113334, 60.0371755 ], [ 30.4113955, 60.0372517 ], [ 30.4114248, 60.0372875 ], [ 30.411486, 60.0373625 ], [ 30.4116333, 60.0375439 ], [ 30.4116985, 60.037623 ], [ 30.4117855, 60.0377318 ], [ 30.4120085, 60.0380029 ], [ 30.4124278, 60.0385167 ], [ 30.4127871, 60.038957 ], [ 30.4134355, 60.0397534 ], [ 30.4134876, 60.0398171 ], [ 30.4136094, 60.039966 ], [ 30.4136521, 60.0400182 ], [ 30.4136797, 60.0400519 ], [ 30.4137245, 60.0401068 ], [ 30.4137441, 60.0401306 ], [ 30.4140379, 60.0404937 ], [ 30.4147335, 60.0413421 ], [ 30.414893, 60.0415374 ], [ 30.4149775, 60.0416408 ], [ 30.4150599, 60.041742 ], [ 30.4151368, 60.0418454 ], [ 30.4152062, 60.0419312 ], [ 30.4152559, 60.0419933 ], [ 30.4152988, 60.0420458 ], [ 30.4161545, 60.0430946 ], [ 30.4163401, 60.043322 ], [ 30.4167629, 60.0438402 ], [ 30.4172386, 60.0444231 ], [ 30.4174118, 60.0446355 ], [ 30.4176018, 60.0448683 ], [ 30.4177335, 60.045032 ], [ 30.4178503, 60.0451773 ], [ 30.4188839, 60.0460853 ], [ 30.4249333, 60.0448258 ], [ 30.4251136, 60.0443545 ], [ 30.4306165, 60.0431742 ], [ 30.4340319, 60.0424416 ], [ 30.4348138, 60.0422647 ], [ 30.4355682, 60.0420384 ], [ 30.4362608, 60.0417502 ], [ 30.4368335, 60.0413767 ], [ 30.4372644, 60.0409978 ], [ 30.437606, 60.0406025 ], [ 30.4377124, 60.0401391 ], [ 30.4376124, 60.039133 ] ] ] ] } },
{ "type": "Feature", "properties": { "full_id": "r1185380", "osm_id": "1185380", "osm_type": "relation", "boundary": "administrative", "wikimedia_commons": null, "start_date": null, "sqkm": null, "short_name:uk": null, "short_name:ru": null, "short_name:be": null, "short_name": null, "name:ru:word_stress": null, "oktmo": null, "contact:website": "http://www.mopolustrovo.ru/", "contact:vk": null, "contact:instagram": null, "okato:user": null, "loc_name": null, "old_name:de": null, "oktmo:user": null, "old_name:uk": null, "old_name": null, "name:etymology:wikidata": null, "alt_name": null, "official_name": "муниципальный округ Полюстрово", "addr:postcode": null, "url": null, "place": null, "addr:region": "Санкт-Петербург", "old_name:vi": null, "old_name:os": null, "old_name:mk": null, "old_name:ku": null, "old_name:hr": null, "old_name:fr": null, "old_name:eo": null, "old_name:en": null, "old_name:ar": null, "old_name:1924-01-26--1991-09-06": null, "old_name:1914-08-31--1924-01-26": null, "old_alt_name:vi": null, "name:tzl": null, "name:sl": null, "name:pt": null, "name:os": null, "name:nb": null, "name:mk": null, "name:lb": null, "name:ku": null, "name:ko": null, "name:gl": null, "name:fy": null, "name:eo": null, "name:da": null, "name:bg": null, "name:ast": null, "name:ar": null, "name:ab": null, "int_name": null, "alt_name:vi": null, "alt_name:mk": null, "wikipedia": "ru:Полюстрово (округ)", "wikidata": "Q4371296", "website": null, "type": "boundary", "timezone": null, "ref": "32", "population:date": null, "population": null, "official_status": "ru:внутригородская территория города федерального значения", "name:zh-Hant": null, "name:zh-Hans": null, "name:zh": null, "name:vi": null, "name:uk": "Округ Полюстрове", "name:tt": null, "name:tk": null, "name:sv": null, "name:sr": null, "name:sk": null, "name:ru": null, "name:ro": null, "name:pl": null, "name:nl": null, "name:mhr": null, "name:lv": null, "name:lt": null, "name:kv": null, "name:kbd": null, "name:ja": null, "name:it": null, "name:hu": null, "name:hr": null, "name:fr": null, "name:fi": null, "name:et": null, "name:es": null, "name:en": null, "name:el": null, "name:de": null, "name:cu": null, "name:cs": null, "name:ce": null, "name:ca": null, "name:be-tarask": null, "name:be": null, "name:af": null, "name": "округ Полюстрово", "is_in:country_code": null, "is_in:country": null, "int_ref": null, "gost_7.67-2003": null, "admin_level": "8", "addr:country": "RU", "ISO3166-2": null }, "geometry": { "type": "MultiPolygon", "coordinates": [ [ [ [ 30.4943458, 59.9827749 ], [ 30.4902983, 59.983166 ], [ 30.4863614, 59.9834466 ], [ 30.4856251, 59.9834658 ], [ 30.483264, 59.9836105 ], [ 30.4581742, 59.9842475 ], [ 30.4549238, 59.9842447 ], [ 30.4538836, 59.9841802 ], [ 30.4508479, 59.9836879 ], [ 30.4501686, 59.9835275 ], [ 30.449966, 59.9834543 ], [ 30.4483035, 59.9828534 ], [ 30.4471861, 59.9823129 ], [ 30.4463358, 59.9816655 ], [ 30.4455922, 59.9809318 ], [ 30.4451198, 59.9801406 ], [ 30.4449308, 59.9792527 ], [ 30.4448548, 59.9779712 ], [ 30.4448784, 59.9770508 ], [ 30.4451073, 59.9746043 ], [ 30.445149, 59.9741591 ], [ 30.4456343, 59.974067 ], [ 30.4457818, 59.9730322 ], [ 30.4461272, 59.9706092 ], [ 30.4461765, 59.9701666 ], [ 30.4464148, 59.968027 ], [ 30.4465912, 59.9665695 ], [ 30.4467845, 59.9649716 ], [ 30.4466531, 59.9634952 ], [ 30.4466368, 59.9633275 ], [ 30.4466133, 59.9630843 ], [ 30.4465545, 59.9624782 ], [ 30.4463592, 59.9604627 ], [ 30.4461618, 59.9604568 ], [ 30.4438011, 59.9603868 ], [ 30.4391987, 59.9602502 ], [ 30.4283909, 59.9598039 ], [ 30.4159403, 59.9592898 ], [ 30.4105659, 59.9590679 ], [ 30.4095483, 59.9590259 ], [ 30.408042, 59.9589775 ], [ 30.4069324, 59.9589419 ], [ 30.4070911, 59.959158 ], [ 30.4071928, 59.9593379 ], [ 30.4081382, 59.9616217 ], [ 30.4086961, 59.9630689 ], [ 30.4110665, 59.9689142 ], [ 30.4121544, 59.9715385 ], [ 30.4123597, 59.9718456 ], [ 30.4124752, 59.9720122 ], [ 30.4126073, 59.9721756 ], [ 30.4135872, 59.973104 ], [ 30.4210579, 59.9800531 ], [ 30.4211971, 59.9801797 ], [ 30.4213279, 59.9803158 ], [ 30.4272608, 59.9858927 ], [ 30.433287, 59.9916203 ], [ 30.4378776, 59.9959378 ], [ 30.4393551, 59.9971858 ], [ 30.4421741, 59.9998155 ], [ 30.4409046, 60.0031988 ], [ 30.440655, 60.0038536 ], [ 30.4400212, 60.0055167 ], [ 30.4381922, 60.0103148 ], [ 30.437474, 60.0121987 ], [ 30.4365795, 60.014498 ], [ 30.4364184, 60.0150355 ], [ 30.4363331, 60.0156677 ], [ 30.4363758, 60.0161081 ], [ 30.4364705, 60.0165343 ], [ 30.4367643, 60.0172163 ], [ 30.4372515, 60.0183848 ], [ 30.4374191, 60.0191382 ], [ 30.437399, 60.0197442 ], [ 30.4373722, 60.0202263 ], [ 30.437266, 60.0210632 ], [ 30.4371443, 60.0220176 ], [ 30.4370438, 60.0228847 ], [ 30.4371443, 60.0264734 ], [ 30.4371912, 60.0296333 ], [ 30.4376124, 60.039133 ], [ 30.4378491, 60.0392323 ], [ 30.4419316, 60.0409456 ], [ 30.4452965, 60.0403215 ], [ 30.4492015, 60.0394468 ], [ 30.450849, 60.039081 ], [ 30.4583365, 60.0375389 ], [ 30.4592916, 60.037121 ], [ 30.4598579, 60.0366179 ], [ 30.460539, 60.0361783 ], [ 30.4610956, 60.0356282 ], [ 30.4611966, 60.0353225 ], [ 30.4612288, 60.0349946 ], [ 30.4612935, 60.0346851 ], [ 30.4614875, 60.03454 ], [ 30.4624979, 60.0342166 ], [ 30.4640517, 60.0339604 ], [ 30.4652625, 60.0334536 ], [ 30.4669762, 60.0337553 ], [ 30.4677911, 60.0337317 ], [ 30.4682312, 60.033556 ], [ 30.4684122, 60.0333931 ], [ 30.4683921, 60.0331703 ], [ 30.4682956, 60.033032 ], [ 30.4682441, 60.0327684 ], [ 30.4682763, 60.0325256 ], [ 30.4680832, 60.0322797 ], [ 30.4679753, 60.0322034 ], [ 30.4675631, 60.0319118 ], [ 30.4671934, 60.0316502 ], [ 30.466796, 60.0315484 ], [ 30.466236, 60.0315098 ], [ 30.4659197, 60.0314642 ], [ 30.4651508, 60.0313533 ], [ 30.4645452, 60.031266 ], [ 30.4645145, 60.0312381 ], [ 30.4640119, 60.0308101 ], [ 30.4639721, 60.030555 ], [ 30.4638831, 60.030358 ], [ 30.4637291, 60.030137 ], [ 30.4629792, 60.0296721 ], [ 30.4627027, 60.0292849 ], [ 30.462163, 60.0286117 ], [ 30.46218, 60.0283598 ], [ 30.4623492, 60.028127 ], [ 30.4627585, 60.0280232 ], [ 30.4634385, 60.027932 ], [ 30.4641342, 60.0279147 ], [ 30.4646694, 60.027877 ], [ 30.4652896, 60.0278251 ], [ 30.4661522, 60.0277181 ], [ 30.4679939, 60.0274901 ], [ 30.4682394, 60.0274429 ], [ 30.4683993, 60.0273653 ], [ 30.4684283, 60.027273 ], [ 30.4683654, 60.027144 ], [ 30.4680883, 60.0269679 ], [ 30.4676822, 60.0268452 ], [ 30.4671029, 60.0268326 ], [ 30.4661742, 60.0269081 ], [ 30.4656579, 60.0269081 ], [ 30.4652487, 60.0268075 ], [ 30.464915, 60.026581 ], [ 30.4644554, 60.0261721 ], [ 30.464376, 60.0259877 ], [ 30.4641057, 60.0258365 ], [ 30.4642023, 60.0257561 ], [ 30.4641493, 60.0255417 ], [ 30.4642845, 60.0253715 ], [ 30.4648203, 60.0250619 ], [ 30.4657192, 60.0248901 ], [ 30.4661624, 60.0247836 ], [ 30.4667565, 60.0245432 ], [ 30.4669084, 60.0243069 ], [ 30.466884, 60.0239355 ], [ 30.4671011, 60.0232491 ], [ 30.4672135, 60.0230521 ], [ 30.4673209, 60.0229088 ], [ 30.4675769, 60.0227407 ], [ 30.4678799, 60.0226365 ], [ 30.4684591, 60.0225979 ], [ 30.4689192, 60.0226936 ], [ 30.4696176, 60.0230722 ], [ 30.4701372, 60.0233738 ], [ 30.4703963, 60.0238504 ], [ 30.4710295, 60.0244223 ], [ 30.4710616, 60.0244423 ], [ 30.4717994, 60.0247267 ], [ 30.4728046, 60.0249516 ], [ 30.4743223, 60.0251785 ], [ 30.4751664, 60.0251493 ], [ 30.4756417, 60.0250209 ], [ 30.4758531, 60.0247849 ], [ 30.4758348, 60.0245852 ], [ 30.4756104, 60.0239622 ], [ 30.4755173, 60.0236114 ], [ 30.4756546, 60.0229742 ], [ 30.4758688, 60.0227019 ], [ 30.4765813, 60.0224371 ], [ 30.4769085, 60.0224146 ], [ 30.4782611, 60.0226365 ], [ 30.4791553, 60.0226506 ], [ 30.4795226, 60.022585 ], [ 30.4798637, 60.0223921 ], [ 30.4799796, 60.0219773 ], [ 30.480432, 60.0211708 ], [ 30.4813504, 60.0206185 ], [ 30.4821782, 60.0202835 ], [ 30.4830636, 60.0201931 ], [ 30.4838026, 60.0203066 ], [ 30.4843384, 60.020499 ], [ 30.4863907, 60.0217876 ], [ 30.4871584, 60.0225877 ], [ 30.4875709, 60.0228962 ], [ 30.4880446, 60.0231837 ], [ 30.4883856, 60.0232761 ], [ 30.4886109, 60.0232734 ], [ 30.4887668, 60.0232067 ], [ 30.4891097, 60.0230563 ], [ 30.4894237, 60.0228511 ], [ 30.4896708, 60.022434 ], [ 30.489476, 60.0214329 ], [ 30.4893601, 60.0213204 ], [ 30.4894245, 60.021166 ], [ 30.4893469, 60.0205638 ], [ 30.489683, 60.0192709 ], [ 30.4898074, 60.0188368 ], [ 30.4898634, 60.0186933 ], [ 30.4896369, 60.0186578 ], [ 30.4894954, 60.0184828 ], [ 30.4893468, 60.0177825 ], [ 30.4891557, 60.0175261 ], [ 30.4890495, 60.0175402 ], [ 30.4888655, 60.0177383 ], [ 30.4886602, 60.0177171 ], [ 30.4884514, 60.017641 ], [ 30.487956, 60.0171795 ], [ 30.4877649, 60.0168576 ], [ 30.4872977, 60.0164402 ], [ 30.4870075, 60.0163306 ], [ 30.4866395, 60.0163058 ], [ 30.4866678, 60.0162457 ], [ 30.486866, 60.0161714 ], [ 30.486774, 60.0161042 ], [ 30.4867244, 60.0160157 ], [ 30.4863657, 60.015774 ], [ 30.4862608, 60.0156832 ], [ 30.4861617, 60.0153684 ], [ 30.4862249, 60.0149715 ], [ 30.4862412, 60.0148685 ], [ 30.4862467, 60.0148343 ], [ 30.486091, 60.0147565 ], [ 30.4857937, 60.0147494 ], [ 30.4857937, 60.0147034 ], [ 30.4862396, 60.0145336 ], [ 30.4863175, 60.0143709 ], [ 30.4864449, 60.0140561 ], [ 30.4869155, 60.0136457 ], [ 30.4870712, 60.0132531 ], [ 30.4870571, 60.0131505 ], [ 30.4866253, 60.0130302 ], [ 30.4866112, 60.0129878 ], [ 30.486682, 60.0129595 ], [ 30.4869722, 60.0130019 ], [ 30.4870996, 60.0129949 ], [ 30.4875042, 60.0124128 ], [ 30.4875572, 60.0123366 ], [ 30.4877082, 60.0119884 ], [ 30.4878463, 60.0113764 ], [ 30.4879383, 60.0111712 ], [ 30.4883488, 60.0107538 ], [ 30.4885328, 60.0104743 ], [ 30.488462, 60.0103965 ], [ 30.4882709, 60.010308 ], [ 30.4879753, 60.0102953 ], [ 30.4879587, 60.0102591 ], [ 30.4880515, 60.0102196 ], [ 30.4883276, 60.010209 ], [ 30.4885965, 60.0102726 ], [ 30.4887091, 60.0102688 ], [ 30.4888053, 60.0102656 ], [ 30.4891929, 60.0098597 ], [ 30.4894506, 60.0094802 ], [ 30.4892726, 60.0094129 ], [ 30.4893503, 60.0093351 ], [ 30.4894565, 60.0093068 ], [ 30.4895909, 60.0090733 ], [ 30.4898838, 60.0086519 ], [ 30.4901558, 60.0082655 ], [ 30.4905627, 60.008385 ], [ 30.4922629, 60.0066528 ], [ 30.4936734, 60.0060182 ], [ 30.4939354, 60.0057009 ], [ 30.4940261, 60.0053483 ], [ 30.4939757, 60.0048648 ], [ 30.4930854, 60.002954 ], [ 30.4915561, 60.0015001 ], [ 30.4912302, 60.0006226 ], [ 30.4917567, 59.9978774 ], [ 30.4926596, 59.9957514 ], [ 30.4949314, 59.9946617 ], [ 30.4960905, 59.992575 ], [ 30.4961369, 59.9903721 ], [ 30.4945141, 59.9886561 ], [ 30.4934014, 59.9875198 ], [ 30.4944678, 59.9855253 ], [ 30.4945141, 59.9831829 ], [ 30.4943458, 59.9827749 ] ] ] ] } },
{ "type": "Feature", "properties": { "full_id": "r1185381", "osm_id": "1185381", "osm_type": "relation", "boundary": "administrative", "wikimedia_commons": null, "start_date": null, "sqkm": null, "short_name:uk": null, "short_name:ru": null, "short_name:be": null, "short_name": null, "name:ru:word_stress": null, "oktmo": null, "contact:website": "http://малаяохта.рф", "contact:vk": null, "contact:instagram": null, "okato:user": null, "loc_name": null, "old_name:de": null, "oktmo:user": null, "old_name:uk": null, "old_name": null, "name:etymology:wikidata": null, "alt_name": null, "official_name": "муниципальный округ Малая Охта", "addr:postcode": null, "url": null, "place": null, "addr:region": "Санкт-Петербург", "old_name:vi": null, "old_name:os": null, "old_name:mk": null, "old_name:ku": null, "old_name:hr": null, "old_name:fr": null, "old_name:eo": null, "old_name:en": null, "old_name:ar": null, "old_name:1924-01-26--1991-09-06": null, "old_name:1914-08-31--1924-01-26": null, "old_alt_name:vi": null, "name:tzl": null, "name:sl": null, "name:pt": null, "name:os": null, "name:nb": null, "name:mk": null, "name:lb": null, "name:ku": null, "name:ko": null, "name:gl": null, "name:fy": null, "name:eo": null, "name:da": null, "name:bg": null, "name:ast": null, "name:ar": null, "name:ab": null, "int_name": null, "alt_name:vi": null, "alt_name:mk": null, "wikipedia": "ru:Малая Охта (муниципальный округ)", "wikidata": "Q4277188", "website": null, "type": "boundary", "timezone": null, "ref": "34", "population:date": null, "population": null, "official_status": "ru:внутригородская территория города федерального значения", "name:zh-Hant": null, "name:zh-Hans": null, "name:zh": null, "name:vi": null, "name:uk": "Округ Мала Охта", "name:tt": null, "name:tk": null, "name:sv": null, "name:sr": null, "name:sk": null, "name:ru": null, "name:ro": null, "name:pl": null, "name:nl": null, "name:mhr": null, "name:lv": null, "name:lt": null, "name:kv": null, "name:kbd": null, "name:ja": null, "name:it": null, "name:hu": null, "name:hr": null, "name:fr": null, "name:fi": null, "name:et": null, "name:es": null, "name:en": null, "name:el": null, "name:de": null, "name:cu": null, "name:cs": null, "name:ce": null, "name:ca": null, "name:be-tarask": null, "name:be": null, "name:af": null, "name": "округ Малая Охта", "is_in:country_code": null, "is_in:country": null, "int_ref": null, "gost_7.67-2003": null, "admin_level": "8", "addr:country": "RU", "ISO3166-2": null }, "geometry": { "type": "MultiPolygon", "coordinates": [ [ [ [ 30.4022068, 59.9206316 ], [ 30.397196, 59.9241878 ], [ 30.3959056, 59.9257386 ], [ 30.3942814, 59.9290236 ], [ 30.3963299, 59.933129 ], [ 30.4002023, 59.938963 ], [ 30.4012778, 59.9429481 ], [ 30.4030183, 59.9486311 ], [ 30.4055783, 59.947078 ], [ 30.4072486, 59.9459483 ], [ 30.4089001, 59.9447574 ], [ 30.4096549, 59.9440907 ], [ 30.4101266, 59.9433746 ], [ 30.4110775, 59.9423483 ], [ 30.4126145, 59.9407446 ], [ 30.4128049, 59.9403295 ], [ 30.412878, 59.9400205 ], [ 30.4127478, 59.9389183 ], [ 30.4130113, 59.938306 ], [ 30.4147077, 59.9368017 ], [ 30.4149467, 59.9365372 ], [ 30.4150861, 59.9362765 ], [ 30.4151178, 59.9359304 ], [ 30.4149842, 59.93518 ], [ 30.4148823, 59.9345995 ], [ 30.4150028, 59.9343892 ], [ 30.4154436, 59.9341235 ], [ 30.4160481, 59.9339187 ], [ 30.4165361, 59.9337942 ], [ 30.4169874, 59.9337289 ], [ 30.4176944, 59.9337487 ], [ 30.4183201, 59.933816 ], [ 30.4189769, 59.9339283 ], [ 30.4196374, 59.9341156 ], [ 30.4201762, 59.9343023 ], [ 30.4205865, 59.934532 ], [ 30.4212732, 59.9351998 ], [ 30.4218827, 59.935638 ], [ 30.4225615, 59.9359825 ], [ 30.4233194, 59.9361963 ], [ 30.4242387, 59.936403 ], [ 30.4250902, 59.9365024 ], [ 30.4259771, 59.9364824 ], [ 30.4268839, 59.9363231 ], [ 30.4280395, 59.9361674 ], [ 30.429698, 59.9359983 ], [ 30.4314403, 59.9359638 ], [ 30.4327932, 59.9361268 ], [ 30.4344014, 59.9364893 ], [ 30.435268, 59.936611 ], [ 30.4362736, 59.9365627 ], [ 30.4380523, 59.9362772 ], [ 30.4390907, 59.9362157 ], [ 30.4401183, 59.9363208 ], [ 30.4408784, 59.9365316 ], [ 30.441451, 59.9368914 ], [ 30.4418092, 59.9373506 ], [ 30.4418619, 59.937699 ], [ 30.4411435, 59.9394553 ], [ 30.4407555, 59.9402695 ], [ 30.44104, 59.9408185 ], [ 30.4417249, 59.9411035 ], [ 30.4427892, 59.9413199 ], [ 30.4462454, 59.9412671 ], [ 30.4481112, 59.9413851 ], [ 30.4482011, 59.9404392 ], [ 30.4486184, 59.9390191 ], [ 30.448643, 59.938478 ], [ 30.4483975, 59.9374513 ], [ 30.4477225, 59.9365352 ], [ 30.4475699, 59.9362886 ], [ 30.445185, 59.9344134 ], [ 30.4446822, 59.9337777 ], [ 30.4439097, 59.9327887 ], [ 30.4428261, 59.9317082 ], [ 30.4432231, 59.9315685 ], [ 30.4424184, 59.9309449 ], [ 30.4419142, 59.9311115 ], [ 30.4390496, 59.9289344 ], [ 30.4377124, 59.9281511 ], [ 30.4373862, 59.9279962 ], [ 30.436185, 59.9272248 ], [ 30.4341465, 59.9259506 ], [ 30.4321295, 59.9243107 ], [ 30.4289537, 59.9218105 ], [ 30.4274731, 59.9208049 ], [ 30.4266363, 59.9203479 ], [ 30.4256278, 59.9198908 ], [ 30.4237692, 59.9192681 ], [ 30.4230314, 59.9190304 ], [ 30.4217225, 59.918455 ], [ 30.4214543, 59.9185303 ], [ 30.4217225, 59.9186916 ], [ 30.416004, 59.9171213 ], [ 30.4131736, 59.9165073 ], [ 30.4094032, 59.9154313 ], [ 30.4068447, 59.917672 ], [ 30.4022068, 59.9206316 ] ] ] ] } },
{ "type": "Feature", "properties": { "full_id": "r1185382", "osm_id": "1185382", "osm_type": "relation", "boundary": "administrative", "wikimedia_commons": null, "start_date": null, "sqkm": null, "short_name:uk": null, "short_name:ru": null, "short_name:be": null, "short_name": null, "name:ru:word_stress": null, "oktmo": null, "contact:website": "http://www.morjevka.spb.ru/", "contact:vk": null, "contact:instagram": null, "okato:user": null, "loc_name": null, "old_name:de": null, "oktmo:user": null, "old_name:uk": null, "old_name": null, "name:etymology:wikidata": null, "alt_name": null, "official_name": "муниципальный округ Ржевка", "addr:postcode": null, "url": null, "place": null, "addr:region": "Санкт-Петербург", "old_name:vi": null, "old_name:os": null, "old_name:mk": null, "old_name:ku": null, "old_name:hr": null, "old_name:fr": null, "old_name:eo": null, "old_name:en": null, "old_name:ar": null, "old_name:1924-01-26--1991-09-06": null, "old_name:1914-08-31--1924-01-26": null, "old_alt_name:vi": null, "name:tzl": null, "name:sl": null, "name:pt": null, "name:os": null, "name:nb": null, "name:mk": null, "name:lb": null, "name:ku": null, "name:ko": null, "name:gl": null, "name:fy": null, "name:eo": null, "name:da": null, "name:bg": null, "name:ast": null, "name:ar": null, "name:ab": null, "int_name": null, "alt_name:vi": null, "alt_name:mk": null, "wikipedia": "ru:Ржевка (округ)", "wikidata": "Q4394207", "website": null, "type": "boundary", "timezone": null, "ref": "36", "population:date": null, "population": null, "official_status": "ru:внутригородская территория города федерального значения", "name:zh-Hant": null, "name:zh-Hans": null, "name:zh": null, "name:vi": null, "name:uk": "Округ Ржевка", "name:tt": null, "name:tk": null, "name:sv": null, "name:sr": null, "name:sk": null, "name:ru": null, "name:ro": null, "name:pl": null, "name:nl": null, "name:mhr": null, "name:lv": null, "name:lt": null, "name:kv": null, "name:kbd": null, "name:ja": null, "name:it": null, "name:hu": null, "name:hr": null, "name:fr": null, "name:fi": null, "name:et": null, "name:es": null, "name:en": null, "name:el": null, "name:de": null, "name:cu": null, "name:cs": null, "name:ce": null, "name:ca": null, "name:be-tarask": null, "name:be": null, "name:af": null, "name": "округ Ржевка", "is_in:country_code": null, "is_in:country": null, "int_ref": null, "gost_7.67-2003": null, "admin_level": "8", "addr:country": "RU", "ISO3166-2": null }, "geometry": { "type": "MultiPolygon", "coordinates": [ [ [ [ 30.4463592, 59.9604627 ], [ 30.4521551, 59.9606391 ], [ 30.4525667, 59.9606778 ], [ 30.4565206, 59.9614172 ], [ 30.4603819, 59.9621494 ], [ 30.466832, 59.955874 ], [ 30.4776115, 59.9586722 ], [ 30.4779462, 59.9587749 ], [ 30.4780477, 59.9586927 ], [ 30.4782946, 59.9584961 ], [ 30.4809688, 59.9559115 ], [ 30.4866864, 59.9503908 ], [ 30.4900912, 59.9470942 ], [ 30.4903181, 59.9468424 ], [ 30.4905225, 59.946566 ], [ 30.4906755, 59.9462972 ], [ 30.4907975, 59.9460169 ], [ 30.4908596, 59.9458134 ], [ 30.4908988, 59.945596 ], [ 30.4909358, 59.945215 ], [ 30.5044819, 59.9454683 ], [ 30.5054572, 59.9454867 ], [ 30.5053935, 59.9456828 ], [ 30.5052977, 59.9458809 ], [ 30.5052272, 59.9460101 ], [ 30.5051187, 59.946216 ], [ 30.5077507, 59.9456234 ], [ 30.511347, 59.9623847 ], [ 30.5120061, 59.9658286 ], [ 30.5123108, 59.9675294 ], [ 30.5124397, 59.9678518 ], [ 30.5131012, 59.9705585 ], [ 30.5131889, 59.9705781 ], [ 30.513741, 59.9706979 ], [ 30.5141401, 59.9708014 ], [ 30.5167945, 59.97149 ], [ 30.5168956, 59.9713873 ], [ 30.5172897, 59.9714874 ], [ 30.5172041, 59.9715718 ], [ 30.5248993, 59.9735978 ], [ 30.5268455, 59.9740902 ], [ 30.5278505, 59.9730957 ], [ 30.5279691, 59.9730505 ], [ 30.5281667, 59.9730194 ], [ 30.5284547, 59.9730166 ], [ 30.5287709, 59.9730505 ], [ 30.5290419, 59.973107 ], [ 30.5317181, 59.9736721 ], [ 30.5329264, 59.9739433 ], [ 30.5372577, 59.9750248 ], [ 30.5433014, 59.9774835 ], [ 30.5444851, 59.976283 ], [ 30.545092, 59.9757303 ], [ 30.5524931, 59.96899 ], [ 30.5543134, 59.9696031 ], [ 30.5558154, 59.9699037 ], [ 30.5592744, 59.9696202 ], [ 30.560622, 59.9698694 ], [ 30.560991, 59.9701701 ], [ 30.5619352, 59.9702646 ], [ 30.562536, 59.9702903 ], [ 30.5637376, 59.9705352 ], [ 30.5642783, 59.9705223 ], [ 30.5647676, 59.9706855 ], [ 30.5653255, 59.9709217 ], [ 30.5660293, 59.9709647 ], [ 30.5591847, 59.9733329 ], [ 30.5569743, 59.9727362 ], [ 30.5561707, 59.9732775 ], [ 30.5576812, 59.9736414 ], [ 30.5582084, 59.9738116 ], [ 30.5558428, 59.9752799 ], [ 30.5556171, 59.9755596 ], [ 30.5548895, 59.9763066 ], [ 30.5546192, 59.9765945 ], [ 30.5543842, 59.9768445 ], [ 30.5543582, 59.9768721 ], [ 30.5540861, 59.9771796 ], [ 30.5540084, 59.9780725 ], [ 30.5540036, 59.9781165 ], [ 30.5540003, 59.9781525 ], [ 30.5540876, 59.9792315 ], [ 30.5517514, 59.9794518 ], [ 30.5517125, 59.9793661 ], [ 30.5515905, 59.9789071 ], [ 30.5514965, 59.9784161 ], [ 30.5512075, 59.9784349 ], [ 30.5510145, 59.9784377 ], [ 30.548434, 59.9787082 ], [ 30.548343, 59.9795033 ], [ 30.5508219, 59.9806703 ], [ 30.5516718, 59.9811921 ], [ 30.5512828, 59.9812215 ], [ 30.5508531, 59.9813736 ], [ 30.5506977, 59.9813736 ], [ 30.550492, 59.9813164 ], [ 30.5502909, 59.981273 ], [ 30.5501355, 59.981321 ], [ 30.5500395, 59.9813233 ], [ 30.5500029, 59.9812776 ], [ 30.5500395, 59.9812204 ], [ 30.5498886, 59.9811746 ], [ 30.5497058, 59.9812067 ], [ 30.5496281, 59.9811541 ], [ 30.5496647, 59.9810946 ], [ 30.5498292, 59.9810374 ], [ 30.5497378, 59.9809803 ], [ 30.5495504, 59.9809688 ], [ 30.5493675, 59.9809734 ], [ 30.5491916, 59.9808476 ], [ 30.5489379, 59.9807859 ], [ 30.5489173, 59.9807264 ], [ 30.5488602, 59.9807059 ], [ 30.5488053, 59.9807745 ], [ 30.5486956, 59.9807699 ], [ 30.5486773, 59.980683 ], [ 30.5486728, 59.980619 ], [ 30.5484168, 59.9805229 ], [ 30.5481882, 59.9805115 ], [ 30.54817, 59.9804543 ], [ 30.5479551, 59.9803697 ], [ 30.5477449, 59.9803354 ], [ 30.5475666, 59.9803583 ], [ 30.5472101, 59.9806075 ], [ 30.5465777, 59.9805458 ], [ 30.5457794, 59.9805161 ], [ 30.5446275, 59.9805183 ], [ 30.5445315, 59.9804795 ], [ 30.5444538, 59.9804955 ], [ 30.5444126, 59.9806224 ], [ 30.5439967, 59.9806178 ], [ 30.5440744, 59.9807367 ], [ 30.543983, 59.9807802 ], [ 30.5439601, 59.9808191 ], [ 30.5440607, 59.9809357 ], [ 30.5439098, 59.9810203 ], [ 30.543791, 59.9809837 ], [ 30.5429774, 59.9810603 ], [ 30.5425523, 59.9811106 ], [ 30.5424837, 59.9810626 ], [ 30.54231, 59.9810649 ], [ 30.5421363, 59.9811586 ], [ 30.5420358, 59.9811243 ], [ 30.5418758, 59.9811015 ], [ 30.541597, 59.9811529 ], [ 30.5414095, 59.981098 ], [ 30.5412221, 59.9811209 ], [ 30.5410987, 59.9812124 ], [ 30.5407193, 59.9812764 ], [ 30.5407056, 59.981313 ], [ 30.5408473, 59.9814159 ], [ 30.5407765, 59.9814651 ], [ 30.5406188, 59.9815394 ], [ 30.5405731, 59.9816354 ], [ 30.5404588, 59.9816743 ], [ 30.5404634, 59.9817795 ], [ 30.5403948, 59.9818115 ], [ 30.5401937, 59.9818149 ], [ 30.5400383, 59.9818538 ], [ 30.5396314, 59.9819361 ], [ 30.539716, 59.9819979 ], [ 30.5395697, 59.9820185 ], [ 30.5394578, 59.9819704 ], [ 30.5392909, 59.9819979 ], [ 30.5392132, 59.9820482 ], [ 30.5391904, 59.9821396 ], [ 30.5389481, 59.9821625 ], [ 30.5388224, 59.9821945 ], [ 30.5386624, 59.98227 ], [ 30.5385024, 59.9822951 ], [ 30.5383882, 59.9822197 ], [ 30.5381093, 59.9822563 ], [ 30.5381893, 59.9823569 ], [ 30.5379608, 59.9824095 ], [ 30.5379425, 59.9823203 ], [ 30.5378054, 59.9823112 ], [ 30.5376728, 59.9823729 ], [ 30.537362, 59.9823546 ], [ 30.5373208, 59.9824186 ], [ 30.5373757, 59.9824232 ], [ 30.5373665, 59.9824666 ], [ 30.5372294, 59.9824895 ], [ 30.537266, 59.9825741 ], [ 30.5374077, 59.9825993 ], [ 30.5374077, 59.9826336 ], [ 30.537266, 59.9826313 ], [ 30.537138, 59.9826016 ], [ 30.5370466, 59.9826404 ], [ 30.536914, 59.9826336 ], [ 30.5365941, 59.9825147 ], [ 30.5364706, 59.9825261 ], [ 30.5363701, 59.982581 ], [ 30.5363655, 59.9826519 ], [ 30.5365209, 59.9826907 ], [ 30.5365575, 59.9827593 ], [ 30.5362604, 59.9829423 ], [ 30.5361095, 59.9829766 ], [ 30.5360181, 59.9829468 ], [ 30.5360318, 59.9828748 ], [ 30.5361461, 59.9828142 ], [ 30.5360455, 59.9827731 ], [ 30.5358627, 59.9827959 ], [ 30.5357941, 59.982908 ], [ 30.5356799, 59.9829263 ], [ 30.5355656, 59.9828622 ], [ 30.5354239, 59.9827502 ], [ 30.5354102, 59.9826496 ], [ 30.535369, 59.982613 ], [ 30.5351908, 59.9826153 ], [ 30.5349257, 59.9825695 ], [ 30.5345371, 59.982597 ], [ 30.5344549, 59.982613 ], [ 30.5344274, 59.9826656 ], [ 30.534464, 59.9827388 ], [ 30.5343726, 59.9827685 ], [ 30.532919, 59.9827708 ], [ 30.5327088, 59.9827891 ], [ 30.5324208, 59.9826587 ], [ 30.5325168, 59.982581 ], [ 30.5323522, 59.9824895 ], [ 30.5321511, 59.9824438 ], [ 30.5320688, 59.9823043 ], [ 30.531982, 59.9822746 ], [ 30.5315477, 59.9819613 ], [ 30.5315249, 59.9818309 ], [ 30.5314792, 59.9817806 ], [ 30.5313558, 59.9817601 ], [ 30.5310724, 59.9819201 ], [ 30.5309535, 59.9818595 ], [ 30.5308667, 59.9819213 ], [ 30.5307387, 59.9820585 ], [ 30.5302907, 59.9819281 ], [ 30.5293354, 59.9820196 ], [ 30.5287823, 59.9818893 ], [ 30.528211, 59.9820425 ], [ 30.5281057, 59.9820868 ], [ 30.5287104, 59.9824137 ], [ 30.529676, 59.9827673 ], [ 30.5299592, 59.9829562 ], [ 30.5301333, 59.9830484 ], [ 30.5309197, 59.9831297 ], [ 30.5312467, 59.9832937 ], [ 30.5311978, 59.983532 ], [ 30.5308347, 59.9839051 ], [ 30.5306495, 59.9842387 ], [ 30.5308149, 59.9846074 ], [ 30.5309764, 59.9846542 ], [ 30.5311416, 59.9846681 ], [ 30.5314032, 59.9845256 ], [ 30.5314931, 59.9843144 ], [ 30.5321105, 59.9841247 ], [ 30.5323825, 59.9841134 ], [ 30.5329275, 59.9843978 ], [ 30.5331264, 59.9845148 ], [ 30.5331368, 59.9846403 ], [ 30.5327781, 59.9848512 ], [ 30.5325245, 59.9851843 ], [ 30.5325843, 59.9853251 ], [ 30.5323718, 59.9856706 ], [ 30.5323407, 59.9857607 ], [ 30.5323581, 59.9858888 ], [ 30.5324734, 59.9859956 ], [ 30.5326926, 59.9860961 ], [ 30.532972, 59.9862407 ], [ 30.5331891, 59.9864332 ], [ 30.533234, 59.9866381 ], [ 30.5330626, 59.9869365 ], [ 30.5331659, 59.9870127 ], [ 30.5336571, 59.9871144 ], [ 30.5338639, 59.9871178 ], [ 30.5340736, 59.9870992 ], [ 30.5346087, 59.9868157 ], [ 30.5347312, 59.9866478 ], [ 30.5349279, 59.9866071 ], [ 30.5353476, 59.9866548 ], [ 30.5359581, 59.9866464 ], [ 30.5362889, 59.9866365 ], [ 30.5364145, 59.9866839 ], [ 30.5364213, 59.9867874 ], [ 30.5362715, 59.9869354 ], [ 30.5362722, 59.987096 ], [ 30.5365026, 59.9874174 ], [ 30.5370285, 59.9878222 ], [ 30.5375299, 59.9879267 ], [ 30.5376978, 59.9880159 ], [ 30.5377789, 59.9881059 ], [ 30.5378065, 59.988359 ], [ 30.5379447, 59.9885857 ], [ 30.5378645, 59.9886794 ], [ 30.5375675, 59.9887527 ], [ 30.5369471, 59.988853 ], [ 30.5366317, 59.9889922 ], [ 30.5362603, 59.9890897 ], [ 30.5356572, 59.9891967 ], [ 30.5353079, 59.9891941 ], [ 30.5349658, 59.9891412 ], [ 30.5348169, 59.9889581 ], [ 30.534892, 59.9887645 ], [ 30.5348823, 59.988713 ], [ 30.5346887, 59.9886599 ], [ 30.5339571, 59.9886933 ], [ 30.533702, 59.9888018 ], [ 30.5337042, 59.9889021 ], [ 30.5341844, 59.9892223 ], [ 30.5343148, 59.989337 ], [ 30.5342777, 59.9894538 ], [ 30.5337804, 59.9897745 ], [ 30.5338304, 59.99002 ], [ 30.5337944, 59.9901282 ], [ 30.5340268, 59.9906212 ], [ 30.5341906, 59.9906564 ], [ 30.534333, 59.9906347 ], [ 30.5343465, 59.9905462 ], [ 30.5345225, 59.9904871 ], [ 30.5347235, 59.9903214 ], [ 30.5346355, 59.9901258 ], [ 30.5346668, 59.9898604 ], [ 30.5348114, 59.9898122 ], [ 30.5349709, 59.9898386 ], [ 30.5355073, 59.9902624 ], [ 30.5355924, 59.9903711 ], [ 30.5358682, 59.9905815 ], [ 30.5359989, 59.9906244 ], [ 30.5361802, 59.9906476 ], [ 30.5363418, 59.9906934 ], [ 30.5364793, 59.9907993 ], [ 30.5365298, 59.9909433 ], [ 30.5365098, 59.9910971 ], [ 30.5361425, 59.9915116 ], [ 30.5360126, 59.9918186 ], [ 30.5361215, 59.9919484 ], [ 30.5360607, 59.9921234 ], [ 30.5359235, 59.9922056 ], [ 30.5357378, 59.9922886 ], [ 30.5346946, 59.992592 ], [ 30.5243392, 59.9882123 ], [ 30.5200496, 59.9864129 ], [ 30.5174593, 59.9853367 ], [ 30.5144558, 59.9858069 ], [ 30.5125689, 59.9858383 ], [ 30.5121478, 59.9862792 ], [ 30.5116724, 59.986384 ], [ 30.510397, 59.9866353 ], [ 30.5087573, 59.9872646 ], [ 30.5080914, 59.9871314 ], [ 30.5077418, 59.9874922 ], [ 30.5082578, 59.9878808 ], [ 30.5087129, 59.9884442 ], [ 30.5088128, 59.9886552 ], [ 30.5087073, 59.9888098 ], [ 30.507476, 59.9896324 ], [ 30.5061719, 59.9905037 ], [ 30.5072589, 59.9927885 ], [ 30.5065626, 59.9937094 ], [ 30.5054149, 59.9939941 ], [ 30.5042031, 59.994492 ], [ 30.5038435, 59.99489 ], [ 30.5035476, 59.9956261 ], [ 30.5037587, 59.9962993 ], [ 30.5037292, 59.9966488 ], [ 30.503068, 59.9976691 ], [ 30.5026362, 59.9982851 ], [ 30.5032825, 59.9988708 ], [ 30.5035186, 59.9993965 ], [ 30.5029351, 59.9996721 ], [ 30.5023536, 60.0000467 ], [ 30.5017099, 60.0001799 ], [ 30.5002336, 60.0002005 ], [ 30.4997011, 60.0001743 ], [ 30.4994899, 60.0004265 ], [ 30.4999965, 60.0010632 ], [ 30.5001894, 60.0012481 ], [ 30.5002458, 60.0013735 ], [ 30.5019129, 60.0027604 ], [ 30.5029155, 60.0035945 ], [ 30.5031504, 60.0041695 ], [ 30.5033938, 60.0044965 ], [ 30.5037344, 60.0055997 ], [ 30.5042508, 60.0060881 ], [ 30.5039889, 60.0064329 ], [ 30.5039647, 60.0064843 ], [ 30.4996983, 60.0073569 ], [ 30.4994433, 60.0077429 ], [ 30.4993157, 60.0079442 ], [ 30.4992716, 60.0084019 ], [ 30.4954624, 60.0078692 ], [ 30.4947651, 60.0083712 ], [ 30.4943681, 60.0090882 ], [ 30.4939001, 60.0096608 ], [ 30.4928994, 60.009483 ], [ 30.4925099, 60.0090775 ], [ 30.4905627, 60.008385 ], [ 30.4922629, 60.0066528 ], [ 30.4936734, 60.0060182 ], [ 30.4939354, 60.0057009 ], [ 30.4940261, 60.0053483 ], [ 30.4939757, 60.0048648 ], [ 30.4930854, 60.002954 ], [ 30.4915561, 60.0015001 ], [ 30.4912302, 60.0006226 ], [ 30.4917567, 59.9978774 ], [ 30.4926596, 59.9957514 ], [ 30.4949314, 59.9946617 ], [ 30.4960905, 59.992575 ], [ 30.4961369, 59.9903721 ], [ 30.4945141, 59.9886561 ], [ 30.4934014, 59.9875198 ], [ 30.4944678, 59.9855253 ], [ 30.4945141, 59.9831829 ], [ 30.4943458, 59.9827749 ], [ 30.4902983, 59.983166 ], [ 30.4863614, 59.9834466 ], [ 30.4856251, 59.9834658 ], [ 30.483264, 59.9836105 ], [ 30.4581742, 59.9842475 ], [ 30.4549238, 59.9842447 ], [ 30.4538836, 59.9841802 ], [ 30.4508479, 59.9836879 ], [ 30.4501686, 59.9835275 ], [ 30.449966, 59.9834543 ], [ 30.4483035, 59.9828534 ], [ 30.4471861, 59.9823129 ], [ 30.4463358, 59.9816655 ], [ 30.4455922, 59.9809318 ], [ 30.4451198, 59.9801406 ], [ 30.4449308, 59.9792527 ], [ 30.4448548, 59.9779712 ], [ 30.4448784, 59.9770508 ], [ 30.4451073, 59.9746043 ], [ 30.445149, 59.9741591 ], [ 30.4456343, 59.974067 ], [ 30.4457818, 59.9730322 ], [ 30.4461272, 59.9706092 ], [ 30.4461765, 59.9701666 ], [ 30.4464148, 59.968027 ], [ 30.4465912, 59.9665695 ], [ 30.4467845, 59.9649716 ], [ 30.4466531, 59.9634952 ], [ 30.4466368, 59.9633275 ], [ 30.4466133, 59.9630843 ], [ 30.4465545, 59.9624782 ], [ 30.4463592, 59.9604627 ] ] ] ] } },
{ "type": "Feature", "properties": { "full_id": "r1185383", "osm_id": "1185383", "osm_type": "relation", "boundary": "administrative", "wikimedia_commons": null, "start_date": null, "sqkm": null, "short_name:uk": null, "short_name:ru": null, "short_name:be": null, "short_name": null, "name:ru:word_stress": null, "oktmo": null, "contact:website": "http://www.bohta.spb.ru", "contact:vk": null, "contact:instagram": null, "okato:user": null, "loc_name": null, "old_name:de": null, "oktmo:user": "40349000", "old_name:uk": null, "old_name": "Муниципальный округ № 33", "name:etymology:wikidata": null, "alt_name": null, "official_name": "муниципальный округ Большая Охта", "addr:postcode": null, "url": null, "place": null, "addr:region": "Санкт-Петербург", "old_name:vi": null, "old_name:os": null, "old_name:mk": null, "old_name:ku": null, "old_name:hr": null, "old_name:fr": null, "old_name:eo": null, "old_name:en": null, "old_name:ar": null, "old_name:1924-01-26--1991-09-06": null, "old_name:1914-08-31--1924-01-26": null, "old_alt_name:vi": null, "name:tzl": null, "name:sl": null, "name:pt": null, "name:os": null, "name:nb": null, "name:mk": null, "name:lb": null, "name:ku": null, "name:ko": null, "name:gl": null, "name:fy": null, "name:eo": null, "name:da": null, "name:bg": null, "name:ast": null, "name:ar": null, "name:ab": null, "int_name": null, "alt_name:vi": null, "alt_name:mk": null, "wikipedia": "ru:Большая Охта (округ Санкт-Петербурга)", "wikidata": "Q4091565", "website": null, "type": "boundary", "timezone": null, "ref": "33", "population:date": null, "population": null, "official_status": "ru:внутригородская территория города федерального значения", "name:zh-Hant": null, "name:zh-Hans": null, "name:zh": null, "name:vi": null, "name:uk": "Округ Велика Охта", "name:tt": null, "name:tk": null, "name:sv": null, "name:sr": null, "name:sk": null, "name:ru": null, "name:ro": null, "name:pl": null, "name:nl": null, "name:mhr": null, "name:lv": null, "name:lt": null, "name:kv": null, "name:kbd": null, "name:ja": null, "name:it": null, "name:hu": null, "name:hr": null, "name:fr": null, "name:fi": null, "name:et": null, "name:es": null, "name:en": null, "name:el": null, "name:de": null, "name:cu": null, "name:cs": null, "name:ce": null, "name:ca": null, "name:be-tarask": null, "name:be": null, "name:af": null, "name": "округ Большая Охта", "is_in:country_code": null, "is_in:country": null, "int_ref": null, "gost_7.67-2003": null, "admin_level": "8", "addr:country": "RU", "ISO3166-2": null }, "geometry": { "type": "MultiPolygon", "coordinates": [ [ [ [ 30.4481112, 59.9413851 ], [ 30.4463592, 59.9604627 ], [ 30.4461618, 59.9604568 ], [ 30.4438011, 59.9603868 ], [ 30.4391987, 59.9602502 ], [ 30.4283909, 59.9598039 ], [ 30.4159403, 59.9592898 ], [ 30.4105659, 59.9590679 ], [ 30.4095483, 59.9590259 ], [ 30.408042, 59.9589775 ], [ 30.4069324, 59.9589419 ], [ 30.4056212, 59.9582695 ], [ 30.4041048, 59.957492 ], [ 30.4035732, 59.9572194 ], [ 30.4032073, 59.9570318 ], [ 30.4031123, 59.9569902 ], [ 30.3995843, 59.9554444 ], [ 30.4021639, 59.9538375 ], [ 30.4026475, 59.9530709 ], [ 30.4029107, 59.952384 ], [ 30.4030605, 59.9518118 ], [ 30.4031224, 59.9509996 ], [ 30.4030431, 59.9499071 ], [ 30.4030183, 59.9486311 ], [ 30.4055783, 59.947078 ], [ 30.4072486, 59.9459483 ], [ 30.4089001, 59.9447574 ], [ 30.4096549, 59.9440907 ], [ 30.4101266, 59.9433746 ], [ 30.4110775, 59.9423483 ], [ 30.4126145, 59.9407446 ], [ 30.4128049, 59.9403295 ], [ 30.412878, 59.9400205 ], [ 30.4127478, 59.9389183 ], [ 30.4130113, 59.938306 ], [ 30.4147077, 59.9368017 ], [ 30.4149467, 59.9365372 ], [ 30.4150861, 59.9362765 ], [ 30.4151178, 59.9359304 ], [ 30.4149842, 59.93518 ], [ 30.4148823, 59.9345995 ], [ 30.4150028, 59.9343892 ], [ 30.4154436, 59.9341235 ], [ 30.4160481, 59.9339187 ], [ 30.4165361, 59.9337942 ], [ 30.4169874, 59.9337289 ], [ 30.4176944, 59.9337487 ], [ 30.4183201, 59.933816 ], [ 30.4189769, 59.9339283 ], [ 30.4196374, 59.9341156 ], [ 30.4201762, 59.9343023 ], [ 30.4205865, 59.934532 ], [ 30.4212732, 59.9351998 ], [ 30.4218827, 59.935638 ], [ 30.4225615, 59.9359825 ], [ 30.4233194, 59.9361963 ], [ 30.4242387, 59.936403 ], [ 30.4250902, 59.9365024 ], [ 30.4259771, 59.9364824 ], [ 30.4268839, 59.9363231 ], [ 30.4280395, 59.9361674 ], [ 30.429698, 59.9359983 ], [ 30.4314403, 59.9359638 ], [ 30.4327932, 59.9361268 ], [ 30.4344014, 59.9364893 ], [ 30.435268, 59.936611 ], [ 30.4362736, 59.9365627 ], [ 30.4380523, 59.9362772 ], [ 30.4390907, 59.9362157 ], [ 30.4401183, 59.9363208 ], [ 30.4408784, 59.9365316 ], [ 30.441451, 59.9368914 ], [ 30.4418092, 59.9373506 ], [ 30.4418619, 59.937699 ], [ 30.4411435, 59.9394553 ], [ 30.4407555, 59.9402695 ], [ 30.44104, 59.9408185 ], [ 30.4417249, 59.9411035 ], [ 30.4427892, 59.9413199 ], [ 30.4462454, 59.9412671 ], [ 30.4481112, 59.9413851 ] ] ] ] } },
{ "type": "Feature", "properties": { "full_id": "r1185384", "osm_id": "1185384", "osm_type": "relation", "boundary": "administrative", "wikimedia_commons": null, "start_date": null, "sqkm": null, "short_name:uk": null, "short_name:ru": null, "short_name:be": null, "short_name": null, "name:ru:word_stress": null, "oktmo": null, "contact:website": "http://мопороховые.рф/", "contact:vk": null, "contact:instagram": null, "okato:user": null, "loc_name": null, "old_name:de": null, "oktmo:user": "40351000", "old_name:uk": null, "old_name": null, "name:etymology:wikidata": null, "alt_name": null, "official_name": "муниципальный округ Пороховые", "addr:postcode": null, "url": null, "place": null, "addr:region": "Санкт-Петербург", "old_name:vi": null, "old_name:os": null, "old_name:mk": null, "old_name:ku": null, "old_name:hr": null, "old_name:fr": null, "old_name:eo": null, "old_name:en": null, "old_name:ar": null, "old_name:1924-01-26--1991-09-06": null, "old_name:1914-08-31--1924-01-26": null, "old_alt_name:vi": null, "name:tzl": null, "name:sl": null, "name:pt": null, "name:os": null, "name:nb": null, "name:mk": null, "name:lb": null, "name:ku": null, "name:ko": null, "name:gl": null, "name:fy": null, "name:eo": null, "name:da": null, "name:bg": null, "name:ast": null, "name:ar": null, "name:ab": null, "int_name": null, "alt_name:vi": null, "alt_name:mk": null, "wikipedia": "ru:Пороховые (округ)", "wikidata": "Q4373150", "website": null, "type": "boundary", "timezone": null, "ref": "35", "population:date": null, "population": null, "official_status": "ru:внутригородская территория города федерального значения", "name:zh-Hant": null, "name:zh-Hans": null, "name:zh": null, "name:vi": null, "name:uk": "Округ Порохові", "name:tt": null, "name:tk": null, "name:sv": null, "name:sr": null, "name:sk": null, "name:ru": null, "name:ro": null, "name:pl": null, "name:nl": null, "name:mhr": null, "name:lv": null, "name:lt": null, "name:kv": null, "name:kbd": null, "name:ja": null, "name:it": null, "name:hu": null, "name:hr": null, "name:fr": null, "name:fi": null, "name:et": null, "name:es": null, "name:en": null, "name:el": null, "name:de": null, "name:cu": null, "name:cs": null, "name:ce": null, "name:ca": null, "name:be-tarask": null, "name:be": null, "name:af": null, "name": "округ Пороховые", "is_in:country_code": null, "is_in:country": null, "int_ref": null, "gost_7.67-2003": null, "admin_level": "8", "addr:country": "RU", "ISO3166-2": null }, "geometry": { "type": "MultiPolygon", "coordinates": [ [ [ [ 30.4463592, 59.9604627 ], [ 30.4521551, 59.9606391 ], [ 30.4525667, 59.9606778 ], [ 30.4565206, 59.9614172 ], [ 30.4603819, 59.9621494 ], [ 30.466832, 59.955874 ], [ 30.4776115, 59.9586722 ], [ 30.4779462, 59.9587749 ], [ 30.4780477, 59.9586927 ], [ 30.4782946, 59.9584961 ], [ 30.4809688, 59.9559115 ], [ 30.4866864, 59.9503908 ], [ 30.4900912, 59.9470942 ], [ 30.4903181, 59.9468424 ], [ 30.4905225, 59.946566 ], [ 30.4906755, 59.9462972 ], [ 30.4907975, 59.9460169 ], [ 30.4908596, 59.9458134 ], [ 30.4908988, 59.945596 ], [ 30.4909358, 59.945215 ], [ 30.5044819, 59.9454683 ], [ 30.5054572, 59.9454867 ], [ 30.5053935, 59.9456828 ], [ 30.5052977, 59.9458809 ], [ 30.5052272, 59.9460101 ], [ 30.5051187, 59.946216 ], [ 30.5077507, 59.9456234 ], [ 30.507739, 59.9455684 ], [ 30.5077189, 59.945492 ], [ 30.5077093, 59.9454668 ], [ 30.5072842, 59.9435994 ], [ 30.5062502, 59.9390962 ], [ 30.5055266, 59.9359444 ], [ 30.5044096, 59.9349226 ], [ 30.5029827, 59.9342077 ], [ 30.5011695, 59.9335788 ], [ 30.4983586, 59.9331112 ], [ 30.4960626, 59.9330897 ], [ 30.4905308, 59.9334021 ], [ 30.4872113, 59.9335896 ], [ 30.4802376, 59.9339658 ], [ 30.4759208, 59.934245 ], [ 30.4739657, 59.9343972 ], [ 30.4728602, 59.9344629 ], [ 30.4688221, 59.9346946 ], [ 30.4634051, 59.9349999 ], [ 30.4622486, 59.9351058 ], [ 30.4610932, 59.9352828 ], [ 30.4566782, 59.9360831 ], [ 30.4529425, 59.9367747 ], [ 30.4520453, 59.9368941 ], [ 30.4511822, 59.9369398 ], [ 30.4501092, 59.9369084 ], [ 30.4484055, 59.9365858 ], [ 30.4475699, 59.9362886 ], [ 30.4477225, 59.9365352 ], [ 30.4483975, 59.9374513 ], [ 30.448643, 59.938478 ], [ 30.4486184, 59.9390191 ], [ 30.4482011, 59.9404392 ], [ 30.4481112, 59.9413851 ], [ 30.4463592, 59.9604627 ] ] ] ] } },
{ "type": "Feature", "properties": { "full_id": "r1198679", "osm_id": "1198679", "osm_type": "relation", "boundary": "administrative", "wikimedia_commons": null, "start_date": null, "sqkm": null, "short_name:uk": null, "short_name:ru": null, "short_name:be": null, "short_name": null, "name:ru:word_stress": null, "oktmo": "40325000", "contact:website": null, "contact:vk": null, "contact:instagram": null, "okato:user": null, "loc_name": null, "old_name:de": null, "oktmo:user": "40325000", "old_name:uk": null, "old_name": null, "name:etymology:wikidata": null, "alt_name": null, "official_name": "муниципальный округ Озеро Долгое", "addr:postcode": null, "url": "http://www.gov.spb.ru/law?d&nd=8414528&nh=0&header=010000003L01#I0", "place": null, "addr:region": "Санкт-Петербург", "old_name:vi": null, "old_name:os": null, "old_name:mk": null, "old_name:ku": null, "old_name:hr": null, "old_name:fr": null, "old_name:eo": null, "old_name:en": null, "old_name:ar": null, "old_name:1924-01-26--1991-09-06": null, "old_name:1914-08-31--1924-01-26": null, "old_alt_name:vi": null, "name:tzl": null, "name:sl": null, "name:pt": null, "name:os": null, "name:nb": null, "name:mk": null, "name:lb": null, "name:ku": null, "name:ko": null, "name:gl": null, "name:fy": null, "name:eo": null, "name:da": null, "name:bg": null, "name:ast": null, "name:ar": null, "name:ab": null, "int_name": null, "alt_name:vi": null, "alt_name:mk": null, "wikipedia": "ru:Озеро Долгое (муниципальный округ)", "wikidata": "Q4332098", "website": "https://ozero-dolgoe.net/", "type": "boundary", "timezone": null, "ref": "68", "population:date": null, "population": null, "official_status": "ru:внутригородская территория города федерального значения", "name:zh-Hant": null, "name:zh-Hans": null, "name:zh": null, "name:vi": null, "name:uk": "Округ Озеро Довге", "name:tt": null, "name:tk": null, "name:sv": null, "name:sr": null, "name:sk": null, "name:ru": null, "name:ro": null, "name:pl": null, "name:nl": null, "name:mhr": null, "name:lv": null, "name:lt": null, "name:kv": null, "name:kbd": null, "name:ja": null, "name:it": null, "name:hu": null, "name:hr": null, "name:fr": null, "name:fi": null, "name:et": null, "name:es": null, "name:en": null, "name:el": null, "name:de": null, "name:cu": null, "name:cs": null, "name:ce": null, "name:ca": null, "name:be-tarask": null, "name:be": null, "name:af": null, "name": "округ Озеро Долгое", "is_in:country_code": null, "is_in:country": null, "int_ref": null, "gost_7.67-2003": null, "admin_level": "8", "addr:country": "RU", "ISO3166-2": null }, "geometry": { "type": "MultiPolygon", "coordinates": [ [ [ [ 30.2784781, 59.9936133 ], [ 30.2784223, 59.9931684 ], [ 30.2790771, 59.992452 ], [ 30.2800105, 59.991839 ], [ 30.2808826, 59.9914334 ], [ 30.2825185, 59.9907591 ], [ 30.2831407, 59.9906153 ], [ 30.2835367, 59.9904668 ], [ 30.284192, 59.9904078 ], [ 30.2858938, 59.9900636 ], [ 30.2880128, 59.9896742 ], [ 30.2863918, 59.9891331 ], [ 30.2809635, 59.9879029 ], [ 30.2792935, 59.9875491 ], [ 30.2777053, 59.9874016 ], [ 30.2758924, 59.9874213 ], [ 30.2730918, 59.9875106 ], [ 30.2710907, 59.9875956 ], [ 30.269462, 59.9876817 ], [ 30.2674201, 59.9879056 ], [ 30.2656883, 59.9880946 ], [ 30.2636057, 59.9882331 ], [ 30.2615076, 59.9883213 ], [ 30.2589903, 59.9883914 ], [ 30.2572092, 59.988343 ], [ 30.2562928, 59.9882847 ], [ 30.2561819, 59.9882761 ], [ 30.2561125, 59.9889267 ], [ 30.2560807, 59.9892612 ], [ 30.2557938, 59.9919467 ], [ 30.2555895, 59.9938107 ], [ 30.2554316, 59.9952514 ], [ 30.2550204, 59.9993929 ], [ 30.2550353, 59.9999873 ], [ 30.2554511, 60.0008155 ], [ 30.2557347, 60.0013803 ], [ 30.2557675, 60.0014428 ], [ 30.2570975, 60.0039776 ], [ 30.2574398, 60.0046664 ], [ 30.2574512, 60.0046896 ], [ 30.2573289, 60.0047054 ], [ 30.2570814, 60.0047374 ], [ 30.2566189, 60.0047972 ], [ 30.2562476, 60.0048453 ], [ 30.2548905, 60.0050208 ], [ 30.2542089, 60.005109 ], [ 30.2526851, 60.0053061 ], [ 30.2525325, 60.0053258 ], [ 30.2516453, 60.0054406 ], [ 30.2492791, 60.0057467 ], [ 30.2489714, 60.0057865 ], [ 30.2482528, 60.0058794 ], [ 30.2477929, 60.0059389 ], [ 30.2474604, 60.005982 ], [ 30.2472686, 60.0060068 ], [ 30.2472049, 60.006015 ], [ 30.2470031, 60.0060411 ], [ 30.2467458, 60.0060744 ], [ 30.2463118, 60.0061305 ], [ 30.2455624, 60.0062274 ], [ 30.2453136, 60.0062596 ], [ 30.2444741, 60.0063682 ], [ 30.243874, 60.0064458 ], [ 30.2437878, 60.006457 ], [ 30.2436038, 60.0064808 ], [ 30.2434607, 60.0064993 ], [ 30.2430815, 60.0065484 ], [ 30.2422828, 60.0066517 ], [ 30.2416167, 60.0067379 ], [ 30.2405254, 60.0068791 ], [ 30.2403109, 60.0069068 ], [ 30.2401233, 60.006931 ], [ 30.2400249, 60.0069439 ], [ 30.2392788, 60.0070403 ], [ 30.2383375, 60.007162 ], [ 30.2370787, 60.0073248 ], [ 30.2365776, 60.0073897 ], [ 30.2362399, 60.0074553 ], [ 30.2362556, 60.0076103 ], [ 30.2361737, 60.0078096 ], [ 30.2360378, 60.0081333 ], [ 30.2357454, 60.0088274 ], [ 30.2353966, 60.0096662 ], [ 30.235356, 60.0097633 ], [ 30.2352743, 60.0099588 ], [ 30.2352107, 60.0101104 ], [ 30.2350572, 60.0104761 ], [ 30.2349015, 60.0108472 ], [ 30.2348266, 60.011047 ], [ 30.2345399, 60.011746 ], [ 30.2344332, 60.0120029 ], [ 30.2344252, 60.0120222 ], [ 30.2344188, 60.0120379 ], [ 30.2343707, 60.0121546 ], [ 30.2343307, 60.0122166 ], [ 30.2342898, 60.0122561 ], [ 30.2344943, 60.0123153 ], [ 30.2345908, 60.012343 ], [ 30.2346678, 60.0123657 ], [ 30.2359308, 60.0127379 ], [ 30.2369271, 60.0130302 ], [ 30.2376015, 60.0132318 ], [ 30.2377893, 60.0132865 ], [ 30.2394646, 60.0137743 ], [ 30.2395442, 60.0137974 ], [ 30.2400825, 60.0139486 ], [ 30.2411391, 60.0142453 ], [ 30.2414244, 60.0143164 ], [ 30.2415883, 60.0143542 ], [ 30.241636, 60.0143651 ], [ 30.2418139, 60.0144061 ], [ 30.2420342, 60.0144569 ], [ 30.2451174, 60.0153643 ], [ 30.245197, 60.0153878 ], [ 30.2453726, 60.0154392 ], [ 30.2455682, 60.0154965 ], [ 30.2457784, 60.015558 ], [ 30.2470682, 60.0159381 ], [ 30.2487873, 60.016448 ], [ 30.2488248, 60.0164591 ], [ 30.249077, 60.016534 ], [ 30.2493372, 60.0166112 ], [ 30.2495669, 60.0166794 ], [ 30.2495984, 60.0166886 ], [ 30.2499624, 60.0167949 ], [ 30.2510377, 60.0171116 ], [ 30.2514344, 60.0172281 ], [ 30.2517271, 60.0173146 ], [ 30.2519226, 60.0173745 ], [ 30.2527658, 60.0176215 ], [ 30.2530304, 60.017699 ], [ 30.2540161, 60.0179897 ], [ 30.2550469, 60.0182967 ], [ 30.25516, 60.0183336 ], [ 30.2563997, 60.018696 ], [ 30.2566752, 60.0187686 ], [ 30.2570699, 60.0188822 ], [ 30.2573196, 60.0189527 ], [ 30.257646, 60.0190488 ], [ 30.2587053, 60.0193607 ], [ 30.2627601, 60.0205545 ], [ 30.2638216, 60.020867 ], [ 30.2641582, 60.0209658 ], [ 30.2642869, 60.0210035 ], [ 30.2658139, 60.0196924 ], [ 30.2662502, 60.0194018 ], [ 30.2667393, 60.0191386 ], [ 30.2673688, 60.0189063 ], [ 30.2679201, 60.0187327 ], [ 30.2688256, 60.0185432 ], [ 30.2716548, 60.0181794 ], [ 30.27872, 60.0172591 ], [ 30.281064, 60.0169541 ], [ 30.2810292, 60.0168806 ], [ 30.280941, 60.0167147 ], [ 30.2809113, 60.0166588 ], [ 30.2805651, 60.0159909 ], [ 30.2804838, 60.0158341 ], [ 30.2804266, 60.0157237 ], [ 30.2804062, 60.0156843 ], [ 30.2801157, 60.0151254 ], [ 30.2800657, 60.0150276 ], [ 30.279373, 60.0136912 ], [ 30.2792845, 60.0135205 ], [ 30.2792184, 60.0134009 ], [ 30.2791505, 60.0132747 ], [ 30.2791219, 60.0132223 ], [ 30.2788908, 60.0127807 ], [ 30.2788415, 60.0126867 ], [ 30.278638, 60.012289 ], [ 30.2784004, 60.0118246 ], [ 30.2783152, 60.0116558 ], [ 30.2782774, 60.0115839 ], [ 30.2781861, 60.0114055 ], [ 30.2781684, 60.0113712 ], [ 30.2781481, 60.0113321 ], [ 30.2780293, 60.0111025 ], [ 30.278017, 60.0110788 ], [ 30.277972, 60.0109917 ], [ 30.2779306, 60.0109115 ], [ 30.2778944, 60.0108415 ], [ 30.2778195, 60.0106965 ], [ 30.2777605, 60.0105821 ], [ 30.2775812, 60.0102416 ], [ 30.276656, 60.0084436 ], [ 30.276605, 60.0083449 ], [ 30.276324, 60.0078008 ], [ 30.2762774, 60.0077105 ], [ 30.2758362, 60.0068566 ], [ 30.2758143, 60.0068141 ], [ 30.2757705, 60.0067292 ], [ 30.2757266, 60.0066444 ], [ 30.2756692, 60.0065329 ], [ 30.2756083, 60.0064149 ], [ 30.2754777, 60.0061621 ], [ 30.2754126, 60.006036 ], [ 30.2753802, 60.0059754 ], [ 30.2753725, 60.0059609 ], [ 30.2753591, 60.0059358 ], [ 30.2753063, 60.0058374 ], [ 30.2752303, 60.005691 ], [ 30.2750529, 60.0053428 ], [ 30.2747163, 60.0046984 ], [ 30.2745373, 60.0043556 ], [ 30.274453, 60.0042005 ], [ 30.2744204, 60.0040959 ], [ 30.2744314, 60.0039947 ], [ 30.2744449, 60.0039227 ], [ 30.2747025, 60.0032636 ], [ 30.2747753, 60.0030785 ], [ 30.2748426, 60.0029029 ], [ 30.2749563, 60.0026063 ], [ 30.2749972, 60.0024996 ], [ 30.2751408, 60.002125 ], [ 30.27517, 60.0020489 ], [ 30.2753269, 60.0016396 ], [ 30.2754312, 60.0013675 ], [ 30.2754762, 60.0012501 ], [ 30.2756155, 60.0008869 ], [ 30.2756684, 60.0007489 ], [ 30.2757471, 60.0005436 ], [ 30.2758815, 60.0001929 ], [ 30.2764047, 59.9988259 ], [ 30.2764222, 59.9987823 ], [ 30.2764715, 59.9986472 ], [ 30.2765639, 59.9984315 ], [ 30.2765868, 59.998366 ], [ 30.2766057, 59.9983119 ], [ 30.2766907, 59.9980692 ], [ 30.2767186, 59.9979898 ], [ 30.2767721, 59.9978371 ], [ 30.2771364, 59.9967969 ], [ 30.2773221, 59.9964173 ], [ 30.2773655, 59.9963041 ], [ 30.2779707, 59.9947246 ], [ 30.2781644, 59.994285 ], [ 30.2783616, 59.9939364 ], [ 30.2784564, 59.9938244 ], [ 30.2785745, 59.9937844 ], [ 30.2785286, 59.993706 ], [ 30.2784781, 59.9936133 ] ] ] ] } },
{ "type": "Feature", "properties": { "full_id": "r1198680", "osm_id": "1198680", "osm_type": "relation", "boundary": "administrative", "wikimedia_commons": null, "start_date": null, "sqkm": null, "short_name:uk": null, "short_name:ru": null, "short_name:be": null, "short_name": null, "name:ru:word_stress": null, "oktmo": null, "contact:website": null, "contact:vk": null, "contact:instagram": null, "okato:user": null, "loc_name": null, "old_name:de": null, "oktmo:user": null, "old_name:uk": null, "old_name": null, "name:etymology:wikidata": null, "alt_name": "округ N 65", "official_name": "муниципальный округ № 65", "addr:postcode": null, "url": "http://www.gov.spb.ru/law?d&nd=8414528&nh=0&header=010000003F01#I0", "place": null, "addr:region": "Санкт-Петербург", "old_name:vi": null, "old_name:os": null, "old_name:mk": null, "old_name:ku": null, "old_name:hr": null, "old_name:fr": null, "old_name:eo": null, "old_name:en": null, "old_name:ar": null, "old_name:1924-01-26--1991-09-06": null, "old_name:1914-08-31--1924-01-26": null, "old_alt_name:vi": null, "name:tzl": null, "name:sl": null, "name:pt": null, "name:os": null, "name:nb": null, "name:mk": null, "name:lb": null, "name:ku": null, "name:ko": null, "name:gl": null, "name:fy": null, "name:eo": null, "name:da": null, "name:bg": null, "name:ast": null, "name:ar": null, "name:ab": null, "int_name": null, "alt_name:vi": null, "alt_name:mk": null, "wikipedia": "ru:Муниципальный округ № 65 (Санкт-Петербург)", "wikidata": "Q4032083", "website": null, "type": "boundary", "timezone": null, "ref": null, "population:date": null, "population": null, "official_status": "ru:внутригородская территория города федерального значения", "name:zh-Hant": null, "name:zh-Hans": null, "name:zh": null, "name:vi": null, "name:uk": "Округ №65", "name:tt": null, "name:tk": null, "name:sv": null, "name:sr": null, "name:sk": null, "name:ru": null, "name:ro": null, "name:pl": null, "name:nl": null, "name:mhr": null, "name:lv": null, "name:lt": null, "name:kv": null, "name:kbd": null, "name:ja": null, "name:it": null, "name:hu": null, "name:hr": null, "name:fr": null, "name:fi": null, "name:et": null, "name:es": null, "name:en": null, "name:el": null, "name:de": null, "name:cu": null, "name:cs": null, "name:ce": null, "name:ca": null, "name:be-tarask": null, "name:be": null, "name:af": null, "name": "округ № 65", "is_in:country_code": null, "is_in:country": null, "int_ref": null, "gost_7.67-2003": null, "admin_level": "8", "addr:country": "RU", "ISO3166-2": null }, "geometry": { "type": "MultiPolygon", "coordinates": [ [ [ [ 30.2043648, 59.9791268 ], [ 30.204347, 59.9791612 ], [ 30.2044087, 59.9792604 ], [ 30.2044922, 59.9793001 ], [ 30.2046499, 59.9793634 ], [ 30.2051855, 59.9794683 ], [ 30.2057273, 59.9794627 ], [ 30.2063056, 59.979401 ], [ 30.2067, 59.9793835 ], [ 30.2075368, 59.9793634 ], [ 30.2077853, 59.9793777 ], [ 30.2080276, 59.9793598 ], [ 30.2086806, 59.9794353 ], [ 30.2090014, 59.9794852 ], [ 30.2092518, 59.9795484 ], [ 30.2094983, 59.9795847 ], [ 30.2098013, 59.9796484 ], [ 30.2100316, 59.9796988 ], [ 30.2103692, 59.9797697 ], [ 30.2104808, 59.97979 ], [ 30.2106314, 59.9798094 ], [ 30.2107538, 59.9798514 ], [ 30.2112254, 59.9799715 ], [ 30.2117613, 59.980018 ], [ 30.2121707, 59.9800979 ], [ 30.2122901, 59.9801323 ], [ 30.2126839, 59.9801709 ], [ 30.2129642, 59.9802108 ], [ 30.2132399, 59.9802913 ], [ 30.2134317, 59.9804025 ], [ 30.2136423, 59.9805124 ], [ 30.2138674, 59.9805354 ], [ 30.2140409, 59.9805749 ], [ 30.2142789, 59.980659 ], [ 30.2145317, 59.9806864 ], [ 30.2147042, 59.9807435 ], [ 30.2148907, 59.9808475 ], [ 30.2149585, 59.9809669 ], [ 30.2151867, 59.981012 ], [ 30.2155298, 59.9811816 ], [ 30.2155673, 59.9812232 ], [ 30.2155647, 59.9812568 ], [ 30.2155218, 59.9812836 ], [ 30.2154654, 59.9813118 ], [ 30.215385, 59.9813051 ], [ 30.215334, 59.9812826 ], [ 30.2148217, 59.9811374 ], [ 30.2147412, 59.9811266 ], [ 30.2146538, 59.9811315 ], [ 30.2145505, 59.9811993 ], [ 30.2145427, 59.981238 ], [ 30.214568, 59.981272 ], [ 30.2146769, 59.9813011 ], [ 30.2152911, 59.981336 ], [ 30.2163339, 59.9813934 ], [ 30.216424, 59.9814094 ], [ 30.2164702, 59.9814396 ], [ 30.2165923, 59.9815596 ], [ 30.2166912, 59.9816056 ], [ 30.2167743, 59.9817009 ], [ 30.216892, 59.9817828 ], [ 30.2169054, 59.9818992 ], [ 30.2169441, 59.9819306 ], [ 30.2170132, 59.9819443 ], [ 30.2170602, 59.9819354 ], [ 30.2170822, 59.981909 ], [ 30.2171145, 59.981871 ], [ 30.2172135, 59.9818185 ], [ 30.2172679, 59.9817271 ], [ 30.2174865, 59.9816446 ], [ 30.2177386, 59.9815842 ], [ 30.2180725, 59.9814909 ], [ 30.2183354, 59.9814587 ], [ 30.2184668, 59.9814547 ], [ 30.2186102, 59.9814367 ], [ 30.2187413, 59.9813878 ], [ 30.2188312, 59.9813456 ], [ 30.2188674, 59.9813351 ], [ 30.218984, 59.9813752 ], [ 30.2189943, 59.9814302 ], [ 30.2192541, 59.9816206 ], [ 30.2191525, 59.9817254 ], [ 30.2190854, 59.9818082 ], [ 30.2190594, 59.9818517 ], [ 30.2190338, 59.9818945 ], [ 30.2191023, 59.9819639 ], [ 30.219316, 59.9820376 ], [ 30.2194911, 59.9820578 ], [ 30.2206495, 59.9818462 ], [ 30.2209553, 59.9818423 ], [ 30.2212795, 59.981859 ], [ 30.2217809, 59.9820239 ], [ 30.2219306, 59.9821512 ], [ 30.2219782, 59.9823424 ], [ 30.2219201, 59.9824777 ], [ 30.2219633, 59.9826531 ], [ 30.2220794, 59.9827911 ], [ 30.2221976, 59.982865 ], [ 30.2223591, 59.9829003 ], [ 30.2224127, 59.9828995 ], [ 30.2225808, 59.9828956 ], [ 30.2227499, 59.9828917 ], [ 30.2230263, 59.9828547 ], [ 30.2232024, 59.9828203 ], [ 30.2232917, 59.9825526 ], [ 30.2232512, 59.9821196 ], [ 30.2232572, 59.981966 ], [ 30.2232023, 59.9818821 ], [ 30.2231788, 59.9818084 ], [ 30.2232331, 59.9816781 ], [ 30.2233375, 59.9815639 ], [ 30.2234597, 59.9815091 ], [ 30.2236391, 59.9814741 ], [ 30.2238998, 59.981462 ], [ 30.2247032, 59.9815101 ], [ 30.2249175, 59.9815185 ], [ 30.2251052, 59.9815076 ], [ 30.2251593, 59.9814708 ], [ 30.2254335, 59.9811712 ], [ 30.2254976, 59.9811012 ], [ 30.2257038, 59.9808148 ], [ 30.2259597, 59.9803989 ], [ 30.2260714, 59.9802288 ], [ 30.2262574, 59.9801158 ], [ 30.2264833, 59.9800892 ], [ 30.2265191, 59.9789221 ], [ 30.2312788, 59.9794673 ], [ 30.2369995, 59.981163 ], [ 30.2458592, 59.9820281 ], [ 30.2529684, 59.9824019 ], [ 30.2537141, 59.982417 ], [ 30.2564466, 59.9824793 ], [ 30.2565069, 59.983054 ], [ 30.2565108, 59.983137 ], [ 30.2564986, 59.983742 ], [ 30.2564932, 59.9840185 ], [ 30.2564935, 59.9840398 ], [ 30.2564932, 59.9841345 ], [ 30.2564935, 59.9841536 ], [ 30.2564739, 59.9852372 ], [ 30.2564217, 59.9861315 ], [ 30.2563853, 59.9866216 ], [ 30.2563284, 59.9871175 ], [ 30.2562618, 59.9876987 ], [ 30.2561819, 59.9882761 ], [ 30.2561125, 59.9889267 ], [ 30.2560807, 59.9892612 ], [ 30.2557938, 59.9919467 ], [ 30.2555895, 59.9938107 ], [ 30.2554316, 59.9952514 ], [ 30.2550204, 59.9993929 ], [ 30.2550353, 59.9999873 ], [ 30.2554511, 60.0008155 ], [ 30.2557347, 60.0013803 ], [ 30.2557675, 60.0014428 ], [ 30.2570975, 60.0039776 ], [ 30.2574398, 60.0046664 ], [ 30.2574512, 60.0046896 ], [ 30.2573289, 60.0047054 ], [ 30.2570814, 60.0047374 ], [ 30.2566189, 60.0047972 ], [ 30.2562476, 60.0048453 ], [ 30.2548905, 60.0050208 ], [ 30.2542089, 60.005109 ], [ 30.2526851, 60.0053061 ], [ 30.2525325, 60.0053258 ], [ 30.2516453, 60.0054406 ], [ 30.2492791, 60.0057467 ], [ 30.2489714, 60.0057865 ], [ 30.2482528, 60.0058794 ], [ 30.2477929, 60.0059389 ], [ 30.2474604, 60.005982 ], [ 30.2472686, 60.0060068 ], [ 30.2472049, 60.006015 ], [ 30.2470031, 60.0060411 ], [ 30.2467458, 60.0060744 ], [ 30.2463118, 60.0061305 ], [ 30.2455624, 60.0062274 ], [ 30.2453136, 60.0062596 ], [ 30.2444741, 60.0063682 ], [ 30.243874, 60.0064458 ], [ 30.2437878, 60.006457 ], [ 30.2436038, 60.0064808 ], [ 30.2434607, 60.0064993 ], [ 30.2430815, 60.0065484 ], [ 30.2422828, 60.0066517 ], [ 30.2416167, 60.0067379 ], [ 30.2405254, 60.0068791 ], [ 30.2403109, 60.0069068 ], [ 30.2401233, 60.006931 ], [ 30.2400249, 60.0069439 ], [ 30.2392788, 60.0070403 ], [ 30.2383375, 60.007162 ], [ 30.2370787, 60.0073248 ], [ 30.2365776, 60.0073897 ], [ 30.2362399, 60.0074553 ], [ 30.2359898, 60.0074874 ], [ 30.2353509, 60.0075686 ], [ 30.2346894, 60.0076527 ], [ 30.2339042, 60.007755 ], [ 30.2334999, 60.0078077 ], [ 30.2332119, 60.0078453 ], [ 30.232451, 60.0079435 ], [ 30.2300794, 60.0082529 ], [ 30.2294454, 60.0083358 ], [ 30.2292017, 60.0083678 ], [ 30.2281075, 60.0085117 ], [ 30.2279685, 60.008529 ], [ 30.2278417, 60.0085435 ], [ 30.2276715, 60.0085629 ], [ 30.2269101, 60.0086349 ], [ 30.2265343, 60.0086637 ], [ 30.2263447, 60.0086796 ], [ 30.2259346, 60.0087082 ], [ 30.225909, 60.0087109 ], [ 30.2252341, 60.0087544 ], [ 30.2244535, 60.0088164 ], [ 30.2239683, 60.0088674 ], [ 30.2225984, 60.0090442 ], [ 30.2222563, 60.0090889 ], [ 30.2219154, 60.009133 ], [ 30.2216975, 60.0091612 ], [ 30.2215666, 60.0091781 ], [ 30.2212488, 60.0092193 ], [ 30.2210517, 60.0092448 ], [ 30.2196473, 60.0094246 ], [ 30.2190776, 60.0094976 ], [ 30.2185633, 60.009563 ], [ 30.2181402, 60.0096168 ], [ 30.2150403, 60.0100139 ], [ 30.2143852, 60.0100978 ], [ 30.2138707, 60.0101637 ], [ 30.2135143, 60.0102091 ], [ 30.2132215, 60.0102466 ], [ 30.2121912, 60.0103786 ], [ 30.2101116, 60.010645 ], [ 30.209123, 60.0107746 ], [ 30.2087834, 60.010818 ], [ 30.2082946, 60.010883 ], [ 30.2073808, 60.0110025 ], [ 30.207186, 60.0110253 ], [ 30.2068305, 60.0110667 ], [ 30.2027359, 60.0114493 ], [ 30.2020097, 60.0110247 ], [ 30.2015669, 60.0108075 ], [ 30.2001924, 60.0096863 ], [ 30.1989, 60.0088548 ], [ 30.1980396, 60.008365 ], [ 30.1930083, 60.0061171 ], [ 30.19042, 60.0050391 ], [ 30.1908932, 60.0048115 ], [ 30.1908287, 60.0047652 ], [ 30.1906984, 60.004612 ], [ 30.1905617, 60.0044012 ], [ 30.1906081, 60.0041897 ], [ 30.1905124, 60.0040935 ], [ 30.1902186, 60.0039522 ], [ 30.190127, 60.0038816 ], [ 30.1900885, 60.0037598 ], [ 30.1900424, 60.0037268 ], [ 30.1899608, 60.0036686 ], [ 30.1898848, 60.0035835 ], [ 30.189941, 60.0035181 ], [ 30.1900298, 60.0035038 ], [ 30.1900852, 60.0034554 ], [ 30.1901234, 60.0034241 ], [ 30.1900811, 60.0033879 ], [ 30.1899906, 60.0033437 ], [ 30.1898122, 60.0033409 ], [ 30.1895366, 60.0033159 ], [ 30.1894555, 60.0032325 ], [ 30.1895006, 60.0031289 ], [ 30.1893023, 60.003041 ], [ 30.1891806, 60.0029013 ], [ 30.1892459, 60.0028224 ], [ 30.1893135, 60.0027931 ], [ 30.189273, 60.0027548 ], [ 30.1892636, 60.0026436 ], [ 30.1891233, 60.0025558 ], [ 30.1890076, 60.00233 ], [ 30.1890121, 60.0021503 ], [ 30.1889349, 60.0020653 ], [ 30.1888809, 60.0020135 ], [ 30.1888351, 60.0019158 ], [ 30.1888394, 60.001812 ], [ 30.1889059, 60.0017304 ], [ 30.1889728, 60.0015866 ], [ 30.1891942, 60.001574 ], [ 30.1891761, 60.0014725 ], [ 30.1889867, 60.0014618 ], [ 30.188844, 60.0014643 ], [ 30.1887708, 60.0013729 ], [ 30.188756, 60.0012919 ], [ 30.1887489, 60.0012045 ], [ 30.1888019, 60.0010558 ], [ 30.1887728, 60.000964 ], [ 30.1888062, 60.0008951 ], [ 30.1885034, 60.0007637 ], [ 30.1884824, 60.0006732 ], [ 30.1883489, 60.0005218 ], [ 30.1883112, 60.000393 ], [ 30.188635, 60.0003004 ], [ 30.1889597, 60.0002952 ], [ 30.1890303, 60.0002628 ], [ 30.1892324, 60.0001702 ], [ 30.1892643, 60.0001637 ], [ 30.1894758, 60.0001206 ], [ 30.1894713, 60.0000147 ], [ 30.1895614, 59.9999471 ], [ 30.1897996, 59.999786 ], [ 30.1900166, 59.9997519 ], [ 30.1902305, 59.9997685 ], [ 30.1900118, 59.9997159 ], [ 30.1899305, 59.9996904 ], [ 30.1898499, 59.9996722 ], [ 30.1898197, 59.9996297 ], [ 30.1898674, 59.9995615 ], [ 30.1897741, 59.9995497 ], [ 30.1893415, 59.9995783 ], [ 30.1890105, 59.9996001 ], [ 30.1886539, 59.9996546 ], [ 30.1881868, 59.9997871 ], [ 30.1880155, 59.9997195 ], [ 30.1878533, 59.9996384 ], [ 30.1877406, 59.9995065 ], [ 30.1877631, 59.9993916 ], [ 30.1878352, 59.9993015 ], [ 30.1877902, 59.9991212 ], [ 30.1879843, 59.9989424 ], [ 30.1878279, 59.9987581 ], [ 30.1876947, 59.9985855 ], [ 30.187654, 59.9984166 ], [ 30.1876683, 59.9981915 ], [ 30.1876689, 59.9980623 ], [ 30.1875487, 59.9980039 ], [ 30.1875246, 59.9979109 ], [ 30.1874497, 59.9976975 ], [ 30.1875208, 59.9975532 ], [ 30.1873688, 59.9974411 ], [ 30.1873102, 59.9973645 ], [ 30.1872686, 59.9971746 ], [ 30.187401, 59.9970866 ], [ 30.1875517, 59.9970232 ], [ 30.187504, 59.9969351 ], [ 30.1874384, 59.996898 ], [ 30.1874353, 59.9968192 ], [ 30.1875, 59.9967222 ], [ 30.1872406, 59.9966134 ], [ 30.1872637, 59.9964082 ], [ 30.1874063, 59.9963379 ], [ 30.1873905, 59.9962516 ], [ 30.1872186, 59.9962295 ], [ 30.1871122, 59.9961466 ], [ 30.1869372, 59.9960065 ], [ 30.1869617, 59.9959451 ], [ 30.1868391, 59.9959066 ], [ 30.1867764, 59.9956455 ], [ 30.1867916, 59.9955575 ], [ 30.1866562, 59.9955647 ], [ 30.1863227, 59.9952879 ], [ 30.1864606, 59.9950386 ], [ 30.1864606, 59.9949777 ], [ 30.1862172, 59.9949259 ], [ 30.1860505, 59.994811 ], [ 30.1858972, 59.9945135 ], [ 30.1859175, 59.9942768 ], [ 30.1858319, 59.9941911 ], [ 30.1855975, 59.9940987 ], [ 30.1855209, 59.9940041 ], [ 30.1856516, 59.9937933 ], [ 30.1857462, 59.9936739 ], [ 30.1857012, 59.9936153 ], [ 30.1855524, 59.9935431 ], [ 30.1854713, 59.993444 ], [ 30.1852099, 59.9933132 ], [ 30.1849038, 59.9932766 ], [ 30.1846061, 59.993267 ], [ 30.1844131, 59.9933259 ], [ 30.1835618, 59.9934022 ], [ 30.1833075, 59.9934128 ], [ 30.1832053, 59.9933877 ], [ 30.1831052, 59.993302 ], [ 30.1829565, 59.9932071 ], [ 30.1827853, 59.9930422 ], [ 30.1828712, 59.9929357 ], [ 30.1830421, 59.9928343 ], [ 30.1831366, 59.9927722 ], [ 30.1831691, 59.992716 ], [ 30.1831541, 59.9926308 ], [ 30.1831456, 59.9925726 ], [ 30.1831698, 59.9924793 ], [ 30.183126, 59.9924125 ], [ 30.1830053, 59.9923911 ], [ 30.1828524, 59.9923441 ], [ 30.1825199, 59.9921603 ], [ 30.1824179, 59.9920772 ], [ 30.1824201, 59.9919823 ], [ 30.1823723, 59.9919766 ], [ 30.182257, 59.9919967 ], [ 30.1821068, 59.9920383 ], [ 30.1819739, 59.991998 ], [ 30.1819829, 59.9919259 ], [ 30.1821046, 59.9919056 ], [ 30.1820776, 59.991607 ], [ 30.1822894, 59.9914616 ], [ 30.1823258, 59.9914282 ], [ 30.1822849, 59.9914165 ], [ 30.1821361, 59.9913421 ], [ 30.1821181, 59.9912497 ], [ 30.1821302, 59.9911562 ], [ 30.182028, 59.9910671 ], [ 30.1820066, 59.9910005 ], [ 30.1820054, 59.9907651 ], [ 30.1818747, 59.9906817 ], [ 30.1815797, 59.9905982 ], [ 30.1811197, 59.9905204 ], [ 30.1804331, 59.9904359 ], [ 30.1803285, 59.9904493 ], [ 30.1802601, 59.9904466 ], [ 30.1802427, 59.9904225 ], [ 30.1801823, 59.9903936 ], [ 30.1799168, 59.9903628 ], [ 30.1795581, 59.9903334 ], [ 30.1793824, 59.9903402 ], [ 30.1792156, 59.990401 ], [ 30.1791721, 59.9905166 ], [ 30.1792374, 59.9905258 ], [ 30.1796646, 59.9906116 ], [ 30.1800587, 59.9906705 ], [ 30.180684, 59.9907312 ], [ 30.1808517, 59.9907324 ], [ 30.1813609, 59.9908248 ], [ 30.1813745, 59.9908947 ], [ 30.1814151, 59.9909309 ], [ 30.1814368, 59.9909716 ], [ 30.1814707, 59.9910146 ], [ 30.181415, 59.9910863 ], [ 30.1813609, 59.9911539 ], [ 30.1812721, 59.9912189 ], [ 30.1811734, 59.9913005 ], [ 30.1811671, 59.9913951 ], [ 30.1810905, 59.9914469 ], [ 30.1809778, 59.9914717 ], [ 30.1810229, 59.9915326 ], [ 30.1812077, 59.9915168 ], [ 30.1812438, 59.9915551 ], [ 30.1811807, 59.9916363 ], [ 30.1813655, 59.9916813 ], [ 30.1813519, 59.9917557 ], [ 30.181397, 59.991785 ], [ 30.1812706, 59.9918173 ], [ 30.1812207, 59.9919292 ], [ 30.1813384, 59.9919766 ], [ 30.1811798, 59.9920172 ], [ 30.1808021, 59.9921908 ], [ 30.1806093, 59.9923018 ], [ 30.1804787, 59.9924231 ], [ 30.180544, 59.9924698 ], [ 30.1805486, 59.9927522 ], [ 30.1805669, 59.9931432 ], [ 30.1805835, 59.993222 ], [ 30.1804888, 59.9932377 ], [ 30.1801013, 59.9929163 ], [ 30.1796235, 59.9927306 ], [ 30.1793576, 59.9926751 ], [ 30.1789308, 59.9925439 ], [ 30.1785644, 59.992549 ], [ 30.1783976, 59.9924939 ], [ 30.1783075, 59.9924381 ], [ 30.1781903, 59.9923677 ], [ 30.1782534, 59.9923316 ], [ 30.1781993, 59.9922843 ], [ 30.1781001, 59.9922527 ], [ 30.1779951, 59.992155 ], [ 30.1778914, 59.9921235 ], [ 30.1776152, 59.9918371 ], [ 30.1777215, 59.9915562 ], [ 30.1784877, 59.991102 ], [ 30.1786621, 59.9909237 ], [ 30.1787585, 59.9907338 ], [ 30.1788286, 59.9905836 ], [ 30.1786937, 59.9905419 ], [ 30.1786693, 59.9904144 ], [ 30.1786163, 59.9903822 ], [ 30.1786336, 59.9903025 ], [ 30.1785353, 59.9902978 ], [ 30.1786196, 59.9899775 ], [ 30.1787379, 59.9895001 ], [ 30.1789259, 59.9891763 ], [ 30.1790401, 59.9891889 ], [ 30.1790638, 59.9891672 ], [ 30.179086, 59.9891547 ], [ 30.1791151, 59.9891483 ], [ 30.1791638, 59.9891481 ], [ 30.1802978, 59.9892658 ], [ 30.181583, 59.9894097 ], [ 30.1835793, 59.9896512 ], [ 30.1841893, 59.9896734 ], [ 30.1843028, 59.9896024 ], [ 30.1851651, 59.9890896 ], [ 30.1851629, 59.9890318 ], [ 30.1850451, 59.9890005 ], [ 30.1854413, 59.9884516 ], [ 30.1854524, 59.9882975 ], [ 30.1856343, 59.9881564 ], [ 30.1857225, 59.9879021 ], [ 30.1860167, 59.9875586 ], [ 30.1861832, 59.9871618 ], [ 30.1862941, 59.98706 ], [ 30.1863632, 59.9869883 ], [ 30.1843236, 59.9859771 ], [ 30.1855065, 59.9854029 ], [ 30.1857372, 59.9853244 ], [ 30.1860362, 59.9852634 ], [ 30.1863366, 59.9852426 ], [ 30.1867373, 59.9852526 ], [ 30.1876535, 59.9853903 ], [ 30.1877554, 59.9852616 ], [ 30.188589, 59.9841469 ], [ 30.1888657, 59.9838191 ], [ 30.1885328, 59.9836282 ], [ 30.1883304, 59.9836211 ], [ 30.1883119, 59.9836187 ], [ 30.1880881, 59.9835903 ], [ 30.1879075, 59.9835218 ], [ 30.1878199, 59.9834433 ], [ 30.1878035, 59.983368 ], [ 30.1877877, 59.9833098 ], [ 30.1878422, 59.9832418 ], [ 30.1879876, 59.983134 ], [ 30.1881452, 59.983053 ], [ 30.18822, 59.9830268 ], [ 30.1883896, 59.9829698 ], [ 30.1884502, 59.9828896 ], [ 30.188583, 59.9828395 ], [ 30.1887568, 59.9828137 ], [ 30.1889491, 59.9828039 ], [ 30.189163, 59.9828034 ], [ 30.1895311, 59.9827785 ], [ 30.1896783, 59.9827353 ], [ 30.1898741, 59.9825199 ], [ 30.1900614, 59.9823505 ], [ 30.1903758, 59.9822534 ], [ 30.1905544, 59.982238 ], [ 30.1907821, 59.9822723 ], [ 30.1911721, 59.9822113 ], [ 30.1915026, 59.9821842 ], [ 30.1921606, 59.9821521 ], [ 30.1924983, 59.9820653 ], [ 30.1927448, 59.9819364 ], [ 30.1928213, 59.9818102 ], [ 30.1927036, 59.9816211 ], [ 30.192621, 59.9813989 ], [ 30.1926392, 59.9812799 ], [ 30.1927009, 59.9811328 ], [ 30.1925219, 59.9810788 ], [ 30.1923774, 59.9809833 ], [ 30.1923409, 59.980862 ], [ 30.1923808, 59.980735 ], [ 30.1924851, 59.9806244 ], [ 30.1926704, 59.9805284 ], [ 30.1929219, 59.9805028 ], [ 30.1932137, 59.9805238 ], [ 30.193422, 59.9805893 ], [ 30.1935553, 59.9806904 ], [ 30.193579, 59.980815 ], [ 30.193524, 59.9809329 ], [ 30.1934037, 59.9810589 ], [ 30.1932487, 59.9811205 ], [ 30.1930695, 59.9811474 ], [ 30.192826, 59.9811444 ], [ 30.1928002, 59.9813912 ], [ 30.1928667, 59.9816161 ], [ 30.1929739, 59.9817552 ], [ 30.1931504, 59.981808 ], [ 30.1935157, 59.981848 ], [ 30.1938727, 59.9819563 ], [ 30.1943026, 59.9819936 ], [ 30.1947771, 59.9819918 ], [ 30.1952094, 59.9819304 ], [ 30.1955532, 59.981858 ], [ 30.1959658, 59.9817721 ], [ 30.1969239, 59.9815456 ], [ 30.1982289, 59.9812509 ], [ 30.1989698, 59.9810631 ], [ 30.1996257, 59.9808784 ], [ 30.2005872, 59.9805791 ], [ 30.2013995, 59.9802998 ], [ 30.201754, 59.9801779 ], [ 30.2022375, 59.9799846 ], [ 30.2026336, 59.9798416 ], [ 30.20323, 59.9796652 ], [ 30.2036575, 59.9796047 ], [ 30.2039671, 59.9794818 ], [ 30.2040815, 59.9794179 ], [ 30.2041222, 59.9793627 ], [ 30.2041431, 59.9793177 ], [ 30.2040709, 59.9792105 ], [ 30.2039832, 59.9791853 ], [ 30.203815, 59.9791692 ], [ 30.2035976, 59.9791195 ], [ 30.2033739, 59.978991 ], [ 30.2032848, 59.9788946 ], [ 30.2032821, 59.9787828 ], [ 30.2033837, 59.978675 ], [ 30.2035342, 59.978587 ], [ 30.2037206, 59.9785321 ], [ 30.2039961, 59.978509 ], [ 30.2042866, 59.9785435 ], [ 30.2045357, 59.9786582 ], [ 30.2046307, 59.9788092 ], [ 30.2046241, 59.9789597 ], [ 30.2044878, 59.9790861 ], [ 30.2043648, 59.9791268 ] ] ] ] } },
{ "type": "Feature", "properties": { "full_id": "r1198683", "osm_id": "1198683", "osm_type": "relation", "boundary": "administrative", "wikimedia_commons": null, "start_date": null, "sqkm": null, "short_name:uk": null, "short_name:ru": null, "short_name:be": null, "short_name": null, "name:ru:word_stress": null, "oktmo": "40324000", "contact:website": null, "contact:vk": null, "contact:instagram": null, "okato:user": null, "loc_name": null, "old_name:de": null, "oktmo:user": "40324000", "old_name:uk": null, "old_name": null, "name:etymology:wikidata": null, "alt_name": null, "official_name": "муниципальный округ Комендантский аэродром", "addr:postcode": null, "url": "http://www.gov.spb.ru/law?d&nd=8414528&nh=0&header=010000003J01#I0", "place": null, "addr:region": "Санкт-Петербург", "old_name:vi": null, "old_name:os": null, "old_name:mk": null, "old_name:ku": null, "old_name:hr": null, "old_name:fr": null, "old_name:eo": null, "old_name:en": null, "old_name:ar": null, "old_name:1924-01-26--1991-09-06": null, "old_name:1914-08-31--1924-01-26": null, "old_alt_name:vi": null, "name:tzl": null, "name:sl": null, "name:pt": null, "name:os": null, "name:nb": null, "name:mk": null, "name:lb": null, "name:ku": null, "name:ko": null, "name:gl": null, "name:fy": null, "name:eo": null, "name:da": null, "name:bg": null, "name:ast": null, "name:ar": null, "name:ab": null, "int_name": null, "alt_name:vi": null, "alt_name:mk": null, "wikipedia": "ru:Комендантский аэродром (муниципальный округ)", "wikidata": "Q4229524", "website": "http://www.aerodrom67.spb.ru", "type": "boundary", "timezone": null, "ref": null, "population:date": null, "population": null, "official_status": "ru:внутригородская территория города федерального значения", "name:zh-Hant": null, "name:zh-Hans": null, "name:zh": null, "name:vi": null, "name:uk": "Округ Комендантський аеродром", "name:tt": null, "name:tk": null, "name:sv": null, "name:sr": null, "name:sk": null, "name:ru": null, "name:ro": null, "name:pl": null, "name:nl": null, "name:mhr": null, "name:lv": null, "name:lt": null, "name:kv": null, "name:kbd": null, "name:ja": null, "name:it": null, "name:hu": null, "name:hr": null, "name:fr": null, "name:fi": null, "name:et": null, "name:es": null, "name:en": null, "name:el": null, "name:de": null, "name:cu": null, "name:cs": null, "name:ce": null, "name:ca": null, "name:be-tarask": null, "name:be": null, "name:af": null, "name": "округ Комендантский аэродром", "is_in:country_code": null, "is_in:country": null, "int_ref": null, "gost_7.67-2003": null, "admin_level": "8", "addr:country": "RU", "ISO3166-2": null }, "geometry": { "type": "MultiPolygon", "coordinates": [ [ [ [ 30.3159604, 60.0123923 ], [ 30.3163863, 60.011617 ], [ 30.3183019, 60.0081768 ], [ 30.318258, 60.0080976 ], [ 30.3184791, 60.007732 ], [ 30.3189797, 60.0068814 ], [ 30.3196606, 60.0055878 ], [ 30.3197021, 60.0054626 ], [ 30.3202912, 60.0043356 ], [ 30.3205216, 60.0039102 ], [ 30.3205784, 60.0038746 ], [ 30.3210081, 60.0030697 ], [ 30.321041, 60.003008 ], [ 30.3212649, 60.0025688 ], [ 30.3216663, 60.0016703 ], [ 30.3217646, 60.0015032 ], [ 30.3211366, 60.0016861 ], [ 30.3205988, 60.0018194 ], [ 30.3200907, 60.001902 ], [ 30.3195614, 60.0019507 ], [ 30.3190448, 60.0019846 ], [ 30.3184308, 60.0019952 ], [ 30.317838, 60.0019592 ], [ 30.3173087, 60.0019063 ], [ 30.3167709, 60.0018216 ], [ 30.3162204, 60.0017221 ], [ 30.3157504, 60.0015908 ], [ 30.3152465, 60.0014151 ], [ 30.3144038, 60.0009747 ], [ 30.3139169, 60.000672 ], [ 30.3120305, 59.9993538 ], [ 30.3091815, 59.9978263 ], [ 30.303108, 59.9945965 ], [ 30.3006277, 59.9932775 ], [ 30.3002252, 59.9931144 ], [ 30.2999348, 59.9929967 ], [ 30.2998449, 59.9929661 ], [ 30.2997468, 59.9929335 ], [ 30.2962233, 59.9917493 ], [ 30.289364, 59.9900847 ], [ 30.2882653, 59.9897603 ], [ 30.2880128, 59.9896742 ], [ 30.2858938, 59.9900636 ], [ 30.284192, 59.9904078 ], [ 30.2835367, 59.9904668 ], [ 30.2831407, 59.9906153 ], [ 30.2825185, 59.9907591 ], [ 30.2808826, 59.9914334 ], [ 30.2800105, 59.991839 ], [ 30.2790771, 59.992452 ], [ 30.2784223, 59.9931684 ], [ 30.2784781, 59.9936133 ], [ 30.2785286, 59.993706 ], [ 30.2785745, 59.9937844 ], [ 30.2784564, 59.9938244 ], [ 30.2783616, 59.9939364 ], [ 30.2781644, 59.994285 ], [ 30.2779707, 59.9947246 ], [ 30.2773655, 59.9963041 ], [ 30.2773221, 59.9964173 ], [ 30.2771364, 59.9967969 ], [ 30.2767721, 59.9978371 ], [ 30.2767186, 59.9979898 ], [ 30.2766907, 59.9980692 ], [ 30.2766057, 59.9983119 ], [ 30.2765868, 59.998366 ], [ 30.2765639, 59.9984315 ], [ 30.2764715, 59.9986472 ], [ 30.2764222, 59.9987823 ], [ 30.2764047, 59.9988259 ], [ 30.2758815, 60.0001929 ], [ 30.2757471, 60.0005436 ], [ 30.2756684, 60.0007489 ], [ 30.2756155, 60.0008869 ], [ 30.2754762, 60.0012501 ], [ 30.2754312, 60.0013675 ], [ 30.2753269, 60.0016396 ], [ 30.27517, 60.0020489 ], [ 30.2751408, 60.002125 ], [ 30.2749972, 60.0024996 ], [ 30.2749563, 60.0026063 ], [ 30.2748426, 60.0029029 ], [ 30.2747753, 60.0030785 ], [ 30.2747025, 60.0032636 ], [ 30.2744449, 60.0039227 ], [ 30.2744314, 60.0039947 ], [ 30.2744204, 60.0040959 ], [ 30.274453, 60.0042005 ], [ 30.2745373, 60.0043556 ], [ 30.2747163, 60.0046984 ], [ 30.2750529, 60.0053428 ], [ 30.2752303, 60.005691 ], [ 30.2753063, 60.0058374 ], [ 30.2753591, 60.0059358 ], [ 30.2753725, 60.0059609 ], [ 30.2753802, 60.0059754 ], [ 30.2754126, 60.006036 ], [ 30.2754777, 60.0061621 ], [ 30.2756083, 60.0064149 ], [ 30.2756692, 60.0065329 ], [ 30.2757266, 60.0066444 ], [ 30.2757705, 60.0067292 ], [ 30.2758143, 60.0068141 ], [ 30.2758362, 60.0068566 ], [ 30.2762774, 60.0077105 ], [ 30.276324, 60.0078008 ], [ 30.276605, 60.0083449 ], [ 30.276656, 60.0084436 ], [ 30.2775812, 60.0102416 ], [ 30.2777605, 60.0105821 ], [ 30.2778195, 60.0106965 ], [ 30.2778944, 60.0108415 ], [ 30.2779306, 60.0109115 ], [ 30.277972, 60.0109917 ], [ 30.278017, 60.0110788 ], [ 30.2780293, 60.0111025 ], [ 30.2781481, 60.0113321 ], [ 30.2781684, 60.0113712 ], [ 30.2781861, 60.0114055 ], [ 30.2782774, 60.0115839 ], [ 30.2783152, 60.0116558 ], [ 30.2784004, 60.0118246 ], [ 30.278638, 60.012289 ], [ 30.2788415, 60.0126867 ], [ 30.2788908, 60.0127807 ], [ 30.2791219, 60.0132223 ], [ 30.2791505, 60.0132747 ], [ 30.2792184, 60.0134009 ], [ 30.2792845, 60.0135205 ], [ 30.279373, 60.0136912 ], [ 30.2800657, 60.0150276 ], [ 30.2801157, 60.0151254 ], [ 30.2804062, 60.0156843 ], [ 30.2804266, 60.0157237 ], [ 30.2804838, 60.0158341 ], [ 30.2805651, 60.0159909 ], [ 30.2809113, 60.0166588 ], [ 30.280941, 60.0167147 ], [ 30.2810292, 60.0168806 ], [ 30.281064, 60.0169541 ], [ 30.2924933, 60.0154649 ], [ 30.2932219, 60.0153663 ], [ 30.2934401, 60.0153366 ], [ 30.2938093, 60.0152832 ], [ 30.2941372, 60.0152307 ], [ 30.2945706, 60.0151478 ], [ 30.2960114, 60.014716 ], [ 30.2961589, 60.0146728 ], [ 30.2963215, 60.0146388 ], [ 30.2965264, 60.0146145 ], [ 30.2967225, 60.0145997 ], [ 30.2968963, 60.0145991 ], [ 30.2970733, 60.0146041 ], [ 30.2972125, 60.0146111 ], [ 30.297441, 60.0146578 ], [ 30.2975847, 60.0147158 ], [ 30.2978012, 60.0148819 ], [ 30.2978518, 60.0149203 ], [ 30.2982226, 60.0152276 ], [ 30.2983777, 60.0153527 ], [ 30.2986434, 60.0155748 ], [ 30.2987064, 60.015604 ], [ 30.2987643, 60.0156191 ], [ 30.2988408, 60.0156262 ], [ 30.2989306, 60.0156233 ], [ 30.2990041, 60.0156056 ], [ 30.2990781, 60.0155702 ], [ 30.2995473, 60.0152938 ], [ 30.3005331, 60.0147012 ], [ 30.300819, 60.0145342 ], [ 30.3008935, 60.0144998 ], [ 30.3009885, 60.0144704 ], [ 30.301091, 60.0144484 ], [ 30.3011911, 60.0144373 ], [ 30.3012961, 60.0144312 ], [ 30.3014081, 60.0144383 ], [ 30.3015109, 60.0144575 ], [ 30.3016149, 60.0144874 ], [ 30.3026401, 60.0148609 ], [ 30.3036084, 60.0152137 ], [ 30.3036843, 60.0152409 ], [ 30.3040405, 60.0153681 ], [ 30.3040723, 60.0153797 ], [ 30.30417, 60.0154152 ], [ 30.3042253, 60.0154348 ], [ 30.3049009, 60.0156744 ], [ 30.3052231, 60.0157727 ], [ 30.3054147, 60.0158067 ], [ 30.3058939, 60.0158683 ], [ 30.3061147, 60.0158917 ], [ 30.3064877, 60.0159311 ], [ 30.3077478, 60.0160642 ], [ 30.3080681, 60.0161009 ], [ 30.3098757, 60.0162993 ], [ 30.3101816, 60.0163329 ], [ 30.3103569, 60.0163523 ], [ 30.3107487, 60.016396 ], [ 30.3108858, 60.0164113 ], [ 30.311087, 60.0164337 ], [ 30.3111776, 60.0164438 ], [ 30.3112606, 60.0164519 ], [ 30.3118969, 60.0165224 ], [ 30.3120497, 60.0165462 ], [ 30.3121644, 60.0165741 ], [ 30.3122447, 60.0166126 ], [ 30.3122967, 60.0164847 ], [ 30.3123344, 60.0163897 ], [ 30.3123648, 60.0163279 ], [ 30.3125013, 60.0160183 ], [ 30.3125515, 60.0159082 ], [ 30.3128562, 60.015246 ], [ 30.3130311, 60.0148567 ], [ 30.3130983, 60.0147141 ], [ 30.3131434, 60.0145973 ], [ 30.3133239, 60.0141304 ], [ 30.3135173, 60.0136581 ], [ 30.3136489, 60.0133291 ], [ 30.3136603, 60.0132593 ], [ 30.3136105, 60.0131132 ], [ 30.3137255, 60.0130732 ], [ 30.3142258, 60.0129158 ], [ 30.3157374, 60.0124507 ], [ 30.3159604, 60.0123923 ] ] ] ] } },
{ "type": "Feature", "properties": { "full_id": "r1201772", "osm_id": "1201772", "osm_type": "relation", "boundary": "administrative", "wikimedia_commons": null, "start_date": null, "sqkm": null, "short_name:uk": null, "short_name:ru": null, "short_name:be": null, "short_name": null, "name:ru:word_stress": null, "oktmo": "40323000", "contact:website": null, "contact:vk": null, "contact:instagram": null, "okato:user": null, "loc_name": null, "old_name:de": null, "oktmo:user": "40323000", "old_name:uk": null, "old_name": "округ Чёрная речка", "name:etymology:wikidata": null, "alt_name": null, "official_name": "муниципальный округ Ланское", "addr:postcode": null, "url": null, "place": null, "addr:region": "Санкт-Петербург", "old_name:vi": null, "old_name:os": null, "old_name:mk": null, "old_name:ku": null, "old_name:hr": null, "old_name:fr": null, "old_name:eo": null, "old_name:en": null, "old_name:ar": null, "old_name:1924-01-26--1991-09-06": null, "old_name:1914-08-31--1924-01-26": null, "old_alt_name:vi": null, "name:tzl": null, "name:sl": null, "name:pt": null, "name:os": null, "name:nb": null, "name:mk": null, "name:lb": null, "name:ku": null, "name:ko": null, "name:gl": null, "name:fy": null, "name:eo": null, "name:da": null, "name:bg": null, "name:ast": null, "name:ar": null, "name:ab": null, "int_name": null, "alt_name:vi": null, "alt_name:mk": null, "wikipedia": "ru:Ланское", "wikidata": "Q4518678", "website": "http://округчернаяречка.рф", "type": "boundary", "timezone": null, "ref": "66", "population:date": null, "population": null, "official_status": "ru:внутригородская территория города федерального значения", "name:zh-Hant": null, "name:zh-Hans": null, "name:zh": null, "name:vi": null, "name:uk": "Округ Ланський", "name:tt": null, "name:tk": null, "name:sv": null, "name:sr": null, "name:sk": null, "name:ru": null, "name:ro": null, "name:pl": null, "name:nl": null, "name:mhr": null, "name:lv": null, "name:lt": null, "name:kv": null, "name:kbd": null, "name:ja": null, "name:it": null, "name:hu": null, "name:hr": null, "name:fr": null, "name:fi": null, "name:et": null, "name:es": null, "name:en": null, "name:el": null, "name:de": null, "name:cu": null, "name:cs": null, "name:ce": null, "name:ca": null, "name:be-tarask": null, "name:be": null, "name:af": null, "name": "округ Ланское", "is_in:country_code": null, "is_in:country": null, "int_ref": null, "gost_7.67-2003": null, "admin_level": "8", "addr:country": "RU", "ISO3166-2": null }, "geometry": { "type": "MultiPolygon", "coordinates": [ [ [ [ 30.2565069, 59.983054 ], [ 30.2565108, 59.983137 ], [ 30.2564986, 59.983742 ], [ 30.2564932, 59.9840185 ], [ 30.2564935, 59.9840398 ], [ 30.2564932, 59.9841345 ], [ 30.2564935, 59.9841536 ], [ 30.2564739, 59.9852372 ], [ 30.2564217, 59.9861315 ], [ 30.2563853, 59.9866216 ], [ 30.2563284, 59.9871175 ], [ 30.2562618, 59.9876987 ], [ 30.2561819, 59.9882761 ], [ 30.2562928, 59.9882847 ], [ 30.2572092, 59.988343 ], [ 30.2589903, 59.9883914 ], [ 30.2615076, 59.9883213 ], [ 30.2636057, 59.9882331 ], [ 30.2656883, 59.9880946 ], [ 30.2674201, 59.9879056 ], [ 30.269462, 59.9876817 ], [ 30.2710907, 59.9875956 ], [ 30.2730918, 59.9875106 ], [ 30.2758924, 59.9874213 ], [ 30.2777053, 59.9874016 ], [ 30.2792935, 59.9875491 ], [ 30.2809635, 59.9879029 ], [ 30.2863918, 59.9891331 ], [ 30.2880128, 59.9896742 ], [ 30.2882653, 59.9897603 ], [ 30.289364, 59.9900847 ], [ 30.2962233, 59.9917493 ], [ 30.2997468, 59.9929335 ], [ 30.2998449, 59.9929661 ], [ 30.2999348, 59.9929967 ], [ 30.3002252, 59.9931144 ], [ 30.3006277, 59.9932775 ], [ 30.303108, 59.9945965 ], [ 30.3091815, 59.9978263 ], [ 30.3120305, 59.9993538 ], [ 30.3139169, 60.000672 ], [ 30.3144038, 60.0009747 ], [ 30.3152465, 60.0014151 ], [ 30.3157504, 60.0015908 ], [ 30.3162204, 60.0017221 ], [ 30.3167709, 60.0018216 ], [ 30.3173087, 60.0019063 ], [ 30.317838, 60.0019592 ], [ 30.3184308, 60.0019952 ], [ 30.3190448, 60.0019846 ], [ 30.3195614, 60.0019507 ], [ 30.3200907, 60.001902 ], [ 30.3205988, 60.0018194 ], [ 30.3211366, 60.0016861 ], [ 30.3217646, 60.0015032 ], [ 30.3219421, 60.0012227 ], [ 30.3221596, 60.0011677 ], [ 30.3222218, 60.0010438 ], [ 30.322566, 60.0003574 ], [ 30.3229739, 59.9996483 ], [ 30.3235477, 59.9986475 ], [ 30.3232649, 59.9985547 ], [ 30.3231623, 59.9985188 ], [ 30.3234426, 59.9982284 ], [ 30.3236707, 59.998022 ], [ 30.3243697, 59.9972511 ], [ 30.3246753, 59.9970195 ], [ 30.3246067, 59.9969637 ], [ 30.3246195, 59.9969057 ], [ 30.3258488, 59.99582 ], [ 30.3256506, 59.9957509 ], [ 30.3244535, 59.9954123 ], [ 30.3245354, 59.9953452 ], [ 30.325218, 59.9947793 ], [ 30.326381, 59.9951436 ], [ 30.326655, 59.9948515 ], [ 30.3270267, 59.9944742 ], [ 30.3271854, 59.99452 ], [ 30.3272011, 59.9945096 ], [ 30.32732, 59.9944304 ], [ 30.3276073, 59.9945384 ], [ 30.3277169, 59.9945325 ], [ 30.327817, 59.9945272 ], [ 30.3281286, 59.9943856 ], [ 30.3282452, 59.9943491 ], [ 30.3284834, 59.9942217 ], [ 30.3281196, 59.9941261 ], [ 30.3263572, 59.9936913 ], [ 30.3263993, 59.9936588 ], [ 30.3265957, 59.9934889 ], [ 30.3269112, 59.9931616 ], [ 30.3269369, 59.9931352 ], [ 30.3269728, 59.9930982 ], [ 30.3270177, 59.9930487 ], [ 30.327031, 59.9930341 ], [ 30.3270858, 59.9929692 ], [ 30.3271373, 59.9929036 ], [ 30.3271853, 59.9928374 ], [ 30.3272298, 59.9927705 ], [ 30.3272708, 59.9927032 ], [ 30.3272812, 59.9926843 ], [ 30.3273082, 59.9926352 ], [ 30.3273421, 59.9925669 ], [ 30.3275871, 59.9920437 ], [ 30.3276632, 59.9918905 ], [ 30.3278344, 59.9915271 ], [ 30.3279978, 59.9911803 ], [ 30.3280198, 59.9911335 ], [ 30.3284203, 59.9902833 ], [ 30.3285065, 59.9901002 ], [ 30.3285631, 59.9899908 ], [ 30.3286168, 59.9898749 ], [ 30.3288124, 59.9894535 ], [ 30.3290306, 59.9889835 ], [ 30.3290935, 59.988848 ], [ 30.3291752, 59.9886719 ], [ 30.3292353, 59.9885424 ], [ 30.3292846, 59.9884362 ], [ 30.3295166, 59.9879363 ], [ 30.329949, 59.9870047 ], [ 30.330131, 59.986611 ], [ 30.3301465, 59.9865792 ], [ 30.330777, 59.9852073 ], [ 30.3307792, 59.9851096 ], [ 30.3307304, 59.9850094 ], [ 30.330709, 59.9849838 ], [ 30.330318, 59.9850671 ], [ 30.3302964, 59.9850413 ], [ 30.3302551, 59.9849851 ], [ 30.3301918, 59.9848992 ], [ 30.3301455, 59.9848363 ], [ 30.3296123, 59.984183 ], [ 30.3298608, 59.9835159 ], [ 30.3307264, 59.9830341 ], [ 30.3309025, 59.9829237 ], [ 30.331085, 59.9828094 ], [ 30.3311513, 59.9827723 ], [ 30.3241104, 59.9796575 ], [ 30.323785, 59.9794956 ], [ 30.3236132, 59.9794106 ], [ 30.321754, 59.9784684 ], [ 30.3202157, 59.9791124 ], [ 30.3147635, 59.9799009 ], [ 30.3134658, 59.9801304 ], [ 30.3062975, 59.981398 ], [ 30.2995086, 59.9825515 ], [ 30.293761, 59.9826922 ], [ 30.29035, 59.9827757 ], [ 30.2837319, 59.9823485 ], [ 30.2773486, 59.9815368 ], [ 30.2732069, 59.9813446 ], [ 30.2685743, 59.9819 ], [ 30.2664821, 59.9823165 ], [ 30.2641337, 59.9825408 ], [ 30.2605472, 59.9825728 ], [ 30.2564466, 59.9824793 ], [ 30.2565069, 59.983054 ] ] ] ] } },
{ "type": "Feature", "properties": { "full_id": "r1205244", "osm_id": "1205244", "osm_type": "relation", "boundary": "administrative", "wikimedia_commons": null, "start_date": null, "sqkm": null, "short_name:uk": null, "short_name:ru": null, "short_name:be": null, "short_name": null, "name:ru:word_stress": null, "oktmo": null, "contact:website": null, "contact:vk": null, "contact:instagram": null, "okato:user": null, "loc_name": null, "old_name:de": null, "oktmo:user": null, "old_name:uk": null, "old_name": null, "name:etymology:wikidata": null, "alt_name": null, "official_name": null, "addr:postcode": null, "url": "http://www.gov.spb.ru/law?d&nd=8414528&nh=0&header=010000003R01#I0", "place": "village", "addr:region": "Санкт-Петербург", "old_name:vi": null, "old_name:os": null, "old_name:mk": null, "old_name:ku": null, "old_name:hr": null, "old_name:fr": null, "old_name:eo": null, "old_name:en": null, "old_name:ar": null, "old_name:1924-01-26--1991-09-06": null, "old_name:1914-08-31--1924-01-26": null, "old_alt_name:vi": null, "name:tzl": null, "name:sl": null, "name:pt": null, "name:os": null, "name:nb": null, "name:mk": null, "name:lb": null, "name:ku": null, "name:ko": null, "name:gl": null, "name:fy": null, "name:eo": null, "name:da": null, "name:bg": null, "name:ast": null, "name:ar": null, "name:ab": null, "int_name": null, "alt_name:vi": null, "alt_name:mk": null, "wikipedia": "ru:Лисий Нос", "wikidata": "Q1266569", "website": null, "type": "boundary", "timezone": null, "ref": null, "population:date": null, "population": null, "official_status": "ru:посёлок", "name:zh-Hant": null, "name:zh-Hans": null, "name:zh": null, "name:vi": null, "name:uk": null, "name:tt": null, "name:tk": null, "name:sv": null, "name:sr": null, "name:sk": null, "name:ru": "Лисий Нос", "name:ro": null, "name:pl": null, "name:nl": null, "name:mhr": null, "name:lv": null, "name:lt": null, "name:kv": null, "name:kbd": null, "name:ja": null, "name:it": null, "name:hu": null, "name:hr": null, "name:fr": null, "name:fi": "Revonnenä", "name:et": null, "name:es": null, "name:en": "Lisy Nos", "name:el": null, "name:de": null, "name:cu": null, "name:cs": null, "name:ce": null, "name:ca": "Lisij Nos", "name:be-tarask": null, "name:be": null, "name:af": null, "name": "Лисий Нос", "is_in:country_code": null, "is_in:country": null, "int_ref": null, "gost_7.67-2003": null, "admin_level": "8", "addr:country": "RU", "ISO3166-2": null }, "geometry": { "type": "MultiPolygon", "coordinates": [ [ [ [ 29.9866777, 60.0328901 ], [ 29.9852261, 60.0334555 ], [ 29.984554, 60.0336362 ], [ 29.9816869, 60.0347613 ], [ 29.9800625, 60.0356583 ], [ 29.9785469, 60.0369655 ], [ 29.9781829, 60.0373922 ], [ 29.9780402, 60.0376986 ], [ 29.9771452, 60.0402951 ], [ 29.9769653, 60.0402779 ], [ 29.9757226, 60.0434808 ], [ 29.9755614, 60.0440278 ], [ 29.9754819, 60.0440233 ], [ 29.9754764, 60.0440386 ], [ 29.9753594, 60.0440287 ], [ 29.975179, 60.0440152 ], [ 29.9748526, 60.0439987 ], [ 29.9747258, 60.0439976 ], [ 29.974564, 60.0439796 ], [ 29.9726615, 60.0435363 ], [ 29.9724386, 60.0435135 ], [ 29.9723117, 60.0434812 ], [ 29.9721769, 60.0434124 ], [ 29.9720384, 60.0433957 ], [ 29.9719061, 60.0433797 ], [ 29.9718606, 60.0433742 ], [ 29.971391, 60.0433778 ], [ 29.9709247, 60.0433509 ], [ 29.9702281, 60.0435183 ], [ 29.9700453, 60.0436089 ], [ 29.9696168, 60.0438975 ], [ 29.9690954, 60.044034 ], [ 29.9684167, 60.0439416 ], [ 29.9683548, 60.0440205 ], [ 29.9680035, 60.0440299 ], [ 29.9676735, 60.0442013 ], [ 29.9674461, 60.0442218 ], [ 29.9674507, 60.0441052 ], [ 29.9673636, 60.0440851 ], [ 29.9670979, 60.0442201 ], [ 29.9668398, 60.0443413 ], [ 29.9666919, 60.0443875 ], [ 29.9667401, 60.0444933 ], [ 29.9665846, 60.0445522 ], [ 29.9665825, 60.0447794 ], [ 29.9662246, 60.0447186 ], [ 29.96597, 60.044786 ], [ 29.9657559, 60.0447847 ], [ 29.9656102, 60.0448126 ], [ 29.9654858, 60.0448114 ], [ 29.9654856, 60.0445341 ], [ 29.9654851, 60.0438842 ], [ 29.9654843, 60.0434794 ], [ 29.9652568, 60.0430031 ], [ 29.9651117, 60.0428392 ], [ 29.9649545, 60.0426617 ], [ 29.9645687, 60.0424028 ], [ 29.96286, 60.04118 ], [ 29.961627, 60.0401716 ], [ 29.9600618, 60.0390763 ], [ 29.9586385, 60.0380265 ], [ 29.9575931, 60.0379975 ], [ 29.957112, 60.0379842 ], [ 29.9556264, 60.0378565 ], [ 29.9555683, 60.0378713 ], [ 29.9553186, 60.0378518 ], [ 29.9552858, 60.0378404 ], [ 29.9552652, 60.0378207 ], [ 29.955277, 60.0374613 ], [ 29.9553518, 60.0372652 ], [ 29.9554003, 60.0371379 ], [ 29.9554277, 60.0370662 ], [ 29.9554318, 60.0370554 ], [ 29.9566675, 60.0351978 ], [ 29.9567395, 60.035137 ], [ 29.9568173, 60.0351049 ], [ 29.9569233, 60.0350828 ], [ 29.9570416, 60.0350762 ], [ 29.9572036, 60.0350915 ], [ 29.9638408, 60.0356769 ], [ 29.9664184, 60.0296909 ], [ 29.9665023, 60.0294176 ], [ 29.9666905, 60.0288047 ], [ 29.9662077, 60.0286684 ], [ 29.9661005, 60.0286215 ], [ 29.9660549, 60.0285693 ], [ 29.9659395, 60.0285304 ], [ 29.9657893, 60.0285076 ], [ 29.965674, 60.028513 ], [ 29.9656123, 60.0284996 ], [ 29.9656016, 60.0284206 ], [ 29.9656284, 60.0283737 ], [ 29.9656874, 60.0283268 ], [ 29.9657786, 60.0283013 ], [ 29.9658751, 60.0283022 ], [ 29.9662453, 60.0283777 ], [ 29.9664491, 60.0284675 ], [ 29.9665457, 60.028517 ], [ 29.9666503, 60.0285465 ], [ 29.9667174, 60.0285559 ], [ 29.9668327, 60.0285583 ], [ 29.9670728, 60.0279797 ], [ 29.9667992, 60.0279073 ], [ 29.9667576, 60.0278745 ], [ 29.966822, 60.0277465 ], [ 29.9668716, 60.0276668 ], [ 29.9668904, 60.0275958 ], [ 29.9668367, 60.0275415 ], [ 29.9668448, 60.0275134 ], [ 29.9669051, 60.0274839 ], [ 29.9669802, 60.0274578 ], [ 29.9670124, 60.0274296 ], [ 29.9670352, 60.0273774 ], [ 29.9670714, 60.0273037 ], [ 29.9673209, 60.0272836 ], [ 29.9673691, 60.0272729 ], [ 29.9680746, 60.0256106 ], [ 29.9679096, 60.0255033 ], [ 29.9677286, 60.025492 ], [ 29.9675435, 60.0254873 ], [ 29.9673342, 60.0254828 ], [ 29.9671948, 60.0254625 ], [ 29.9670634, 60.0254183 ], [ 29.9668273, 60.0253084 ], [ 29.9665135, 60.025234 ], [ 29.9663767, 60.0251891 ], [ 29.9664035, 60.025163 ], [ 29.9664223, 60.0251415 ], [ 29.9663955, 60.0251181 ], [ 29.9661447, 60.0251147 ], [ 29.9660066, 60.0251321 ], [ 29.9659087, 60.025106 ], [ 29.9657343, 60.0250852 ], [ 29.9655814, 60.025106 ], [ 29.9654138, 60.0250893 ], [ 29.9652663, 60.0250893 ], [ 29.9651067, 60.0251013 ], [ 29.9650048, 60.0250812 ], [ 29.964923, 60.0250202 ], [ 29.9648733, 60.0249707 ], [ 29.9647929, 60.0249365 ], [ 29.9647285, 60.0249285 ], [ 29.9645542, 60.0248996 ], [ 29.9641451, 60.0248708 ], [ 29.962965, 60.0247676 ], [ 29.9624982, 60.0246832 ], [ 29.9622582, 60.0246691 ], [ 29.9621871, 60.0246712 ], [ 29.9621214, 60.0246966 ], [ 29.9618921, 60.0249084 ], [ 29.9616989, 60.0251388 ], [ 29.961597, 60.0254122 ], [ 29.9615836, 60.0255757 ], [ 29.9615461, 60.0256749 ], [ 29.9614871, 60.025959 ], [ 29.9611062, 60.0269251 ], [ 29.9610981, 60.0270109 ], [ 29.9611384, 60.0271529 ], [ 29.9611384, 60.0272226 ], [ 29.9610633, 60.0272628 ], [ 29.9609922, 60.027291 ], [ 29.9609721, 60.0273171 ], [ 29.9610123, 60.0273446 ], [ 29.961078, 60.0273432 ], [ 29.9611451, 60.0273164 ], [ 29.9612363, 60.0273084 ], [ 29.9613315, 60.0273291 ], [ 29.9614616, 60.0274089 ], [ 29.961538, 60.0274544 ], [ 29.961542, 60.0275027 ], [ 29.9614897, 60.0275509 ], [ 29.9614991, 60.0275965 ], [ 29.9616896, 60.0276487 ], [ 29.962226, 60.0277908 ], [ 29.9622716, 60.0278095 ], [ 29.9622649, 60.0278283 ], [ 29.9622528, 60.0278397 ], [ 29.9621469, 60.0278457 ], [ 29.9620181, 60.0278497 ], [ 29.9617794, 60.0278323 ], [ 29.9615487, 60.0278444 ], [ 29.9613154, 60.0278162 ], [ 29.9610364, 60.0278042 ], [ 29.9609157, 60.027831 ], [ 29.9601888, 60.028806 ], [ 29.9585355, 60.0324808 ], [ 29.9587289, 60.0325595 ], [ 29.9586653, 60.0328684 ], [ 29.9590155, 60.0329962 ], [ 29.9602335, 60.0330713 ], [ 29.961165, 60.0330641 ], [ 29.962171, 60.0330873 ], [ 29.962627, 60.033027 ], [ 29.9631634, 60.0330873 ], [ 29.9634799, 60.033094 ], [ 29.9635255, 60.0331141 ], [ 29.9635175, 60.0332909 ], [ 29.9631688, 60.0334865 ], [ 29.9629998, 60.0334637 ], [ 29.9629381, 60.0334155 ], [ 29.9627477, 60.0333713 ], [ 29.9621978, 60.033315 ], [ 29.961243, 60.0332789 ], [ 29.9601299, 60.0332373 ], [ 29.9597087, 60.0332601 ], [ 29.9593118, 60.03324 ], [ 29.9588987, 60.0332146 ], [ 29.9584347, 60.0332561 ], [ 29.9582189, 60.0333725 ], [ 29.9581316, 60.0334008 ], [ 29.9578768, 60.0333954 ], [ 29.957689, 60.0333418 ], [ 29.9576524, 60.0332782 ], [ 29.9577296, 60.0327294 ], [ 29.9578326, 60.0325108 ], [ 29.9584249, 60.0313618 ], [ 29.9588454, 60.0302041 ], [ 29.9591373, 60.0294366 ], [ 29.9599956, 60.0276229 ], [ 29.9603, 60.02689 ], [ 29.9608281, 60.0260063 ], [ 29.9613002, 60.0248313 ], [ 29.9616178, 60.0240508 ], [ 29.96221, 60.0224726 ], [ 29.9625104, 60.021765 ], [ 29.96237, 60.02147 ], [ 29.9623866, 60.0213975 ], [ 29.9627451, 60.021308 ], [ 29.9632653, 60.0212905 ], [ 29.96388, 60.02118 ], [ 29.96386, 60.02092 ], [ 29.9632172, 60.021072 ], [ 29.962474, 60.0211376 ], [ 29.9622272, 60.0210188 ], [ 29.9626735, 60.0204183 ], [ 29.9626392, 60.0191445 ], [ 29.9626967, 60.018784 ], [ 29.9628366, 60.0186234 ], [ 29.9630769, 60.018514 ], [ 29.9636777, 60.0183167 ], [ 29.96565, 60.01819 ], [ 29.96667, 60.01817 ], [ 29.9676431, 60.0181065 ], [ 29.9678333, 60.018104 ], [ 29.9682782, 60.018098 ], [ 29.96764, 60.01751 ], [ 29.96663, 60.01766 ], [ 29.96612, 60.01767 ], [ 29.96507, 60.01744 ], [ 29.96481, 60.01732 ], [ 29.96451, 60.01681 ], [ 29.96348, 60.01671 ], [ 29.9631875, 60.0165523 ], [ 29.9625008, 60.0165008 ], [ 29.9622434, 60.0160161 ], [ 29.9632304, 60.0156601 ], [ 29.9643205, 60.0154713 ], [ 29.9650329, 60.0151882 ], [ 29.9636596, 60.014815 ], [ 29.96293, 60.014622 ], [ 29.96247, 60.01404 ], [ 29.96246, 60.01379 ], [ 29.962827, 60.0136482 ], [ 29.9633677, 60.0134423 ], [ 29.9635331, 60.0132168 ], [ 29.9636031, 60.0131213 ], [ 29.9638072, 60.0128198 ], [ 29.9642444, 60.0126643 ], [ 29.9644053, 60.0125209 ], [ 29.9645421, 60.0122695 ], [ 29.9645206, 60.0122568 ], [ 29.9644925, 60.0122501 ], [ 29.9643651, 60.0122722 ], [ 29.9641934, 60.0122501 ], [ 29.9639788, 60.0121804 ], [ 29.9638984, 60.0120731 ], [ 29.9638723, 60.0119828 ], [ 29.9639949, 60.0119458 ], [ 29.9639359, 60.0118211 ], [ 29.9639395, 60.0116966 ], [ 29.9640298, 60.0116093 ], [ 29.96396, 60.0114618 ], [ 29.96396, 60.0114028 ], [ 29.9640942, 60.0113787 ], [ 29.9644294, 60.0114015 ], [ 29.9647996, 60.011376 ], [ 29.9651616, 60.0113231 ], [ 29.9654809, 60.0111655 ], [ 29.9655453, 60.0111099 ], [ 29.9655533, 60.0110301 ], [ 29.9655119, 60.010963 ], [ 29.9652901, 60.0108287 ], [ 29.9651149, 60.0107872 ], [ 29.9646469, 60.0105567 ], [ 29.9644704, 60.0105338 ], [ 29.9643242, 60.0104144 ], [ 29.9634924, 60.0100311 ], [ 29.9632225, 60.0099281 ], [ 29.963026, 60.0098614 ], [ 29.9629028, 60.0098279 ], [ 29.9626124, 60.0096499 ], [ 29.9624949, 60.0096011 ], [ 29.962482, 60.0095884 ], [ 29.9624835, 60.0095714 ], [ 29.9624714, 60.0095605 ], [ 29.9624714, 60.0095543 ], [ 29.9624775, 60.0095491 ], [ 29.9624902, 60.0095456 ], [ 29.9625324, 60.0095383 ], [ 29.9625445, 60.009532 ], [ 29.9625546, 60.0095218 ], [ 29.9625683, 60.0095136 ], [ 29.9625841, 60.0095094 ], [ 29.9626065, 60.0095074 ], [ 29.9626285, 60.0095083 ], [ 29.9626847, 60.0095325 ], [ 29.9627101, 60.009547 ], [ 29.962745, 60.009556 ], [ 29.9631406, 60.0096874 ], [ 29.9635269, 60.0098429 ], [ 29.9637227, 60.0099398 ], [ 29.9639547, 60.0100313 ], [ 29.964064, 60.0100725 ], [ 29.9641384, 60.0100856 ], [ 29.964184, 60.0101111 ], [ 29.9642216, 60.0101432 ], [ 29.9643107, 60.0101983 ], [ 29.964648, 60.0103591 ], [ 29.9649077, 60.0104692 ], [ 29.9652274, 60.0106078 ], [ 29.9655128, 60.0107236 ], [ 29.9655895, 60.0107358 ], [ 29.9657832, 60.0108337 ], [ 29.9659529, 60.0108665 ], [ 29.9661782, 60.010959 ], [ 29.9662882, 60.0109691 ], [ 29.9663633, 60.0109443 ], [ 29.9665323, 60.0108598 ], [ 29.9666691, 60.010764 ], [ 29.9667871, 60.0106594 ], [ 29.9668032, 60.0105863 ], [ 29.9669534, 60.0105595 ], [ 29.9671572, 60.0105971 ], [ 29.9673665, 60.0106359 ], [ 29.9676776, 60.0106681 ], [ 29.9683589, 60.0106923 ], [ 29.9687493, 60.0107096 ], [ 29.9689302, 60.0106896 ], [ 29.969067, 60.0106011 ], [ 29.9690926, 60.0105165 ], [ 29.9692091, 60.0103893 ], [ 29.9694188, 60.0103106 ], [ 29.9696812, 60.0103329 ], [ 29.969826, 60.0104295 ], [ 29.9699509, 60.0104307 ], [ 29.9701801, 60.0103879 ], [ 29.9707541, 60.0102458 ], [ 29.970789, 60.010152 ], [ 29.9709338, 60.0100165 ], [ 29.9711752, 60.0098785 ], [ 29.9711832, 60.0097685 ], [ 29.9711779, 60.0097203 ], [ 29.9713415, 60.0096747 ], [ 29.9715388, 60.0096628 ], [ 29.9717545, 60.0096639 ], [ 29.972055, 60.0096036 ], [ 29.9722856, 60.0095379 ], [ 29.9725431, 60.00955 ], [ 29.9727872, 60.0095835 ], [ 29.9730259, 60.0095781 ], [ 29.9737018, 60.009487 ], [ 29.9740693, 60.0093542 ], [ 29.9742731, 60.0092161 ], [ 29.9741954, 60.0091169 ], [ 29.9741567, 60.0089763 ], [ 29.9741927, 60.0088421 ], [ 29.9743617, 60.0086839 ], [ 29.9746138, 60.0086745 ], [ 29.9748632, 60.0087442 ], [ 29.9750537, 60.0087603 ], [ 29.9753863, 60.0086664 ], [ 29.9756357, 60.0086168 ], [ 29.975692, 60.0085377 ], [ 29.9760234, 60.0084809 ], [ 29.9761802, 60.0084466 ], [ 29.9762794, 60.0084412 ], [ 29.9763452, 60.00847 ], [ 29.9764793, 60.0085156 ], [ 29.9766254, 60.0085297 ], [ 29.9766898, 60.0085578 ], [ 29.9767487, 60.008573 ], [ 29.9776723, 60.0084977 ], [ 29.9777294, 60.0084264 ], [ 29.97732, 60.0083594 ], [ 29.9772545, 60.0083079 ], [ 29.9774869, 60.0082083 ], [ 29.9791447, 60.0080202 ], [ 29.9792636, 60.0080067 ], [ 29.9798386, 60.0078351 ], [ 29.9804051, 60.0079724 ], [ 29.9811948, 60.0076935 ], [ 29.982385, 60.0074082 ], [ 29.9836489, 60.0072832 ], [ 29.9843956, 60.0068348 ], [ 29.9847051, 60.0068041 ], [ 29.9850662, 60.0067683 ], [ 29.9852485, 60.0066021 ], [ 29.9870488, 60.0064825 ], [ 29.9878846, 60.0064176 ], [ 29.9885348, 60.0061038 ], [ 29.989318, 60.0058721 ], [ 29.9910432, 60.0054049 ], [ 29.9913661, 60.0052751 ], [ 29.9918672, 60.0052767 ], [ 29.9929099, 60.0049679 ], [ 29.9931395, 60.0048304 ], [ 29.9932167, 60.0047842 ], [ 29.9932437, 60.0047716 ], [ 29.9935259, 60.0046396 ], [ 29.9937253, 60.0045848 ], [ 29.9940212, 60.0045843 ], [ 29.9942725, 60.0044672 ], [ 29.9943348, 60.0043921 ], [ 29.9944628, 60.0043277 ], [ 29.99466, 60.0042032 ], [ 29.994712, 60.0041425 ], [ 29.9948025, 60.0040712 ], [ 29.9953909, 60.0038867 ], [ 29.9955904, 60.0038718 ], [ 29.9958897, 60.0037559 ], [ 29.9959095, 60.0036524 ], [ 29.9962905, 60.0035373 ], [ 29.9966006, 60.0035248 ], [ 29.9967529, 60.0035239 ], [ 29.9968449, 60.0034893 ], [ 29.997383, 60.0032528 ], [ 29.9975216, 60.0031241 ], [ 29.9977526, 60.0030851 ], [ 29.9984716, 60.0030578 ], [ 29.9987682, 60.0031294 ], [ 29.9988289, 60.0031873 ], [ 29.9992791, 60.003085 ], [ 29.9994931, 60.0031495 ], [ 29.9995728, 60.0031451 ], [ 29.9996999, 60.0031335 ], [ 29.9997833, 60.0031342 ], [ 29.9998769, 60.0031062 ], [ 30.0000348, 60.0029684 ], [ 30.0009734, 60.0027858 ], [ 30.0010305, 60.002709 ], [ 30.001477, 60.0027058 ], [ 30.0016733, 60.0025173 ], [ 30.0019843, 60.002515 ], [ 30.0023968, 60.0023977 ], [ 30.0028949, 60.0023913 ], [ 30.0035864, 60.0022286 ], [ 30.0042786, 60.0019788 ], [ 30.0050309, 60.0016891 ], [ 30.0052634, 60.0015932 ], [ 30.0052768, 60.0015396 ], [ 30.0052714, 60.0014242 ], [ 30.0053143, 60.0013478 ], [ 30.0055812, 60.0012208 ], [ 30.0058581, 60.0011056 ], [ 30.0061319, 60.0008218 ], [ 30.0062619, 60.0005483 ], [ 30.0064713, 60.0002702 ], [ 30.0064362, 60.0001687 ], [ 30.0055028, 59.9997567 ], [ 30.0051079, 59.9996544 ], [ 30.0049769, 59.9993397 ], [ 30.0051044, 59.9989359 ], [ 30.0054638, 59.9987658 ], [ 30.0058415, 59.9987149 ], [ 30.006291, 59.9985266 ], [ 30.0071472, 59.9985378 ], [ 30.0081664, 59.9989493 ], [ 30.008692, 59.9988236 ], [ 30.0106061, 59.9988064 ], [ 30.0116789, 59.9984932 ], [ 30.0115073, 59.9982786 ], [ 30.0116618, 59.9979996 ], [ 30.0121768, 59.9975704 ], [ 30.0128977, 59.9971841 ], [ 30.0122969, 59.9965489 ], [ 30.0127122, 59.9954643 ], [ 30.0113379, 59.9951611 ], [ 30.0101641, 59.9945704 ], [ 30.0098562, 59.9943252 ], [ 30.0098122, 59.9940816 ], [ 30.009765, 59.9938622 ], [ 30.0100558, 59.9936052 ], [ 30.010074, 59.9932892 ], [ 30.0102125, 59.9931543 ], [ 30.0106373, 59.993052 ], [ 30.0109087, 59.9929291 ], [ 30.0110965, 59.9927649 ], [ 30.0113883, 59.9927038 ], [ 30.011841, 59.9927467 ], [ 30.012357, 59.9927632 ], [ 30.0130461, 59.9926588 ], [ 30.0133892, 59.99278 ], [ 30.0136363, 59.9931673 ], [ 30.0139289, 59.9937645 ], [ 30.0146, 59.99391 ], [ 30.0151906, 59.9941052 ], [ 30.0158417, 59.9941453 ], [ 30.0160306, 59.9942011 ], [ 30.0164168, 59.9940295 ], [ 30.0171464, 59.994008 ], [ 30.0171034, 59.9935487 ], [ 30.01761, 59.9932 ], [ 30.0186999, 59.9931366 ], [ 30.0198758, 59.9932482 ], [ 30.0201075, 59.9934071 ], [ 30.0199616, 59.993523 ], [ 30.0189574, 59.9938148 ], [ 30.01815, 59.99358 ], [ 30.01843, 59.99382 ], [ 30.0182192, 59.9943085 ], [ 30.0166829, 59.9949609 ], [ 30.0162537, 59.9952313 ], [ 30.0166314, 59.9954673 ], [ 30.0165455, 59.9956047 ], [ 30.0151379, 59.9969352 ], [ 30.0140315, 59.9976409 ], [ 30.0139242, 59.9977683 ], [ 30.0137687, 59.9979011 ], [ 30.013133, 59.9985395 ], [ 30.0130954, 59.9986837 ], [ 30.0130874, 59.9987923 ], [ 30.0131276, 59.9989479 ], [ 30.0131799, 59.9990626 ], [ 30.0132725, 59.9992061 ], [ 30.0133422, 59.9993268 ], [ 30.0134012, 59.9994374 ], [ 30.0134186, 59.9995648 ], [ 30.0134817, 59.9997325 ], [ 30.01353, 59.9998404 ], [ 30.0136869, 60.000222 ], [ 30.0138421, 60.0002612 ], [ 30.0139041, 60.0002407 ], [ 30.0139926, 60.0002146 ], [ 30.0140704, 60.0001837 ], [ 30.0140946, 60.0001536 ], [ 30.0140718, 60.0000952 ], [ 30.0140248, 60.0000456 ], [ 30.0139765, 59.999939 ], [ 30.0138679, 59.9997506 ], [ 30.0138371, 59.9996641 ], [ 30.0137553, 59.999542 ], [ 30.0136855, 59.9994166 ], [ 30.0135313, 59.9991162 ], [ 30.0134857, 59.9989244 ], [ 30.0134736, 59.9987903 ], [ 30.0134951, 59.9987266 ], [ 30.0134777, 59.9986676 ], [ 30.0135501, 59.9984704 ], [ 30.0136185, 59.9984242 ], [ 30.01366, 59.998453 ], [ 30.0136507, 59.9985422 ], [ 30.0136332, 59.9986911 ], [ 30.0136439, 59.998789 ], [ 30.0136346, 59.9989191 ], [ 30.0136507, 59.9989687 ], [ 30.0137003, 59.9991095 ], [ 30.0138585, 59.999416 ], [ 30.0139229, 59.9995172 ], [ 30.0139698, 59.9995809 ], [ 30.0140034, 59.99966 ], [ 30.014061, 59.9998002 ], [ 30.0141201, 59.9999165 ], [ 30.0142025, 60.0000195 ], [ 30.0142439, 60.0000332 ], [ 30.0143222, 60.0000149 ], [ 30.0144816, 60.0000047 ], [ 30.0145232, 60.0000142 ], [ 30.0148086, 59.9999823 ], [ 30.015551, 59.9997595 ], [ 30.0154951, 59.9997046 ], [ 30.0159609, 59.9996197 ], [ 30.0160044, 59.9996228 ], [ 30.016081, 59.9996373 ], [ 30.0160624, 59.999598 ], [ 30.0159453, 59.999418 ], [ 30.0158809, 59.9993777 ], [ 30.0158098, 59.9993596 ], [ 30.0157428, 59.9993623 ], [ 30.0155041, 59.9993945 ], [ 30.0153029, 59.9994213 ], [ 30.0151151, 59.9994555 ], [ 30.0150213, 59.9994636 ], [ 30.0148563, 59.9994998 ], [ 30.0146484, 59.9995655 ], [ 30.0145948, 59.9995554 ], [ 30.0145036, 59.999485 ], [ 30.0144593, 59.9994441 ], [ 30.0143936, 59.9993918 ], [ 30.0143279, 59.9993824 ], [ 30.0142743, 59.9993811 ], [ 30.0142281, 59.9993361 ], [ 30.0141697, 59.9992919 ], [ 30.0141455, 59.9992248 ], [ 30.0141473, 59.9992119 ], [ 30.0140825, 59.9991779 ], [ 30.0140154, 59.9990632 ], [ 30.0139819, 59.9990049 ], [ 30.0139739, 59.998964 ], [ 30.0139685, 59.9988916 ], [ 30.0139658, 59.9988292 ], [ 30.0139524, 59.9987347 ], [ 30.013935, 59.9986649 ], [ 30.0139363, 59.9984502 ], [ 30.0139149, 59.9984215 ], [ 30.0138706, 59.9984121 ], [ 30.0138438, 59.9983638 ], [ 30.0138451, 59.9983524 ], [ 30.013829, 59.998345 ], [ 30.013825, 59.998331 ], [ 30.013833, 59.9982994 ], [ 30.0138625, 59.998288 ], [ 30.0138907, 59.9982894 ], [ 30.0139095, 59.9982525 ], [ 30.0139242, 59.998225 ], [ 30.0140047, 59.9980728 ], [ 30.0140771, 59.9979668 ], [ 30.0141455, 59.9979065 ], [ 30.0142206, 59.9978066 ], [ 30.0144285, 59.997604 ], [ 30.0145331, 59.9975276 ], [ 30.0146149, 59.997482 ], [ 30.0147074, 59.9974183 ], [ 30.0148496, 59.9973532 ], [ 30.0149126, 59.9973264 ], [ 30.0150534, 59.997258 ], [ 30.0152305, 59.9971755 ], [ 30.0153995, 59.9970837 ], [ 30.0154719, 59.9970159 ], [ 30.0155658, 59.9969354 ], [ 30.0156529, 59.996863 ], [ 30.0158192, 59.9967175 ], [ 30.0159386, 59.99657 ], [ 30.0159855, 59.9964915 ], [ 30.0160539, 59.9964177 ], [ 30.0161652, 59.996289 ], [ 30.0163664, 59.9961253 ], [ 30.01642, 59.996073 ], [ 30.016475, 59.9960321 ], [ 30.0165153, 59.9960006 ], [ 30.0165179, 59.9959765 ], [ 30.016585, 59.9959436 ], [ 30.0166494, 59.9959007 ], [ 30.0167392, 59.9958443 ], [ 30.0168545, 59.9957382 ], [ 30.0169162, 59.9956391 ], [ 30.0169685, 59.9956029 ], [ 30.0170061, 59.9955472 ], [ 30.0170302, 59.9955305 ], [ 30.0170742, 59.9954929 ], [ 30.0173293, 59.9952723 ], [ 30.0175318, 59.9951207 ], [ 30.0177477, 59.9949873 ], [ 30.0178738, 59.9949195 ], [ 30.017969, 59.9948632 ], [ 30.0180709, 59.9947881 ], [ 30.0181688, 59.9947136 ], [ 30.0182118, 59.9946982 ], [ 30.0182345, 59.9946741 ], [ 30.0183029, 59.9946405 ], [ 30.018374, 59.994607 ], [ 30.0184706, 59.9945513 ], [ 30.0187522, 59.9944085 ], [ 30.0187978, 59.9943897 ], [ 30.018885, 59.9943588 ], [ 30.0189359, 59.9943387 ], [ 30.0189815, 59.9943099 ], [ 30.0190057, 59.994279 ], [ 30.0190781, 59.9942334 ], [ 30.0191773, 59.9942039 ], [ 30.0192498, 59.9941945 ], [ 30.019231, 59.9942173 ], [ 30.0188783, 59.9943984 ], [ 30.0187522, 59.9944742 ], [ 30.0185873, 59.9945419 ], [ 30.0185215, 59.9945929 ], [ 30.0184263, 59.9946399 ], [ 30.018425, 59.994662 ], [ 30.0183848, 59.9947062 ], [ 30.0183257, 59.9947425 ], [ 30.0182922, 59.9947552 ], [ 30.018193, 59.9948156 ], [ 30.0181393, 59.9948639 ], [ 30.0180736, 59.9949175 ], [ 30.0180253, 59.9949437 ], [ 30.017969, 59.9949846 ], [ 30.0178926, 59.9950382 ], [ 30.0178121, 59.9950832 ], [ 30.0177585, 59.9951133 ], [ 30.017686, 59.9951261 ], [ 30.0176176, 59.9951569 ], [ 30.0174326, 59.9952884 ], [ 30.0173588, 59.9953749 ], [ 30.0173199, 59.9954292 ], [ 30.0171912, 59.9955519 ], [ 30.0169887, 59.9957545 ], [ 30.0170155, 59.9957726 ], [ 30.017297, 59.9958164 ], [ 30.0177729, 59.9958966 ], [ 30.018348, 59.995888 ], [ 30.01888, 59.99599 ], [ 30.0194466, 59.9960039 ], [ 30.01966, 59.9961 ], [ 30.0199163, 59.9962581 ], [ 30.0202328, 59.9964352 ], [ 30.0204742, 59.99669 ], [ 30.0208551, 59.9968912 ], [ 30.021193, 59.9970039 ], [ 30.0215793, 59.9970736 ], [ 30.021987, 59.9971514 ], [ 30.0224215, 59.9972024 ], [ 30.0231779, 59.9971728 ], [ 30.0236231, 59.9971353 ], [ 30.02424, 59.9971541 ], [ 30.0251895, 59.9971889 ], [ 30.0255972, 59.9971997 ], [ 30.0261873, 59.9972158 ], [ 30.0266057, 59.9972426 ], [ 30.0271368, 59.9972775 ], [ 30.0275981, 59.9972962 ], [ 30.0286549, 59.9972748 ], [ 30.029403, 59.9973 ], [ 30.0298566, 59.9973016 ], [ 30.0303394, 59.9972909 ], [ 30.0309241, 59.997256 ], [ 30.0313801, 59.9971755 ], [ 30.0316805, 59.9971111 ], [ 30.032056, 59.9969824 ], [ 30.032351, 59.9969448 ], [ 30.032587, 59.9970226 ], [ 30.0327372, 59.9972077 ], [ 30.0328231, 59.9974679 ], [ 30.0329304, 59.9976342 ], [ 30.0332951, 59.997822 ], [ 30.033617, 59.9979776 ], [ 30.0340033, 59.9980661 ], [ 30.0344056, 59.9981626 ], [ 30.0345612, 59.9981787 ], [ 30.0347865, 59.9982029 ], [ 30.0350547, 59.9981948 ], [ 30.0355281, 59.9981613 ], [ 30.0360082, 59.9980936 ], [ 30.0365943, 59.997995 ], [ 30.0371669, 59.9979367 ], [ 30.0376229, 59.9978857 ], [ 30.037985, 59.9978495 ], [ 30.038453, 59.9978019 ], [ 30.0390646, 59.9977214 ], [ 30.0394803, 59.9976812 ], [ 30.0397888, 59.9976221 ], [ 30.0401884, 59.9976168 ], [ 30.0408751, 59.9975819 ], [ 30.0415349, 59.9976396 ], [ 30.0422859, 59.9977683 ], [ 30.0433803, 59.9980366 ], [ 30.0442332, 59.9983182 ], [ 30.045011, 59.9983611 ], [ 30.0459015, 59.9982646 ], [ 30.0470442, 59.9982351 ], [ 30.0486857, 59.9981305 ], [ 30.0504291, 59.9981305 ], [ 30.0509977, 59.9981626 ], [ 30.051561, 59.9982029 ], [ 30.0522315, 59.9982485 ], [ 30.0536156, 59.9982136 ], [ 30.0551659, 59.9980446 ], [ 30.0563246, 59.9978595 ], [ 30.0570917, 59.9977254 ], [ 30.0581914, 59.9975242 ], [ 30.0586474, 59.9974143 ], [ 30.0590122, 59.9972319 ], [ 30.0601709, 59.9967141 ], [ 30.0608307, 59.9964835 ], [ 30.0611043, 59.9964459 ], [ 30.0615442, 59.9964378 ], [ 30.062837, 59.9965103 ], [ 30.0634056, 59.9965854 ], [ 30.0639152, 59.9966873 ], [ 30.0650912, 59.9978708 ], [ 30.0671578, 59.9999091 ], [ 30.067811, 60.0004864 ], [ 30.0679137, 60.0005771 ], [ 30.0687922, 60.001438 ], [ 30.0690344, 60.0016685 ], [ 30.069424, 60.0020727 ], [ 30.0695025, 60.0021451 ], [ 30.0695579, 60.0021903 ], [ 30.0696426, 60.0022513 ], [ 30.069774, 60.0023483 ], [ 30.0699277, 60.0025696 ], [ 30.0700936, 60.0027486 ], [ 30.0716633, 60.0025199 ], [ 30.0716795, 60.0026434 ], [ 30.0705533, 60.0027939 ], [ 30.0700048, 60.0028715 ], [ 30.0674041, 60.0032532 ], [ 30.0656659, 60.0035201 ], [ 30.0636462, 60.0038159 ], [ 30.0595292, 60.0044315 ], [ 30.0585474, 60.004516 ], [ 30.0540294, 60.0049046 ], [ 30.051428, 60.0053158 ], [ 30.047067, 60.0060586 ], [ 30.0459631, 60.0062673 ], [ 30.0451861, 60.0064026 ], [ 30.0443571, 60.0065523 ], [ 30.0424406, 60.0069078 ], [ 30.0424761, 60.0069625 ], [ 30.0464467, 60.0108239 ], [ 30.0312042, 60.0147838 ], [ 30.028262, 60.0155325 ], [ 30.0278512, 60.0156371 ], [ 30.0259127, 60.0161318 ], [ 30.0274625, 60.0176839 ], [ 30.0253742, 60.0181877 ], [ 30.0247215, 60.0183481 ], [ 30.0221784, 60.018969 ], [ 30.0211458, 60.0180157 ], [ 30.0207851, 60.0176996 ], [ 30.0205655, 60.0175044 ], [ 30.0114394, 60.0198026 ], [ 30.0112091, 60.0198632 ], [ 30.0107517, 60.0198531 ], [ 30.0101078, 60.0210589 ], [ 30.0099365, 60.0210389 ], [ 30.0099179, 60.0210765 ], [ 30.0098039, 60.021282 ], [ 30.0095758, 60.0216783 ], [ 30.0094468, 60.0219118 ], [ 30.0086049, 60.0227891 ], [ 30.0066658, 60.0245412 ], [ 30.004938, 60.0256437 ], [ 30.0043753, 60.0259539 ], [ 30.0030675, 60.0265661 ], [ 30.0012984, 60.0272936 ], [ 29.9952104, 60.0296573 ], [ 29.9890285, 60.0319729 ], [ 29.9866777, 60.0328901 ] ] ] ] } },
{ "type": "Feature", "properties": { "full_id": "r1205319", "osm_id": "1205319", "osm_type": "relation", "boundary": "administrative", "wikimedia_commons": null, "start_date": null, "sqkm": null, "short_name:uk": null, "short_name:ru": null, "short_name:be": null, "short_name": null, "name:ru:word_stress": null, "oktmo": "40321000", "contact:website": null, "contact:vk": null, "contact:instagram": null, "okato:user": null, "loc_name": null, "old_name:de": null, "oktmo:user": "40321000", "old_name:uk": null, "old_name": null, "name:etymology:wikidata": null, "alt_name": null, "official_name": "муниципальный округ Лахта-Ольгино", "addr:postcode": null, "url": "http://www.gov.spb.ru/law?d&nd=8414528&nh=0&header=010000003D01#I0", "place": null, "addr:region": "Санкт-Петербург", "old_name:vi": null, "old_name:os": null, "old_name:mk": null, "old_name:ku": null, "old_name:hr": null, "old_name:fr": null, "old_name:eo": null, "old_name:en": null, "old_name:ar": null, "old_name:1924-01-26--1991-09-06": null, "old_name:1914-08-31--1924-01-26": null, "old_alt_name:vi": null, "name:tzl": null, "name:sl": null, "name:pt": null, "name:os": null, "name:nb": null, "name:mk": null, "name:lb": null, "name:ku": null, "name:ko": null, "name:gl": null, "name:fy": null, "name:eo": null, "name:da": null, "name:bg": null, "name:ast": null, "name:ar": null, "name:ab": null, "int_name": null, "alt_name:vi": null, "alt_name:mk": null, "wikipedia": "ru:Лахта-Ольгино", "wikidata": "Q14369276", "website": "https://lahta-olgino.ru/", "type": "boundary", "timezone": null, "ref": null, "population:date": null, "population": null, "official_status": "ru:внутригородская территория города федерального значения", "name:zh-Hant": null, "name:zh-Hans": null, "name:zh": null, "name:vi": null, "name:uk": "Округ Лахта-Ольгіно", "name:tt": null, "name:tk": null, "name:sv": null, "name:sr": null, "name:sk": null, "name:ru": null, "name:ro": null, "name:pl": null, "name:nl": null, "name:mhr": null, "name:lv": null, "name:lt": null, "name:kv": null, "name:kbd": null, "name:ja": null, "name:it": null, "name:hu": null, "name:hr": null, "name:fr": null, "name:fi": null, "name:et": null, "name:es": null, "name:en": null, "name:el": null, "name:de": null, "name:cu": null, "name:cs": null, "name:ce": null, "name:ca": null, "name:be-tarask": null, "name:be": null, "name:af": null, "name": "округ Лахта-Ольгино", "is_in:country_code": null, "is_in:country": null, "int_ref": null, "gost_7.67-2003": null, "admin_level": "8", "addr:country": "RU", "ISO3166-2": null }, "geometry": { "type": "MultiPolygon", "coordinates": [ [ [ [ 30.1785353, 59.9902978 ], [ 30.1786196, 59.9899775 ], [ 30.1787379, 59.9895001 ], [ 30.1789259, 59.9891763 ], [ 30.1788117, 59.9891636 ], [ 30.1788077, 59.9891574 ], [ 30.1787996, 59.9891239 ], [ 30.1787835, 59.9891118 ], [ 30.1787587, 59.9891019 ], [ 30.1787728, 59.9890789 ], [ 30.178801, 59.9890781 ], [ 30.1788077, 59.9886771 ], [ 30.1788197, 59.9886483 ], [ 30.1788446, 59.9886231 ], [ 30.1788734, 59.9886057 ], [ 30.1789009, 59.988594 ], [ 30.1789706, 59.9885799 ], [ 30.1790464, 59.9885775 ], [ 30.1801002, 59.9885777 ], [ 30.180144, 59.9885865 ], [ 30.1801843, 59.9885987 ], [ 30.1802165, 59.9886148 ], [ 30.1802473, 59.9886396 ], [ 30.1802735, 59.9886317 ], [ 30.1803681, 59.9886963 ], [ 30.1804566, 59.9887503 ], [ 30.1805974, 59.9888063 ], [ 30.1807455, 59.9888512 ], [ 30.1807255, 59.988871 ], [ 30.1808554, 59.9889332 ], [ 30.1810379, 59.9889944 ], [ 30.1812673, 59.9890373 ], [ 30.1815355, 59.9890568 ], [ 30.1817642, 59.9890432 ], [ 30.1819338, 59.9890152 ], [ 30.1819821, 59.9890313 ], [ 30.1821162, 59.9890139 ], [ 30.1822677, 59.988987 ], [ 30.1823415, 59.9889669 ], [ 30.1823743, 59.9889495 ], [ 30.1823824, 59.9889307 ], [ 30.1823784, 59.9889065 ], [ 30.1823596, 59.9888834 ], [ 30.1822892, 59.9888261 ], [ 30.1823703, 59.9887281 ], [ 30.1825172, 59.9885551 ], [ 30.1825795, 59.9884786 ], [ 30.182601, 59.9884508 ], [ 30.1826064, 59.9884216 ], [ 30.1826023, 59.9883961 ], [ 30.1825961, 59.9883773 ], [ 30.1825608, 59.9883444 ], [ 30.1825118, 59.9883179 ], [ 30.1824166, 59.9882579 ], [ 30.1823254, 59.9881915 ], [ 30.1822154, 59.9880949 ], [ 30.1821323, 59.9880151 ], [ 30.1820531, 59.9878755 ], [ 30.1819874, 59.9877327 ], [ 30.1819606, 59.9876334 ], [ 30.181805, 59.9859047 ], [ 30.1818265, 59.9858678 ], [ 30.1818386, 59.9858161 ], [ 30.1818319, 59.9857672 ], [ 30.1817957, 59.9857095 ], [ 30.1817366, 59.9856531 ], [ 30.1816683, 59.9856109 ], [ 30.1815958, 59.9855854 ], [ 30.1815194, 59.9855632 ], [ 30.1814336, 59.9855438 ], [ 30.1813504, 59.985533 ], [ 30.1812726, 59.9855283 ], [ 30.1812015, 59.9855304 ], [ 30.1805766, 59.9856021 ], [ 30.1803365, 59.9856451 ], [ 30.1801461, 59.9856954 ], [ 30.1797465, 59.9857953 ], [ 30.1796097, 59.9858195 ], [ 30.1794112, 59.9858437 ], [ 30.1791872, 59.985851 ], [ 30.1716321, 59.9858759 ], [ 30.1715131, 59.9858725 ], [ 30.1703545, 59.9857746 ], [ 30.1702687, 59.9854772 ], [ 30.1700127, 59.9854747 ], [ 30.1695489, 59.9854374 ], [ 30.169078, 59.9856982 ], [ 30.1683321, 59.9856287 ], [ 30.1680869, 59.985586 ], [ 30.1680171, 59.9855639 ], [ 30.1679644, 59.9855409 ], [ 30.1678911, 59.9855163 ], [ 30.1677858, 59.985494 ], [ 30.1674246, 59.9855174 ], [ 30.1672461, 59.9855346 ], [ 30.1670051, 59.98477 ], [ 30.1669354, 59.98472 ], [ 30.1668169, 59.9846951 ], [ 30.1666819, 59.9846942 ], [ 30.1667559, 59.9848675 ], [ 30.1653712, 59.9850289 ], [ 30.1655777, 59.9854727 ], [ 30.1632256, 59.985752 ], [ 30.1621543, 59.9834525 ], [ 30.1631692, 59.98333 ], [ 30.1663063, 59.9829512 ], [ 30.1667786, 59.983967 ], [ 30.1668504, 59.984033 ], [ 30.1669724, 59.9840893 ], [ 30.1670861, 59.9841119 ], [ 30.1671981, 59.9841138 ], [ 30.1673439, 59.9840947 ], [ 30.1674539, 59.9840431 ], [ 30.1675022, 59.983976 ], [ 30.1675129, 59.9838982 ], [ 30.1674767, 59.9837841 ], [ 30.1673465, 59.9837995 ], [ 30.1668504, 59.9827637 ], [ 30.1667136, 59.9826241 ], [ 30.1665499, 59.9825571 ], [ 30.1663542, 59.9825154 ], [ 30.1661503, 59.9825235 ], [ 30.1611292, 59.9831139 ], [ 30.1609254, 59.9832105 ], [ 30.1608395, 59.983291 ], [ 30.1607752, 59.9833608 ], [ 30.1607859, 59.9835057 ], [ 30.1619553, 59.9859906 ], [ 30.1620602, 59.9861297 ], [ 30.1621202, 59.9861314 ], [ 30.1621489, 59.9863241 ], [ 30.1621505, 59.986415 ], [ 30.1618824, 59.9866293 ], [ 30.161522, 59.9867939 ], [ 30.1610309, 59.9869513 ], [ 30.1606165, 59.9871074 ], [ 30.1602345, 59.9872478 ], [ 30.1596956, 59.9873685 ], [ 30.1593236, 59.987437 ], [ 30.1578653, 59.9876122 ], [ 30.156087, 59.9877568 ], [ 30.1495258, 59.9881858 ], [ 30.1492444, 59.9880889 ], [ 30.1486436, 59.9880392 ], [ 30.1481552, 59.9880338 ], [ 30.1477826, 59.9881465 ], [ 30.1467794, 59.9882364 ], [ 30.1458323, 59.9882882 ], [ 30.1454517, 59.9883102 ], [ 30.1451823, 59.9883016 ], [ 30.1448616, 59.9882552 ], [ 30.1445111, 59.9881446 ], [ 30.1438799, 59.9881868 ], [ 30.143609, 59.98816 ], [ 30.1433824, 59.9881022 ], [ 30.1432698, 59.9880003 ], [ 30.1430337, 59.9879023 ], [ 30.1429264, 59.9878943 ], [ 30.1428728, 59.9879144 ], [ 30.1429041, 59.9879953 ], [ 30.141871, 59.9880535 ], [ 30.1415054, 59.9879682 ], [ 30.1413144, 59.9879292 ], [ 30.1409604, 59.9879332 ], [ 30.1408638, 59.9879681 ], [ 30.1408746, 59.9880325 ], [ 30.1406949, 59.9880539 ], [ 30.1406224, 59.9880204 ], [ 30.1404695, 59.9880137 ], [ 30.1404749, 59.9879654 ], [ 30.1404347, 59.9879345 ], [ 30.1401865, 59.9879655 ], [ 30.1401128, 59.9880325 ], [ 30.1400174, 59.9881013 ], [ 30.1395578, 59.9881239 ], [ 30.1388763, 59.9880338 ], [ 30.1383117, 59.9880781 ], [ 30.1377819, 59.988376 ], [ 30.1373727, 59.9884294 ], [ 30.136913, 59.9885183 ], [ 30.1363757, 59.9886222 ], [ 30.1352258, 59.988714 ], [ 30.134684, 59.9887703 ], [ 30.1344534, 59.9888066 ], [ 30.1340122, 59.9888044 ], [ 30.133697, 59.9887838 ], [ 30.133469, 59.988659 ], [ 30.1332383, 59.9886523 ], [ 30.1330599, 59.9886335 ], [ 30.1328333, 59.9885745 ], [ 30.1327019, 59.9885383 ], [ 30.1325248, 59.9885503 ], [ 30.1323871, 59.9886168 ], [ 30.1319508, 59.9886262 ], [ 30.131586, 59.9887503 ], [ 30.1310239, 59.9888063 ], [ 30.1304059, 59.988655 ], [ 30.1302396, 59.9885342 ], [ 30.1300384, 59.9884309 ], [ 30.1298225, 59.9884189 ], [ 30.1294708, 59.9884994 ], [ 30.1293169, 59.9884833 ], [ 30.1290998, 59.9884408 ], [ 30.1286665, 59.988496 ], [ 30.1284076, 59.9885302 ], [ 30.128317, 59.9884983 ], [ 30.1282811, 59.9883984 ], [ 30.1280209, 59.988398 ], [ 30.1278333, 59.9884382 ], [ 30.1278162, 59.9885635 ], [ 30.127151, 59.9886449 ], [ 30.1267281, 59.9887683 ], [ 30.1256594, 59.9890153 ], [ 30.125075, 59.9891232 ], [ 30.1244735, 59.9892062 ], [ 30.1222975, 59.9896239 ], [ 30.1217075, 59.9897913 ], [ 30.120987, 59.9899199 ], [ 30.120302, 59.989904 ], [ 30.1196648, 59.9899682 ], [ 30.1190789, 59.9899221 ], [ 30.1185122, 59.989907 ], [ 30.1179349, 59.9898637 ], [ 30.1172544, 59.9897514 ], [ 30.1169704, 59.9896745 ], [ 30.1167482, 59.9896491 ], [ 30.1162769, 59.9896258 ], [ 30.115934, 59.9896377 ], [ 30.1158486, 59.9896945 ], [ 30.1157056, 59.989746 ], [ 30.1154406, 59.989748 ], [ 30.115222, 59.9898011 ], [ 30.114853, 59.9898567 ], [ 30.1144693, 59.9898033 ], [ 30.1141979, 59.9898245 ], [ 30.1136298, 59.9896863 ], [ 30.1129839, 59.9895963 ], [ 30.1121993, 59.9895697 ], [ 30.1117074, 59.9895531 ], [ 30.111115, 59.9895483 ], [ 30.1106353, 59.9895706 ], [ 30.1102836, 59.9895976 ], [ 30.1101458, 59.9896571 ], [ 30.1100831, 59.9897258 ], [ 30.1094972, 59.9897329 ], [ 30.1080267, 59.9898732 ], [ 30.1076105, 59.989957 ], [ 30.1073872, 59.989963 ], [ 30.1070886, 59.9899412 ], [ 30.1067768, 59.9898727 ], [ 30.1062933, 59.9899177 ], [ 30.1056944, 59.9898806 ], [ 30.105435, 59.9899304 ], [ 30.1046138, 59.990282 ], [ 30.1039134, 59.990436 ], [ 30.1033511, 59.9906315 ], [ 30.102722, 59.9909372 ], [ 30.1015966, 59.9911847 ], [ 30.1012325, 59.9913286 ], [ 30.1009227, 59.9913661 ], [ 30.1005695, 59.9913386 ], [ 30.1001143, 59.9912667 ], [ 30.0998569, 59.9912227 ], [ 30.0995952, 59.9910992 ], [ 30.0997184, 59.9907993 ], [ 30.0994522, 59.990596 ], [ 30.0994992, 59.9905463 ], [ 30.0993933, 59.9904962 ], [ 30.0992197, 59.9905068 ], [ 30.0989297, 59.9906072 ], [ 30.0988421, 59.9907425 ], [ 30.0989477, 59.9909777 ], [ 30.0987182, 59.9909945 ], [ 30.0985032, 59.9909547 ], [ 30.0978959, 59.9907027 ], [ 30.0971878, 59.9904758 ], [ 30.0971467, 59.9904804 ], [ 30.0970633, 59.9905264 ], [ 30.0970164, 59.9905566 ], [ 30.0970244, 59.9905949 ], [ 30.0972578, 59.9907196 ], [ 30.0979817, 59.9909947 ], [ 30.0980019, 59.9911594 ], [ 30.0979318, 59.9911814 ], [ 30.0976048, 59.9911642 ], [ 30.0974399, 59.9911978 ], [ 30.0974485, 59.9913705 ], [ 30.0977974, 59.9913112 ], [ 30.098094, 59.9913171 ], [ 30.0982601, 59.991401 ], [ 30.0981287, 59.9915309 ], [ 30.0982718, 59.9916375 ], [ 30.0982043, 59.9918067 ], [ 30.0983086, 59.9919176 ], [ 30.0983159, 59.9920181 ], [ 30.0981818, 59.9922086 ], [ 30.0979659, 59.9923092 ], [ 30.0977433, 59.9923864 ], [ 30.0975599, 59.9923937 ], [ 30.0974469, 59.9923803 ], [ 30.0973117, 59.9923427 ], [ 30.0972162, 59.9922046 ], [ 30.0970794, 59.9920792 ], [ 30.0969239, 59.9919175 ], [ 30.0968715, 59.9918051 ], [ 30.096942, 59.9916178 ], [ 30.096765, 59.9914307 ], [ 30.0960377, 59.9915075 ], [ 30.0956351, 59.991998 ], [ 30.0952166, 59.9926365 ], [ 30.0951227, 59.9928116 ], [ 30.0950074, 59.9929638 ], [ 30.0947875, 59.9930899 ], [ 30.0935993, 59.9935446 ], [ 30.0922903, 59.9938974 ], [ 30.0914347, 59.9940933 ], [ 30.0908366, 59.9941644 ], [ 30.0902331, 59.9942126 ], [ 30.0894392, 59.9942086 ], [ 30.0887176, 59.9941939 ], [ 30.0883555, 59.9941214 ], [ 30.0880337, 59.9941281 ], [ 30.0877252, 59.994214 ], [ 30.0874409, 59.9942569 ], [ 30.0869983, 59.9942958 ], [ 30.086368, 59.9943293 ], [ 30.0860971, 59.9943682 ], [ 30.0857484, 59.9944045 ], [ 30.0854132, 59.9944433 ], [ 30.0849277, 59.9944501 ], [ 30.084241, 59.9944648 ], [ 30.0835893, 59.9943562 ], [ 30.0827739, 59.9943682 ], [ 30.0820953, 59.9944353 ], [ 30.0814354, 59.9944997 ], [ 30.0809044, 59.9945493 ], [ 30.0803143, 59.994607 ], [ 30.0798583, 59.9946727 ], [ 30.0788337, 59.9948364 ], [ 30.0783241, 59.9949303 ], [ 30.0779003, 59.9950563 ], [ 30.0774121, 59.9951395 ], [ 30.0767523, 59.9953031 ], [ 30.0760978, 59.9954829 ], [ 30.07532, 59.995625 ], [ 30.0743866, 59.995837 ], [ 30.072965, 59.9961052 ], [ 30.071125, 59.9963225 ], [ 30.0694513, 59.9965639 ], [ 30.0682712, 59.9967034 ], [ 30.0671822, 59.996808 ], [ 30.066179, 59.9968402 ], [ 30.065605, 59.9968268 ], [ 30.065015, 59.9967893 ], [ 30.0644785, 59.9967276 ], [ 30.0639152, 59.9966873 ], [ 30.0650912, 59.9978708 ], [ 30.0671578, 59.9999091 ], [ 30.067811, 60.0004864 ], [ 30.0679137, 60.0005771 ], [ 30.0687922, 60.001438 ], [ 30.0690344, 60.0016685 ], [ 30.069424, 60.0020727 ], [ 30.0695025, 60.0021451 ], [ 30.0695579, 60.0021903 ], [ 30.0696426, 60.0022513 ], [ 30.069774, 60.0023483 ], [ 30.0699277, 60.0025696 ], [ 30.0700936, 60.0027486 ], [ 30.0716633, 60.0025199 ], [ 30.0716795, 60.0026434 ], [ 30.0719318, 60.002701 ], [ 30.0720136, 60.0026919 ], [ 30.0731526, 60.0025889 ], [ 30.074312, 60.0025267 ], [ 30.0754446, 60.0025851 ], [ 30.07659, 60.0027703 ], [ 30.0776214, 60.0030874 ], [ 30.0783293, 60.0034116 ], [ 30.0788981, 60.003792 ], [ 30.079315, 60.0042097 ], [ 30.0796278, 60.0047616 ], [ 30.0797255, 60.0052773 ], [ 30.0799993, 60.0075763 ], [ 30.0800864, 60.0089798 ], [ 30.0803239, 60.0135166 ], [ 30.0803432, 60.0138804 ], [ 30.0806143, 60.0164909 ], [ 30.0799816, 60.016786 ], [ 30.0791042, 60.0271736 ], [ 30.1199388, 60.0335807 ], [ 30.1212934, 60.0336393 ], [ 30.1336044, 60.034222 ], [ 30.1461872, 60.0347154 ], [ 30.1462922, 60.0359023 ], [ 30.1458756, 60.0359794 ], [ 30.1450416, 60.0359833 ], [ 30.1446876, 60.0360333 ], [ 30.1444657, 60.0361823 ], [ 30.1442481, 60.0364529 ], [ 30.144505, 60.0364222 ], [ 30.1450531, 60.0362649 ], [ 30.146581, 60.0362999 ], [ 30.1469775, 60.0362824 ], [ 30.1472341, 60.0360377 ], [ 30.147654, 60.0359212 ], [ 30.148727, 60.0360843 ], [ 30.1517827, 60.0368969 ], [ 30.1532873, 60.0372989 ], [ 30.1537888, 60.0373804 ], [ 30.1549201, 60.0373688 ], [ 30.155894, 60.0374853 ], [ 30.1570253, 60.0376483 ], [ 30.1575734, 60.0377823 ], [ 30.1579117, 60.0378289 ], [ 30.1582732, 60.0377648 ], [ 30.1593112, 60.0373222 ], [ 30.1597778, 60.0371678 ], [ 30.1615039, 60.0369989 ], [ 30.1626119, 60.0373192 ], [ 30.1630201, 60.0374066 ], [ 30.1648337, 60.0374649 ], [ 30.1667931, 60.0376862 ], [ 30.1672713, 60.0377328 ], [ 30.1703328, 60.0371212 ], [ 30.1749514, 60.036262 ], [ 30.1771324, 60.0357669 ], [ 30.1794884, 60.0347503 ], [ 30.1804331, 60.0342552 ], [ 30.1821184, 60.0332765 ], [ 30.1829197, 60.0326703 ], [ 30.1835513, 60.0322664 ], [ 30.1836232, 60.0321286 ], [ 30.1837991, 60.0319763 ], [ 30.1838959, 60.0318796 ], [ 30.1841039, 60.0316718 ], [ 30.1841415, 60.0316198 ], [ 30.1844356, 60.0312132 ], [ 30.1847606, 60.0307639 ], [ 30.1847723, 60.0307508 ], [ 30.1851709, 60.0303041 ], [ 30.1851944, 60.0301284 ], [ 30.1854641, 60.0299761 ], [ 30.1856824, 60.0296606 ], [ 30.1865198, 60.0287472 ], [ 30.1879014, 60.0270077 ], [ 30.1879459, 60.0269567 ], [ 30.1880643, 60.026821 ], [ 30.1881844, 60.0265669 ], [ 30.1889219, 60.0256866 ], [ 30.1895163, 60.0252101 ], [ 30.1897026, 60.0251607 ], [ 30.1897791, 60.0251404 ], [ 30.1898938, 60.025057 ], [ 30.1899229, 60.0249799 ], [ 30.189728, 60.0245455 ], [ 30.1895797, 60.0243788 ], [ 30.1892876, 60.0243478 ], [ 30.1891576, 60.0243144 ], [ 30.1890286, 60.0241855 ], [ 30.1891261, 60.0239507 ], [ 30.1892773, 60.023735 ], [ 30.1894464, 60.0235616 ], [ 30.1900536, 60.0227888 ], [ 30.1905712, 60.022303 ], [ 30.1909007, 60.0220304 ], [ 30.1928695, 60.0210438 ], [ 30.1932196, 60.0207485 ], [ 30.1937378, 60.020193 ], [ 30.1947564, 60.0199145 ], [ 30.1954493, 60.0197477 ], [ 30.1963068, 60.0197766 ], [ 30.1971302, 60.0195833 ], [ 30.1975447, 60.0193287 ], [ 30.1977595, 60.0191053 ], [ 30.1976904, 60.0189396 ], [ 30.1973272, 60.0186586 ], [ 30.1969382, 60.0185676 ], [ 30.1966985, 60.0180949 ], [ 30.1963872, 60.0176627 ], [ 30.1965015, 60.0173137 ], [ 30.196975, 60.0170033 ], [ 30.1973986, 60.0168532 ], [ 30.1987249, 60.0166264 ], [ 30.1993732, 60.0166179 ], [ 30.2000191, 60.0169737 ], [ 30.2006454, 60.0170234 ], [ 30.2012103, 60.0168548 ], [ 30.2015284, 60.016585 ], [ 30.2014269, 60.0163455 ], [ 30.2008458, 60.0159588 ], [ 30.20072, 60.0155912 ], [ 30.201186, 60.0151751 ], [ 30.2011786, 60.0149349 ], [ 30.2002067, 60.0142311 ], [ 30.1999731, 60.0138266 ], [ 30.1985945, 60.0132165 ], [ 30.1977705, 60.0129494 ], [ 30.196988, 60.0123865 ], [ 30.1959581, 60.0117437 ], [ 30.1948852, 60.0108421 ], [ 30.1933831, 60.009791 ], [ 30.1926245, 60.0094926 ], [ 30.1920299, 60.0089061 ], [ 30.1880533, 60.0068147 ], [ 30.1875677, 60.0061819 ], [ 30.1872795, 60.005484 ], [ 30.188321, 60.0054158 ], [ 30.1895106, 60.0052382 ], [ 30.189981, 60.0052413 ], [ 30.19042, 60.0050391 ], [ 30.1908932, 60.0048115 ], [ 30.1908287, 60.0047652 ], [ 30.1906984, 60.004612 ], [ 30.1905617, 60.0044012 ], [ 30.1906081, 60.0041897 ], [ 30.1905124, 60.0040935 ], [ 30.1902186, 60.0039522 ], [ 30.190127, 60.0038816 ], [ 30.1900885, 60.0037598 ], [ 30.1900424, 60.0037268 ], [ 30.1899608, 60.0036686 ], [ 30.1898848, 60.0035835 ], [ 30.189941, 60.0035181 ], [ 30.1900298, 60.0035038 ], [ 30.1900852, 60.0034554 ], [ 30.1901234, 60.0034241 ], [ 30.1900811, 60.0033879 ], [ 30.1899906, 60.0033437 ], [ 30.1898122, 60.0033409 ], [ 30.1895366, 60.0033159 ], [ 30.1894555, 60.0032325 ], [ 30.1895006, 60.0031289 ], [ 30.1893023, 60.003041 ], [ 30.1891806, 60.0029013 ], [ 30.1892459, 60.0028224 ], [ 30.1893135, 60.0027931 ], [ 30.189273, 60.0027548 ], [ 30.1892636, 60.0026436 ], [ 30.1891233, 60.0025558 ], [ 30.1890076, 60.00233 ], [ 30.1890121, 60.0021503 ], [ 30.1889349, 60.0020653 ], [ 30.1888809, 60.0020135 ], [ 30.1888351, 60.0019158 ], [ 30.1888394, 60.001812 ], [ 30.1889059, 60.0017304 ], [ 30.1889728, 60.0015866 ], [ 30.1891942, 60.001574 ], [ 30.1891761, 60.0014725 ], [ 30.1889867, 60.0014618 ], [ 30.188844, 60.0014643 ], [ 30.1887708, 60.0013729 ], [ 30.188756, 60.0012919 ], [ 30.1887489, 60.0012045 ], [ 30.1888019, 60.0010558 ], [ 30.1887728, 60.000964 ], [ 30.1888062, 60.0008951 ], [ 30.1885034, 60.0007637 ], [ 30.1884824, 60.0006732 ], [ 30.1883489, 60.0005218 ], [ 30.1883112, 60.000393 ], [ 30.188635, 60.0003004 ], [ 30.1889597, 60.0002952 ], [ 30.1890303, 60.0002628 ], [ 30.1892324, 60.0001702 ], [ 30.1892643, 60.0001637 ], [ 30.1894758, 60.0001206 ], [ 30.1894713, 60.0000147 ], [ 30.1895614, 59.9999471 ], [ 30.1897996, 59.999786 ], [ 30.1900166, 59.9997519 ], [ 30.1902305, 59.9997685 ], [ 30.1900118, 59.9997159 ], [ 30.1899305, 59.9996904 ], [ 30.1898499, 59.9996722 ], [ 30.1898197, 59.9996297 ], [ 30.1898674, 59.9995615 ], [ 30.1897741, 59.9995497 ], [ 30.1893415, 59.9995783 ], [ 30.1890105, 59.9996001 ], [ 30.1886539, 59.9996546 ], [ 30.1881868, 59.9997871 ], [ 30.1880155, 59.9997195 ], [ 30.1878533, 59.9996384 ], [ 30.1877406, 59.9995065 ], [ 30.1877631, 59.9993916 ], [ 30.1878352, 59.9993015 ], [ 30.1877902, 59.9991212 ], [ 30.1879843, 59.9989424 ], [ 30.1878279, 59.9987581 ], [ 30.1876947, 59.9985855 ], [ 30.187654, 59.9984166 ], [ 30.1876683, 59.9981915 ], [ 30.1876689, 59.9980623 ], [ 30.1875487, 59.9980039 ], [ 30.1875246, 59.9979109 ], [ 30.1874497, 59.9976975 ], [ 30.1875208, 59.9975532 ], [ 30.1873688, 59.9974411 ], [ 30.1873102, 59.9973645 ], [ 30.1872686, 59.9971746 ], [ 30.187401, 59.9970866 ], [ 30.1875517, 59.9970232 ], [ 30.187504, 59.9969351 ], [ 30.1874384, 59.996898 ], [ 30.1874353, 59.9968192 ], [ 30.1875, 59.9967222 ], [ 30.1872406, 59.9966134 ], [ 30.1872637, 59.9964082 ], [ 30.1874063, 59.9963379 ], [ 30.1873905, 59.9962516 ], [ 30.1872186, 59.9962295 ], [ 30.1871122, 59.9961466 ], [ 30.1869372, 59.9960065 ], [ 30.1869617, 59.9959451 ], [ 30.1868391, 59.9959066 ], [ 30.1867764, 59.9956455 ], [ 30.1867916, 59.9955575 ], [ 30.1866562, 59.9955647 ], [ 30.1863227, 59.9952879 ], [ 30.1864606, 59.9950386 ], [ 30.1864606, 59.9949777 ], [ 30.1862172, 59.9949259 ], [ 30.1860505, 59.994811 ], [ 30.1858972, 59.9945135 ], [ 30.1859175, 59.9942768 ], [ 30.1858319, 59.9941911 ], [ 30.1855975, 59.9940987 ], [ 30.1855209, 59.9940041 ], [ 30.1856516, 59.9937933 ], [ 30.1857462, 59.9936739 ], [ 30.1857012, 59.9936153 ], [ 30.1855524, 59.9935431 ], [ 30.1854713, 59.993444 ], [ 30.1852099, 59.9933132 ], [ 30.1849038, 59.9932766 ], [ 30.1846061, 59.993267 ], [ 30.1844131, 59.9933259 ], [ 30.1835618, 59.9934022 ], [ 30.1833075, 59.9934128 ], [ 30.1832053, 59.9933877 ], [ 30.1831052, 59.993302 ], [ 30.1829565, 59.9932071 ], [ 30.1827853, 59.9930422 ], [ 30.1828712, 59.9929357 ], [ 30.1830421, 59.9928343 ], [ 30.1831366, 59.9927722 ], [ 30.1831691, 59.992716 ], [ 30.1831541, 59.9926308 ], [ 30.1831456, 59.9925726 ], [ 30.1831698, 59.9924793 ], [ 30.183126, 59.9924125 ], [ 30.1830053, 59.9923911 ], [ 30.1828524, 59.9923441 ], [ 30.1825199, 59.9921603 ], [ 30.1824179, 59.9920772 ], [ 30.1824201, 59.9919823 ], [ 30.1823723, 59.9919766 ], [ 30.182257, 59.9919967 ], [ 30.1821068, 59.9920383 ], [ 30.1819739, 59.991998 ], [ 30.1819829, 59.9919259 ], [ 30.1821046, 59.9919056 ], [ 30.1820776, 59.991607 ], [ 30.1822894, 59.9914616 ], [ 30.1823258, 59.9914282 ], [ 30.1822849, 59.9914165 ], [ 30.1821361, 59.9913421 ], [ 30.1821181, 59.9912497 ], [ 30.1821302, 59.9911562 ], [ 30.182028, 59.9910671 ], [ 30.1820066, 59.9910005 ], [ 30.1820054, 59.9907651 ], [ 30.1818747, 59.9906817 ], [ 30.1815797, 59.9905982 ], [ 30.1811197, 59.9905204 ], [ 30.1804331, 59.9904359 ], [ 30.1803285, 59.9904493 ], [ 30.1802601, 59.9904466 ], [ 30.1802427, 59.9904225 ], [ 30.1801823, 59.9903936 ], [ 30.1799168, 59.9903628 ], [ 30.1795581, 59.9903334 ], [ 30.1793824, 59.9903402 ], [ 30.1792156, 59.990401 ], [ 30.1791721, 59.9905166 ], [ 30.1792374, 59.9905258 ], [ 30.1796646, 59.9906116 ], [ 30.1800587, 59.9906705 ], [ 30.180684, 59.9907312 ], [ 30.1808517, 59.9907324 ], [ 30.1813609, 59.9908248 ], [ 30.1813745, 59.9908947 ], [ 30.1814151, 59.9909309 ], [ 30.1814368, 59.9909716 ], [ 30.1814707, 59.9910146 ], [ 30.181415, 59.9910863 ], [ 30.1813609, 59.9911539 ], [ 30.1812721, 59.9912189 ], [ 30.1811734, 59.9913005 ], [ 30.1811671, 59.9913951 ], [ 30.1810905, 59.9914469 ], [ 30.1809778, 59.9914717 ], [ 30.1810229, 59.9915326 ], [ 30.1812077, 59.9915168 ], [ 30.1812438, 59.9915551 ], [ 30.1811807, 59.9916363 ], [ 30.1813655, 59.9916813 ], [ 30.1813519, 59.9917557 ], [ 30.181397, 59.991785 ], [ 30.1812706, 59.9918173 ], [ 30.1812207, 59.9919292 ], [ 30.1813384, 59.9919766 ], [ 30.1811798, 59.9920172 ], [ 30.1808021, 59.9921908 ], [ 30.1806093, 59.9923018 ], [ 30.1804787, 59.9924231 ], [ 30.180544, 59.9924698 ], [ 30.1805486, 59.9927522 ], [ 30.1805669, 59.9931432 ], [ 30.1805835, 59.993222 ], [ 30.1804888, 59.9932377 ], [ 30.1801013, 59.9929163 ], [ 30.1796235, 59.9927306 ], [ 30.1793576, 59.9926751 ], [ 30.1789308, 59.9925439 ], [ 30.1785644, 59.992549 ], [ 30.1783976, 59.9924939 ], [ 30.1783075, 59.9924381 ], [ 30.1781903, 59.9923677 ], [ 30.1782534, 59.9923316 ], [ 30.1781993, 59.9922843 ], [ 30.1781001, 59.9922527 ], [ 30.1779951, 59.992155 ], [ 30.1778914, 59.9921235 ], [ 30.1776152, 59.9918371 ], [ 30.1777215, 59.9915562 ], [ 30.1784877, 59.991102 ], [ 30.1786621, 59.9909237 ], [ 30.1787585, 59.9907338 ], [ 30.1788286, 59.9905836 ], [ 30.1786937, 59.9905419 ], [ 30.1786693, 59.9904144 ], [ 30.1786163, 59.9903822 ], [ 30.1786336, 59.9903025 ], [ 30.1785353, 59.9902978 ] ] ] ] } },
{ "type": "Feature", "properties": { "full_id": "r1205337", "osm_id": "1205337", "osm_type": "relation", "boundary": "administrative", "wikimedia_commons": null, "start_date": null, "sqkm": null, "short_name:uk": null, "short_name:ru": null, "short_name:be": null, "short_name": null, "name:ru:word_stress": null, "oktmo": null, "contact:website": null, "contact:vk": null, "contact:instagram": null, "okato:user": null, "loc_name": null, "old_name:de": null, "oktmo:user": null, "old_name:uk": null, "old_name": null, "name:etymology:wikidata": null, "alt_name": null, "official_name": "муниципальный округ Юнтолово", "addr:postcode": null, "url": "http://www.gov.spb.ru/law?d&nd=8414528&nh=0&header=010000003N01#I0", "place": null, "addr:region": "Санкт-Петербург", "old_name:vi": null, "old_name:os": null, "old_name:mk": null, "old_name:ku": null, "old_name:hr": null, "old_name:fr": null, "old_name:eo": null, "old_name:en": null, "old_name:ar": null, "old_name:1924-01-26--1991-09-06": null, "old_name:1914-08-31--1924-01-26": null, "old_alt_name:vi": null, "name:tzl": null, "name:sl": null, "name:pt": null, "name:os": null, "name:nb": null, "name:mk": null, "name:lb": null, "name:ku": null, "name:ko": null, "name:gl": null, "name:fy": null, "name:eo": null, "name:da": null, "name:bg": null, "name:ast": null, "name:ar": null, "name:ab": null, "int_name": null, "alt_name:vi": null, "alt_name:mk": null, "wikipedia": "ru:Юнтолово", "wikidata": "Q4534670", "website": null, "type": "boundary", "timezone": null, "ref": null, "population:date": null, "population": null, "official_status": "ru:внутригородская территория города федерального значения", "name:zh-Hant": null, "name:zh-Hans": null, "name:zh": null, "name:vi": null, "name:uk": "Округ Юнтолове", "name:tt": null, "name:tk": null, "name:sv": null, "name:sr": null, "name:sk": null, "name:ru": null, "name:ro": null, "name:pl": null, "name:nl": null, "name:mhr": null, "name:lv": null, "name:lt": null, "name:kv": null, "name:kbd": null, "name:ja": null, "name:it": null, "name:hu": null, "name:hr": null, "name:fr": null, "name:fi": null, "name:et": null, "name:es": null, "name:en": null, "name:el": null, "name:de": null, "name:cu": null, "name:cs": null, "name:ce": null, "name:ca": null, "name:be-tarask": null, "name:be": null, "name:af": null, "name": "округ Юнтолово", "is_in:country_code": null, "is_in:country": null, "int_ref": null, "gost_7.67-2003": null, "admin_level": "8", "addr:country": "RU", "ISO3166-2": null }, "geometry": { "type": "MultiPolygon", "coordinates": [ [ [ [ 30.2759755, 60.0372762 ], [ 30.2750942, 60.0366855 ], [ 30.2738775, 60.0370745 ], [ 30.2732432, 60.0372619 ], [ 30.2725715, 60.0373092 ], [ 30.2722659, 60.0373129 ], [ 30.2717855, 60.0373255 ], [ 30.2710869, 60.0373681 ], [ 30.2706311, 60.0374719 ], [ 30.2681955, 60.0382355 ], [ 30.26817, 60.0382439 ], [ 30.2681507, 60.0382502 ], [ 30.268, 60.0383014 ], [ 30.2678071, 60.0377457 ], [ 30.2672981, 60.0371169 ], [ 30.2668829, 60.0367825 ], [ 30.2658516, 60.0363343 ], [ 30.2619097, 60.0352733 ], [ 30.2609746, 60.0350077 ], [ 30.2591009, 60.0344633 ], [ 30.2583161, 60.0342381 ], [ 30.256908, 60.0338235 ], [ 30.2564048, 60.0336753 ], [ 30.2552038, 60.0333139 ], [ 30.2545705, 60.0331234 ], [ 30.2543591, 60.0330598 ], [ 30.2538732, 60.0329147 ], [ 30.2536245, 60.0328407 ], [ 30.2531591, 60.0328807 ], [ 30.2502645, 60.0320151 ], [ 30.2500128, 60.0315459 ], [ 30.237682, 60.0280248 ], [ 30.2369062, 60.0278033 ], [ 30.236676, 60.0279796 ], [ 30.2358736, 60.0277428 ], [ 30.2357494, 60.0278448 ], [ 30.2355857, 60.0279789 ], [ 30.2349293, 60.0285422 ], [ 30.2347091, 60.0287452 ], [ 30.2344935, 60.028944 ], [ 30.2341732, 60.0292118 ], [ 30.2339577, 60.0293996 ], [ 30.2336272, 60.0294632 ], [ 30.2335485, 60.029611 ], [ 30.2328032, 60.0297434 ], [ 30.2323419, 60.0297913 ], [ 30.23121, 60.0303031 ], [ 30.2305876, 60.0305984 ], [ 30.2301533, 60.0307533 ], [ 30.2299708, 60.0308591 ], [ 30.2278204, 60.0318463 ], [ 30.2276065, 60.0319395 ], [ 30.2275861, 60.0319484 ], [ 30.2271244, 60.0321497 ], [ 30.2265934, 60.0323813 ], [ 30.2265322, 60.032412 ], [ 30.2264585, 60.0324526 ], [ 30.2254859, 60.0331176 ], [ 30.2253185, 60.033232 ], [ 30.2251652, 60.0333227 ], [ 30.2249681, 60.0334394 ], [ 30.2248736, 60.0335004 ], [ 30.2247556, 60.0335803 ], [ 30.2239508, 60.033872 ], [ 30.2212103, 60.0351127 ], [ 30.2210679, 60.0351876 ], [ 30.2209203, 60.0352576 ], [ 30.2201217, 60.0355807 ], [ 30.2197087, 60.0357111 ], [ 30.2190325, 60.0358475 ], [ 30.2185702, 60.0359406 ], [ 30.2174381, 60.0361683 ], [ 30.2171632, 60.0362165 ], [ 30.216893, 60.0362537 ], [ 30.2166424, 60.0362822 ], [ 30.2163606, 60.0363022 ], [ 30.2160957, 60.0363079 ], [ 30.2156813, 60.0363107 ], [ 30.2153461, 60.0363096 ], [ 30.21498, 60.0363082 ], [ 30.2149647, 60.0363081 ], [ 30.2136796, 60.0363032 ], [ 30.2134605, 60.0363013 ], [ 30.2131899, 60.0362961 ], [ 30.2130146, 60.0362923 ], [ 30.2130879, 60.0360881 ], [ 30.2126113, 60.0360558 ], [ 30.2111051, 60.0359578 ], [ 30.2099004, 60.0358538 ], [ 30.2075582, 60.035597 ], [ 30.2050534, 60.0353823 ], [ 30.2037963, 60.0352487 ], [ 30.2033205, 60.0352143 ], [ 30.2004496, 60.0352678 ], [ 30.2000964, 60.0352947 ], [ 30.1998536, 60.0353385 ], [ 30.1994498, 60.0355057 ], [ 30.1978015, 60.0362055 ], [ 30.1974703, 60.0363684 ], [ 30.1971323, 60.0365197 ], [ 30.1969342, 60.0367948 ], [ 30.1967577, 60.0370272 ], [ 30.1965979, 60.0372592 ], [ 30.1964244, 60.0375197 ], [ 30.1962969, 60.037736 ], [ 30.1962742, 60.0379541 ], [ 30.1962409, 60.0380178 ], [ 30.1961259, 60.0381456 ], [ 30.1959185, 60.0382824 ], [ 30.1957231, 60.0383607 ], [ 30.1955513, 60.0384314 ], [ 30.1953541, 60.0384755 ], [ 30.1949036, 60.0385941 ], [ 30.1943537, 60.0387544 ], [ 30.1937379, 60.0389339 ], [ 30.19344, 60.039029 ], [ 30.1931256, 60.0390997 ], [ 30.1929388, 60.0391062 ], [ 30.1924963, 60.0391073 ], [ 30.1922207, 60.0391081 ], [ 30.1919545, 60.0391195 ], [ 30.1917672, 60.0391531 ], [ 30.1916233, 60.0392041 ], [ 30.1913547, 60.0392995 ], [ 30.1911841, 60.0394183 ], [ 30.1909021, 60.0392923 ], [ 30.1898722, 60.038928 ], [ 30.1893143, 60.0387565 ], [ 30.1885418, 60.038285 ], [ 30.1877752, 60.0382331 ], [ 30.1875886, 60.0382372 ], [ 30.1874435, 60.0381917 ], [ 30.1872735, 60.0382724 ], [ 30.187116, 60.0382859 ], [ 30.1870331, 60.0383728 ], [ 30.187174, 60.0384184 ], [ 30.1870828, 60.0384846 ], [ 30.186917, 60.0385054 ], [ 30.1866185, 60.0384929 ], [ 30.1863283, 60.0383439 ], [ 30.1862537, 60.0382196 ], [ 30.1864278, 60.0381037 ], [ 30.1864196, 60.0380043 ], [ 30.1862371, 60.0379795 ], [ 30.1861294, 60.0379091 ], [ 30.1861045, 60.0378138 ], [ 30.1863283, 60.0376151 ], [ 30.1867429, 60.0374846 ], [ 30.1867652, 60.0372365 ], [ 30.1866428, 60.0372002 ], [ 30.1864196, 60.0372445 ], [ 30.186262, 60.0372113 ], [ 30.1862123, 60.0370954 ], [ 30.1861211, 60.0369587 ], [ 30.1859718, 60.0369173 ], [ 30.1857728, 60.0369339 ], [ 30.1855739, 60.0368759 ], [ 30.1853666, 60.0368925 ], [ 30.1849354, 60.0368552 ], [ 30.184767, 60.0368068 ], [ 30.1846038, 60.03676 ], [ 30.1845623, 60.0366896 ], [ 30.1847282, 60.0365985 ], [ 30.1846784, 60.0365364 ], [ 30.1845457, 60.0365198 ], [ 30.1843385, 60.0363873 ], [ 30.1843023, 60.036307 ], [ 30.1842638, 60.0362216 ], [ 30.1841394, 60.036085 ], [ 30.1840732, 60.0359525 ], [ 30.1839952, 60.0358895 ], [ 30.1838994, 60.0357804 ], [ 30.1838849, 60.0356044 ], [ 30.1839737, 60.035497 ], [ 30.1839654, 60.0354348 ], [ 30.1842672, 60.035317 ], [ 30.1842393, 60.0352296 ], [ 30.1842469, 60.035039 ], [ 30.1842307, 60.0348923 ], [ 30.1842755, 60.03468 ], [ 30.1842638, 60.0344202 ], [ 30.1843219, 60.0342877 ], [ 30.1842224, 60.0341904 ], [ 30.1841975, 60.0339916 ], [ 30.1841146, 60.0337514 ], [ 30.1839819, 60.0335816 ], [ 30.1840649, 60.0335319 ], [ 30.18404, 60.0334615 ], [ 30.1841229, 60.033358 ], [ 30.1840068, 60.033271 ], [ 30.183841, 60.0331095 ], [ 30.1839416, 60.0330329 ], [ 30.1838595, 60.0329334 ], [ 30.1839181, 60.0328104 ], [ 30.183754, 60.0326581 ], [ 30.1837024, 60.0326521 ], [ 30.1836754, 60.0324415 ], [ 30.183627, 60.0323732 ], [ 30.1835513, 60.0322664 ], [ 30.1836232, 60.0321286 ], [ 30.1837991, 60.0319763 ], [ 30.1838959, 60.0318796 ], [ 30.1841039, 60.0316718 ], [ 30.1841415, 60.0316198 ], [ 30.1844356, 60.0312132 ], [ 30.1847606, 60.0307639 ], [ 30.1847723, 60.0307508 ], [ 30.1851709, 60.0303041 ], [ 30.1851944, 60.0301284 ], [ 30.1854641, 60.0299761 ], [ 30.1856824, 60.0296606 ], [ 30.1865198, 60.0287472 ], [ 30.1879014, 60.0270077 ], [ 30.1879459, 60.0269567 ], [ 30.1880643, 60.026821 ], [ 30.1881844, 60.0265669 ], [ 30.1889219, 60.0256866 ], [ 30.1895163, 60.0252101 ], [ 30.1897026, 60.0251607 ], [ 30.1897791, 60.0251404 ], [ 30.1898938, 60.025057 ], [ 30.1899229, 60.0249799 ], [ 30.189728, 60.0245455 ], [ 30.1895797, 60.0243788 ], [ 30.1892876, 60.0243478 ], [ 30.1891576, 60.0243144 ], [ 30.1890286, 60.0241855 ], [ 30.1891261, 60.0239507 ], [ 30.1892773, 60.023735 ], [ 30.1894464, 60.0235616 ], [ 30.1900536, 60.0227888 ], [ 30.1905712, 60.022303 ], [ 30.1909007, 60.0220304 ], [ 30.1928695, 60.0210438 ], [ 30.1932196, 60.0207485 ], [ 30.1937378, 60.020193 ], [ 30.1947564, 60.0199145 ], [ 30.1954493, 60.0197477 ], [ 30.1963068, 60.0197766 ], [ 30.1971302, 60.0195833 ], [ 30.1975447, 60.0193287 ], [ 30.1977595, 60.0191053 ], [ 30.1976904, 60.0189396 ], [ 30.1973272, 60.0186586 ], [ 30.1969382, 60.0185676 ], [ 30.1966985, 60.0180949 ], [ 30.1963872, 60.0176627 ], [ 30.1965015, 60.0173137 ], [ 30.196975, 60.0170033 ], [ 30.1973986, 60.0168532 ], [ 30.1987249, 60.0166264 ], [ 30.1993732, 60.0166179 ], [ 30.2000191, 60.0169737 ], [ 30.2006454, 60.0170234 ], [ 30.2012103, 60.0168548 ], [ 30.2015284, 60.016585 ], [ 30.2014269, 60.0163455 ], [ 30.2008458, 60.0159588 ], [ 30.20072, 60.0155912 ], [ 30.201186, 60.0151751 ], [ 30.2011786, 60.0149349 ], [ 30.2002067, 60.0142311 ], [ 30.1999731, 60.0138266 ], [ 30.1985945, 60.0132165 ], [ 30.1977705, 60.0129494 ], [ 30.196988, 60.0123865 ], [ 30.1959581, 60.0117437 ], [ 30.1948852, 60.0108421 ], [ 30.1933831, 60.009791 ], [ 30.1926245, 60.0094926 ], [ 30.1920299, 60.0089061 ], [ 30.1880533, 60.0068147 ], [ 30.1875677, 60.0061819 ], [ 30.1872795, 60.005484 ], [ 30.188321, 60.0054158 ], [ 30.1895106, 60.0052382 ], [ 30.189981, 60.0052413 ], [ 30.19042, 60.0050391 ], [ 30.1930083, 60.0061171 ], [ 30.1980396, 60.008365 ], [ 30.1989, 60.0088548 ], [ 30.2001924, 60.0096863 ], [ 30.2015669, 60.0108075 ], [ 30.2020097, 60.0110247 ], [ 30.2027359, 60.0114493 ], [ 30.2068305, 60.0110667 ], [ 30.207186, 60.0110253 ], [ 30.2073808, 60.0110025 ], [ 30.2082946, 60.010883 ], [ 30.2087834, 60.010818 ], [ 30.209123, 60.0107746 ], [ 30.2101116, 60.010645 ], [ 30.2121912, 60.0103786 ], [ 30.2132215, 60.0102466 ], [ 30.2135143, 60.0102091 ], [ 30.2138707, 60.0101637 ], [ 30.2143852, 60.0100978 ], [ 30.2150403, 60.0100139 ], [ 30.2181402, 60.0096168 ], [ 30.2185633, 60.009563 ], [ 30.2190776, 60.0094976 ], [ 30.2196473, 60.0094246 ], [ 30.2210517, 60.0092448 ], [ 30.2212488, 60.0092193 ], [ 30.2215666, 60.0091781 ], [ 30.2216975, 60.0091612 ], [ 30.2219154, 60.009133 ], [ 30.2222563, 60.0090889 ], [ 30.2225984, 60.0090442 ], [ 30.2239683, 60.0088674 ], [ 30.2244535, 60.0088164 ], [ 30.2252341, 60.0087544 ], [ 30.225909, 60.0087109 ], [ 30.2259346, 60.0087082 ], [ 30.2263447, 60.0086796 ], [ 30.2265343, 60.0086637 ], [ 30.2269101, 60.0086349 ], [ 30.2276715, 60.0085629 ], [ 30.2278417, 60.0085435 ], [ 30.2279685, 60.008529 ], [ 30.2281075, 60.0085117 ], [ 30.2292017, 60.0083678 ], [ 30.2294454, 60.0083358 ], [ 30.2300794, 60.0082529 ], [ 30.232451, 60.0079435 ], [ 30.2332119, 60.0078453 ], [ 30.2334999, 60.0078077 ], [ 30.2339042, 60.007755 ], [ 30.2346894, 60.0076527 ], [ 30.2353509, 60.0075686 ], [ 30.2359898, 60.0074874 ], [ 30.2362399, 60.0074553 ], [ 30.2362556, 60.0076103 ], [ 30.2361737, 60.0078096 ], [ 30.2360378, 60.0081333 ], [ 30.2357454, 60.0088274 ], [ 30.2353966, 60.0096662 ], [ 30.235356, 60.0097633 ], [ 30.2352743, 60.0099588 ], [ 30.2352107, 60.0101104 ], [ 30.2350572, 60.0104761 ], [ 30.2349015, 60.0108472 ], [ 30.2348266, 60.011047 ], [ 30.2345399, 60.011746 ], [ 30.2344332, 60.0120029 ], [ 30.2344252, 60.0120222 ], [ 30.2344188, 60.0120379 ], [ 30.2343707, 60.0121546 ], [ 30.2343307, 60.0122166 ], [ 30.2342898, 60.0122561 ], [ 30.2344943, 60.0123153 ], [ 30.2345908, 60.012343 ], [ 30.2346678, 60.0123657 ], [ 30.2359308, 60.0127379 ], [ 30.2369271, 60.0130302 ], [ 30.2376015, 60.0132318 ], [ 30.2377893, 60.0132865 ], [ 30.2394646, 60.0137743 ], [ 30.2395442, 60.0137974 ], [ 30.2400825, 60.0139486 ], [ 30.2411391, 60.0142453 ], [ 30.2414244, 60.0143164 ], [ 30.2415883, 60.0143542 ], [ 30.241636, 60.0143651 ], [ 30.2418139, 60.0144061 ], [ 30.2420342, 60.0144569 ], [ 30.2451174, 60.0153643 ], [ 30.245197, 60.0153878 ], [ 30.2453726, 60.0154392 ], [ 30.2455682, 60.0154965 ], [ 30.2457784, 60.015558 ], [ 30.2470682, 60.0159381 ], [ 30.2487873, 60.016448 ], [ 30.2488248, 60.0164591 ], [ 30.249077, 60.016534 ], [ 30.2493372, 60.0166112 ], [ 30.2495669, 60.0166794 ], [ 30.2495984, 60.0166886 ], [ 30.2499624, 60.0167949 ], [ 30.2510377, 60.0171116 ], [ 30.2514344, 60.0172281 ], [ 30.2517271, 60.0173146 ], [ 30.2519226, 60.0173745 ], [ 30.2527658, 60.0176215 ], [ 30.2530304, 60.017699 ], [ 30.2540161, 60.0179897 ], [ 30.2550469, 60.0182967 ], [ 30.25516, 60.0183336 ], [ 30.2563997, 60.018696 ], [ 30.2566752, 60.0187686 ], [ 30.2570699, 60.0188822 ], [ 30.2573196, 60.0189527 ], [ 30.257646, 60.0190488 ], [ 30.2587053, 60.0193607 ], [ 30.2627601, 60.0205545 ], [ 30.2638216, 60.020867 ], [ 30.2641582, 60.0209658 ], [ 30.2642869, 60.0210035 ], [ 30.2658139, 60.0196924 ], [ 30.2662502, 60.0194018 ], [ 30.2667393, 60.0191386 ], [ 30.2673688, 60.0189063 ], [ 30.2679201, 60.0187327 ], [ 30.2688256, 60.0185432 ], [ 30.2716548, 60.0181794 ], [ 30.27872, 60.0172591 ], [ 30.2817006, 60.0232582 ], [ 30.2841903, 60.0278621 ], [ 30.2840963, 60.0283681 ], [ 30.2841681, 60.0285035 ], [ 30.2842425, 60.0286331 ], [ 30.2843219, 60.0287823 ], [ 30.2844876, 60.0290915 ], [ 30.2850613, 60.0301715 ], [ 30.2853647, 60.0307312 ], [ 30.2854712, 60.0309084 ], [ 30.2855697, 60.0309811 ], [ 30.2856714, 60.0310178 ], [ 30.2856885, 60.03158 ], [ 30.2852982, 60.032909 ], [ 30.2833211, 60.0331812 ], [ 30.28345, 60.0332258 ], [ 30.2835493, 60.0332763 ], [ 30.28418, 60.0336543 ], [ 30.2844242, 60.0338006 ], [ 30.2843773, 60.0338416 ], [ 30.2843428, 60.0338717 ], [ 30.2842966, 60.0339582 ], [ 30.2840428, 60.0344914 ], [ 30.2839217, 60.0347421 ], [ 30.2837259, 60.0350587 ], [ 30.2837399, 60.0354617 ], [ 30.2832488, 60.0356299 ], [ 30.2832207, 60.0360679 ], [ 30.2823929, 60.0364183 ], [ 30.2818981, 60.0363235 ], [ 30.2818432, 60.0362921 ], [ 30.281752, 60.0362552 ], [ 30.2816411, 60.0362103 ], [ 30.281536, 60.0361808 ], [ 30.2814475, 60.0361585 ], [ 30.2814235, 60.0361554 ], [ 30.2812797, 60.036137 ], [ 30.2811733, 60.0361327 ], [ 30.2810512, 60.0361497 ], [ 30.2808846, 60.0361979 ], [ 30.2807243, 60.0362518 ], [ 30.2805674, 60.0362893 ], [ 30.2804164, 60.0363185 ], [ 30.2802711, 60.036339 ], [ 30.2801499, 60.036342 ], [ 30.2800079, 60.0363608 ], [ 30.2798854, 60.0363917 ], [ 30.2797515, 60.0364162 ], [ 30.2796323, 60.0364325 ], [ 30.2794869, 60.0364717 ], [ 30.2793676, 60.0364879 ], [ 30.2791712, 60.0364886 ], [ 30.278984, 60.0364913 ], [ 30.2788315, 60.0364941 ], [ 30.2786755, 60.0365123 ], [ 30.2785183, 60.0365465 ], [ 30.2784095, 60.0365848 ], [ 30.2782662, 60.0366182 ], [ 30.2781375, 60.0366334 ], [ 30.2780286, 60.0366397 ], [ 30.2778805, 60.0366576 ], [ 30.2777647, 60.0366662 ], [ 30.2776677, 60.0367012 ], [ 30.2775663, 60.0367586 ], [ 30.2774344, 60.036819 ], [ 30.2773387, 60.0368518 ], [ 30.2772392, 60.0369052 ], [ 30.2771295, 60.0369779 ], [ 30.2770207, 60.0370295 ], [ 30.2769397, 60.0370647 ], [ 30.276888, 60.0371038 ], [ 30.2768309, 60.0371442 ], [ 30.2767871, 60.0371661 ], [ 30.2767526, 60.0371932 ], [ 30.27673, 60.0372251 ], [ 30.2767208, 60.0372595 ], [ 30.2766276, 60.0373549 ], [ 30.2766173, 60.037392 ], [ 30.2766441, 60.0374342 ], [ 30.2766736, 60.0374744 ], [ 30.2767064, 60.037496 ], [ 30.2767307, 60.0375217 ], [ 30.2767456, 60.0375494 ], [ 30.2767572, 60.0375713 ], [ 30.2767751, 60.0375983 ], [ 30.2767724, 60.0376298 ], [ 30.2767585, 60.0376669 ], [ 30.2767302, 60.0376929 ], [ 30.2766676, 60.0377296 ], [ 30.2765838, 60.0377755 ], [ 30.2765194, 60.0378122 ], [ 30.2764856, 60.0378358 ], [ 30.2764325, 60.0378527 ], [ 30.2763688, 60.0378586 ], [ 30.2763107, 60.0378569 ], [ 30.2762619, 60.0378485 ], [ 30.276223, 60.037834 ], [ 30.2761399, 60.0377904 ], [ 30.2760836, 60.0377478 ], [ 30.2760016, 60.0376943 ], [ 30.2759267, 60.0376315 ], [ 30.2759144, 60.0375596 ], [ 30.2759955, 60.037484 ], [ 30.2760923, 60.0374482 ], [ 30.2762032, 60.0374105 ], [ 30.2762466, 60.0373747 ], [ 30.2762596, 60.0373563 ], [ 30.2762427, 60.0373212 ], [ 30.2761857, 60.0372944 ], [ 30.2761379, 60.0372831 ], [ 30.2760569, 60.0372703 ], [ 30.2759755, 60.0372762 ] ] ] ] } },
{ "type": "Feature", "properties": { "full_id": "r1205339", "osm_id": "1205339", "osm_type": "relation", "boundary": "administrative", "wikimedia_commons": null, "start_date": null, "sqkm": null, "short_name:uk": null, "short_name:ru": null, "short_name:be": null, "short_name": null, "name:ru:word_stress": null, "oktmo": null, "contact:website": null, "contact:vk": null, "contact:instagram": null, "okato:user": null, "loc_name": null, "old_name:de": null, "oktmo:user": "40327000", "old_name:uk": null, "old_name": "Муниципальный округ № 70", "name:etymology:wikidata": null, "alt_name": null, "official_name": "муниципальный округ Коломяги", "addr:postcode": null, "url": "http://www.gov.spb.ru/law?d&nd=8414528&nh=0&header=010000003P01#I0", "place": null, "addr:region": "Санкт-Петербург", "old_name:vi": null, "old_name:os": null, "old_name:mk": null, "old_name:ku": null, "old_name:hr": null, "old_name:fr": null, "old_name:eo": null, "old_name:en": null, "old_name:ar": null, "old_name:1924-01-26--1991-09-06": null, "old_name:1914-08-31--1924-01-26": null, "old_alt_name:vi": null, "name:tzl": null, "name:sl": null, "name:pt": null, "name:os": null, "name:nb": null, "name:mk": null, "name:lb": null, "name:ku": null, "name:ko": null, "name:gl": null, "name:fy": null, "name:eo": null, "name:da": null, "name:bg": null, "name:ast": null, "name:ar": null, "name:ab": null, "int_name": null, "alt_name:vi": null, "alt_name:mk": null, "wikipedia": "ru:Коломяги (муниципальный округ)", "wikidata": "Q4228405", "website": null, "type": "boundary", "timezone": null, "ref": null, "population:date": null, "population": null, "official_status": "ru:внутригородская территория города федерального значения", "name:zh-Hant": null, "name:zh-Hans": null, "name:zh": null, "name:vi": null, "name:uk": "Округ Колом'яги", "name:tt": null, "name:tk": null, "name:sv": null, "name:sr": null, "name:sk": null, "name:ru": null, "name:ro": null, "name:pl": null, "name:nl": null, "name:mhr": null, "name:lv": null, "name:lt": null, "name:kv": null, "name:kbd": null, "name:ja": null, "name:it": null, "name:hu": null, "name:hr": null, "name:fr": null, "name:fi": null, "name:et": null, "name:es": null, "name:en": null, "name:el": null, "name:de": null, "name:cu": null, "name:cs": null, "name:ce": null, "name:ca": null, "name:be-tarask": null, "name:be": null, "name:af": null, "name": "округ Коломяги", "is_in:country_code": null, "is_in:country": null, "int_ref": null, "gost_7.67-2003": null, "admin_level": "8", "addr:country": "RU", "ISO3166-2": null }, "geometry": { "type": "MultiPolygon", "coordinates": [ [ [ [ 30.2521047, 60.0612595 ], [ 30.2582518, 60.0633569 ], [ 30.2585371, 60.0634535 ], [ 30.2602901, 60.0640468 ], [ 30.2611085, 60.0643238 ], [ 30.2619132, 60.0645961 ], [ 30.2663552, 60.0660887 ], [ 30.2683975, 60.0667906 ], [ 30.2702498, 60.0674174 ], [ 30.2703797, 60.0674611 ], [ 30.272435, 60.0681048 ], [ 30.272562, 60.0681438 ], [ 30.2729829, 60.0682877 ], [ 30.2731211, 60.0683317 ], [ 30.2740025, 60.0686123 ], [ 30.2794322, 60.0642381 ], [ 30.2810682, 60.0629093 ], [ 30.2847678, 60.05996 ], [ 30.2878831, 60.0574411 ], [ 30.2880189, 60.0573268 ], [ 30.2891294, 60.0564128 ], [ 30.289612, 60.0559411 ], [ 30.2896728, 60.0558891 ], [ 30.2901377, 60.055481 ], [ 30.2903522, 60.0553079 ], [ 30.2905083, 60.0551744 ], [ 30.2910201, 60.0547366 ], [ 30.2912134, 60.0546236 ], [ 30.2914653, 60.0544163 ], [ 30.2915839, 60.0543188 ], [ 30.2918229, 60.0541186 ], [ 30.2924903, 60.0535768 ], [ 30.292864, 60.0532894 ], [ 30.2927435, 60.0532011 ], [ 30.2932234, 60.0528944 ], [ 30.2934169, 60.0527396 ], [ 30.2935817, 60.0525761 ], [ 30.2937894, 60.0523645 ], [ 30.294025, 60.052095 ], [ 30.2942388, 60.0518208 ], [ 30.2944402, 60.0515624 ], [ 30.2946822, 60.0512432 ], [ 30.2948575, 60.0509672 ], [ 30.2949401, 60.0508372 ], [ 30.2952036, 60.0504072 ], [ 30.2953805, 60.0501184 ], [ 30.2955674, 60.0498133 ], [ 30.2956476, 60.0496824 ], [ 30.2958055, 60.0493772 ], [ 30.2959782, 60.0489715 ], [ 30.29611, 60.0486693 ], [ 30.2961384, 60.0485952 ], [ 30.2961433, 60.0485672 ], [ 30.2961813, 60.048374 ], [ 30.2962783, 60.0481231 ], [ 30.2963764, 60.0478693 ], [ 30.2965296, 60.0475242 ], [ 30.2965534, 60.0475065 ], [ 30.296578, 60.0474882 ], [ 30.2967109, 60.0471999 ], [ 30.2968485, 60.0469484 ], [ 30.2970029, 60.0466659 ], [ 30.2971658, 60.0464091 ], [ 30.2971836, 60.0463809 ], [ 30.2973134, 60.0461451 ], [ 30.2974556, 60.0458866 ], [ 30.2974039, 60.0458799 ], [ 30.2975537, 60.0455939 ], [ 30.2977329, 60.045251 ], [ 30.2978192, 60.0452577 ], [ 30.2978568, 60.0452056 ], [ 30.2980656, 60.0448718 ], [ 30.2982128, 60.0446364 ], [ 30.2983338, 60.0446576 ], [ 30.2985429, 60.0446892 ], [ 30.2993529, 60.0432521 ], [ 30.2994762, 60.0428743 ], [ 30.2995132, 60.0425828 ], [ 30.2997723, 60.0421721 ], [ 30.2998339, 60.0421537 ], [ 30.2998967, 60.0420474 ], [ 30.3000714, 60.0418717 ], [ 30.3001597, 60.0417356 ], [ 30.3005433, 60.0410092 ], [ 30.3016265, 60.0390064 ], [ 30.3019744, 60.0383962 ], [ 30.3023089, 60.0377858 ], [ 30.3024219, 60.0374054 ], [ 30.3027402, 60.0368393 ], [ 30.302727, 60.0367421 ], [ 30.3027647, 60.0366483 ], [ 30.3029513, 60.0362658 ], [ 30.3031923, 60.0358227 ], [ 30.3046699, 60.0331065 ], [ 30.3049804, 60.0325712 ], [ 30.3056185, 60.0314712 ], [ 30.3056629, 60.0313813 ], [ 30.3065719, 60.0295907 ], [ 30.3066327, 60.0295857 ], [ 30.3066934, 60.0295806 ], [ 30.3083198, 60.0266092 ], [ 30.3086057, 60.0260868 ], [ 30.3088162, 60.0255872 ], [ 30.3088848, 60.0255341 ], [ 30.3090026, 60.0254429 ], [ 30.3093463, 60.024787 ], [ 30.3122141, 60.0195349 ], [ 30.3121207, 60.0195222 ], [ 30.3122328, 60.0193167 ], [ 30.3120673, 60.019297 ], [ 30.3119133, 60.0192762 ], [ 30.3118441, 60.0192655 ], [ 30.311861, 60.0192267 ], [ 30.311984, 60.0189899 ], [ 30.3120238, 60.0189472 ], [ 30.3121181, 60.0187659 ], [ 30.3121296, 60.018724 ], [ 30.312135, 60.0187119 ], [ 30.3122797, 60.0184563 ], [ 30.3123008, 60.0184133 ], [ 30.3124465, 60.0181564 ], [ 30.3124749, 60.0181048 ], [ 30.3125081, 60.0180442 ], [ 30.3125365, 60.0179923 ], [ 30.3125736, 60.0179246 ], [ 30.3126008, 60.0178732 ], [ 30.3126116, 60.0178527 ], [ 30.3127214, 60.0176444 ], [ 30.3128022, 60.017655 ], [ 30.3129803, 60.0176785 ], [ 30.313082, 60.017692 ], [ 30.313115, 60.0176989 ], [ 30.3132023, 60.017518 ], [ 30.3133161, 60.0173083 ], [ 30.3136887, 60.0166331 ], [ 30.3137544, 60.0165033 ], [ 30.3142768, 60.0155215 ], [ 30.3153286, 60.0135427 ], [ 30.3159604, 60.0123923 ], [ 30.3157374, 60.0124507 ], [ 30.3142258, 60.0129158 ], [ 30.3137255, 60.0130732 ], [ 30.3136105, 60.0131132 ], [ 30.3136603, 60.0132593 ], [ 30.3136489, 60.0133291 ], [ 30.3135173, 60.0136581 ], [ 30.3133239, 60.0141304 ], [ 30.3131434, 60.0145973 ], [ 30.3130983, 60.0147141 ], [ 30.3130311, 60.0148567 ], [ 30.3128562, 60.015246 ], [ 30.3125515, 60.0159082 ], [ 30.3125013, 60.0160183 ], [ 30.3123648, 60.0163279 ], [ 30.3123344, 60.0163897 ], [ 30.3122967, 60.0164847 ], [ 30.3122447, 60.0166126 ], [ 30.3121644, 60.0165741 ], [ 30.3120497, 60.0165462 ], [ 30.3118969, 60.0165224 ], [ 30.3112606, 60.0164519 ], [ 30.3111776, 60.0164438 ], [ 30.311087, 60.0164337 ], [ 30.3108858, 60.0164113 ], [ 30.3107487, 60.016396 ], [ 30.3103569, 60.0163523 ], [ 30.3101816, 60.0163329 ], [ 30.3098757, 60.0162993 ], [ 30.3080681, 60.0161009 ], [ 30.3077478, 60.0160642 ], [ 30.3064877, 60.0159311 ], [ 30.3061147, 60.0158917 ], [ 30.3058939, 60.0158683 ], [ 30.3054147, 60.0158067 ], [ 30.3052231, 60.0157727 ], [ 30.3049009, 60.0156744 ], [ 30.3042253, 60.0154348 ], [ 30.30417, 60.0154152 ], [ 30.3040723, 60.0153797 ], [ 30.3040405, 60.0153681 ], [ 30.3036843, 60.0152409 ], [ 30.3036084, 60.0152137 ], [ 30.3026401, 60.0148609 ], [ 30.3016149, 60.0144874 ], [ 30.3015109, 60.0144575 ], [ 30.3014081, 60.0144383 ], [ 30.3012961, 60.0144312 ], [ 30.3011911, 60.0144373 ], [ 30.301091, 60.0144484 ], [ 30.3009885, 60.0144704 ], [ 30.3008935, 60.0144998 ], [ 30.300819, 60.0145342 ], [ 30.3005331, 60.0147012 ], [ 30.2995473, 60.0152938 ], [ 30.2990781, 60.0155702 ], [ 30.2990041, 60.0156056 ], [ 30.2989306, 60.0156233 ], [ 30.2988408, 60.0156262 ], [ 30.2987643, 60.0156191 ], [ 30.2987064, 60.015604 ], [ 30.2986434, 60.0155748 ], [ 30.2983777, 60.0153527 ], [ 30.2982226, 60.0152276 ], [ 30.2978518, 60.0149203 ], [ 30.2978012, 60.0148819 ], [ 30.2975847, 60.0147158 ], [ 30.297441, 60.0146578 ], [ 30.2972125, 60.0146111 ], [ 30.2970733, 60.0146041 ], [ 30.2968963, 60.0145991 ], [ 30.2967225, 60.0145997 ], [ 30.2965264, 60.0146145 ], [ 30.2963215, 60.0146388 ], [ 30.2961589, 60.0146728 ], [ 30.2960114, 60.014716 ], [ 30.2945706, 60.0151478 ], [ 30.2941372, 60.0152307 ], [ 30.2938093, 60.0152832 ], [ 30.2934401, 60.0153366 ], [ 30.2932219, 60.0153663 ], [ 30.2924933, 60.0154649 ], [ 30.281064, 60.0169541 ], [ 30.27872, 60.0172591 ], [ 30.2817006, 60.0232582 ], [ 30.2841903, 60.0278621 ], [ 30.2840963, 60.0283681 ], [ 30.2841681, 60.0285035 ], [ 30.2842425, 60.0286331 ], [ 30.2843219, 60.0287823 ], [ 30.2844876, 60.0290915 ], [ 30.2850613, 60.0301715 ], [ 30.2853647, 60.0307312 ], [ 30.2854712, 60.0309084 ], [ 30.2855697, 60.0309811 ], [ 30.2856714, 60.0310178 ], [ 30.2856885, 60.03158 ], [ 30.2852982, 60.032909 ], [ 30.2833211, 60.0331812 ], [ 30.28345, 60.0332258 ], [ 30.2835493, 60.0332763 ], [ 30.28418, 60.0336543 ], [ 30.2844242, 60.0338006 ], [ 30.2843773, 60.0338416 ], [ 30.2843428, 60.0338717 ], [ 30.2842966, 60.0339582 ], [ 30.2840428, 60.0344914 ], [ 30.2839217, 60.0347421 ], [ 30.2837259, 60.0350587 ], [ 30.2837399, 60.0354617 ], [ 30.2832488, 60.0356299 ], [ 30.2832207, 60.0360679 ], [ 30.2823929, 60.0364183 ], [ 30.2818981, 60.0363235 ], [ 30.2818432, 60.0362921 ], [ 30.281752, 60.0362552 ], [ 30.2816411, 60.0362103 ], [ 30.281536, 60.0361808 ], [ 30.2814475, 60.0361585 ], [ 30.2814235, 60.0361554 ], [ 30.2812797, 60.036137 ], [ 30.2811733, 60.0361327 ], [ 30.2810512, 60.0361497 ], [ 30.2808846, 60.0361979 ], [ 30.2807243, 60.0362518 ], [ 30.2805674, 60.0362893 ], [ 30.2804164, 60.0363185 ], [ 30.2802711, 60.036339 ], [ 30.2801499, 60.036342 ], [ 30.2800079, 60.0363608 ], [ 30.2798854, 60.0363917 ], [ 30.2797515, 60.0364162 ], [ 30.2796323, 60.0364325 ], [ 30.2794869, 60.0364717 ], [ 30.2793676, 60.0364879 ], [ 30.2791712, 60.0364886 ], [ 30.278984, 60.0364913 ], [ 30.2788315, 60.0364941 ], [ 30.2786755, 60.0365123 ], [ 30.2785183, 60.0365465 ], [ 30.2784095, 60.0365848 ], [ 30.2782662, 60.0366182 ], [ 30.2781375, 60.0366334 ], [ 30.2780286, 60.0366397 ], [ 30.2778805, 60.0366576 ], [ 30.2777647, 60.0366662 ], [ 30.2776677, 60.0367012 ], [ 30.2775663, 60.0367586 ], [ 30.2774344, 60.036819 ], [ 30.2773387, 60.0368518 ], [ 30.2772392, 60.0369052 ], [ 30.2771295, 60.0369779 ], [ 30.2770207, 60.0370295 ], [ 30.2769397, 60.0370647 ], [ 30.276888, 60.0371038 ], [ 30.2768309, 60.0371442 ], [ 30.2767871, 60.0371661 ], [ 30.2767526, 60.0371932 ], [ 30.27673, 60.0372251 ], [ 30.2767208, 60.0372595 ], [ 30.2766276, 60.0373549 ], [ 30.2766173, 60.037392 ], [ 30.2766441, 60.0374342 ], [ 30.2766736, 60.0374744 ], [ 30.2767064, 60.037496 ], [ 30.2767307, 60.0375217 ], [ 30.2767456, 60.0375494 ], [ 30.2767572, 60.0375713 ], [ 30.2767751, 60.0375983 ], [ 30.2767724, 60.0376298 ], [ 30.2767585, 60.0376669 ], [ 30.2767302, 60.0376929 ], [ 30.2766676, 60.0377296 ], [ 30.2765838, 60.0377755 ], [ 30.2765194, 60.0378122 ], [ 30.2764856, 60.0378358 ], [ 30.2764325, 60.0378527 ], [ 30.2763688, 60.0378586 ], [ 30.2763107, 60.0378569 ], [ 30.2762619, 60.0378485 ], [ 30.276223, 60.037834 ], [ 30.2761399, 60.0377904 ], [ 30.2760836, 60.0377478 ], [ 30.2760016, 60.0376943 ], [ 30.2759267, 60.0376315 ], [ 30.2759144, 60.0375596 ], [ 30.2759955, 60.037484 ], [ 30.2760923, 60.0374482 ], [ 30.2762032, 60.0374105 ], [ 30.2762466, 60.0373747 ], [ 30.2762596, 60.0373563 ], [ 30.2762427, 60.0373212 ], [ 30.2761857, 60.0372944 ], [ 30.2761379, 60.0372831 ], [ 30.2760569, 60.0372703 ], [ 30.2759755, 60.0372762 ], [ 30.2750942, 60.0366855 ], [ 30.2738775, 60.0370745 ], [ 30.2732432, 60.0372619 ], [ 30.2725715, 60.0373092 ], [ 30.2722659, 60.0373129 ], [ 30.2717855, 60.0373255 ], [ 30.2710869, 60.0373681 ], [ 30.2706311, 60.0374719 ], [ 30.2681955, 60.0382355 ], [ 30.26817, 60.0382439 ], [ 30.2681507, 60.0382502 ], [ 30.268, 60.0383014 ], [ 30.2678071, 60.0377457 ], [ 30.2672981, 60.0371169 ], [ 30.2668829, 60.0367825 ], [ 30.2658516, 60.0363343 ], [ 30.2619097, 60.0352733 ], [ 30.2609746, 60.0350077 ], [ 30.2591009, 60.0344633 ], [ 30.2583161, 60.0342381 ], [ 30.256908, 60.0338235 ], [ 30.2564048, 60.0336753 ], [ 30.2552038, 60.0333139 ], [ 30.2545705, 60.0331234 ], [ 30.2543591, 60.0330598 ], [ 30.2538732, 60.0329147 ], [ 30.2536245, 60.0328407 ], [ 30.2531591, 60.0328807 ], [ 30.2502645, 60.0320151 ], [ 30.2500128, 60.0315459 ], [ 30.237682, 60.0280248 ], [ 30.2369062, 60.0278033 ], [ 30.236676, 60.0279796 ], [ 30.2358736, 60.0277428 ], [ 30.2357494, 60.0278448 ], [ 30.2355857, 60.0279789 ], [ 30.2349293, 60.0285422 ], [ 30.2347091, 60.0287452 ], [ 30.2344935, 60.028944 ], [ 30.2341732, 60.0292118 ], [ 30.2339577, 60.0293996 ], [ 30.2336272, 60.0294632 ], [ 30.2335485, 60.029611 ], [ 30.2328032, 60.0297434 ], [ 30.2323419, 60.0297913 ], [ 30.23121, 60.0303031 ], [ 30.2305876, 60.0305984 ], [ 30.2301533, 60.0307533 ], [ 30.2299708, 60.0308591 ], [ 30.2278204, 60.0318463 ], [ 30.2276065, 60.0319395 ], [ 30.2275861, 60.0319484 ], [ 30.2271244, 60.0321497 ], [ 30.2265934, 60.0323813 ], [ 30.2265322, 60.032412 ], [ 30.2264585, 60.0324526 ], [ 30.2254859, 60.0331176 ], [ 30.2253185, 60.033232 ], [ 30.2251652, 60.0333227 ], [ 30.2249681, 60.0334394 ], [ 30.2248736, 60.0335004 ], [ 30.2247556, 60.0335803 ], [ 30.2239508, 60.033872 ], [ 30.2212103, 60.0351127 ], [ 30.2210679, 60.0351876 ], [ 30.2209203, 60.0352576 ], [ 30.2201217, 60.0355807 ], [ 30.2197087, 60.0357111 ], [ 30.2190325, 60.0358475 ], [ 30.2185702, 60.0359406 ], [ 30.2174381, 60.0361683 ], [ 30.2171632, 60.0362165 ], [ 30.216893, 60.0362537 ], [ 30.2166424, 60.0362822 ], [ 30.2163606, 60.0363022 ], [ 30.2160957, 60.0363079 ], [ 30.2156813, 60.0363107 ], [ 30.2153461, 60.0363096 ], [ 30.21498, 60.0363082 ], [ 30.2149647, 60.0363081 ], [ 30.2136796, 60.0363032 ], [ 30.2134605, 60.0363013 ], [ 30.2131899, 60.0362961 ], [ 30.2130146, 60.0362923 ], [ 30.2130879, 60.0360881 ], [ 30.2126113, 60.0360558 ], [ 30.2111051, 60.0359578 ], [ 30.2099004, 60.0358538 ], [ 30.2075582, 60.035597 ], [ 30.2050534, 60.0353823 ], [ 30.2037963, 60.0352487 ], [ 30.2033205, 60.0352143 ], [ 30.2004496, 60.0352678 ], [ 30.2000964, 60.0352947 ], [ 30.1998536, 60.0353385 ], [ 30.1994498, 60.0355057 ], [ 30.1978015, 60.0362055 ], [ 30.1974703, 60.0363684 ], [ 30.1971323, 60.0365197 ], [ 30.1969342, 60.0367948 ], [ 30.1967577, 60.0370272 ], [ 30.1965979, 60.0372592 ], [ 30.1964244, 60.0375197 ], [ 30.1962969, 60.037736 ], [ 30.1962742, 60.0379541 ], [ 30.1962409, 60.0380178 ], [ 30.1961259, 60.0381456 ], [ 30.1959185, 60.0382824 ], [ 30.1957231, 60.0383607 ], [ 30.1955513, 60.0384314 ], [ 30.1953541, 60.0384755 ], [ 30.1949036, 60.0385941 ], [ 30.1943537, 60.0387544 ], [ 30.1937379, 60.0389339 ], [ 30.19344, 60.039029 ], [ 30.1931256, 60.0390997 ], [ 30.1929388, 60.0391062 ], [ 30.1924963, 60.0391073 ], [ 30.1922207, 60.0391081 ], [ 30.1919545, 60.0391195 ], [ 30.1917672, 60.0391531 ], [ 30.1916233, 60.0392041 ], [ 30.1913547, 60.0392995 ], [ 30.1911841, 60.0394183 ], [ 30.1909021, 60.0392923 ], [ 30.1898722, 60.038928 ], [ 30.1893143, 60.0387565 ], [ 30.1885418, 60.038285 ], [ 30.1877752, 60.0382331 ], [ 30.1875886, 60.0382372 ], [ 30.1874435, 60.0381917 ], [ 30.1872735, 60.0382724 ], [ 30.187116, 60.0382859 ], [ 30.1870331, 60.0383728 ], [ 30.187174, 60.0384184 ], [ 30.1870828, 60.0384846 ], [ 30.186917, 60.0385054 ], [ 30.1866185, 60.0384929 ], [ 30.1863283, 60.0383439 ], [ 30.1862537, 60.0382196 ], [ 30.1864278, 60.0381037 ], [ 30.1864196, 60.0380043 ], [ 30.1862371, 60.0379795 ], [ 30.1861294, 60.0379091 ], [ 30.1861045, 60.0378138 ], [ 30.1863283, 60.0376151 ], [ 30.1867429, 60.0374846 ], [ 30.1867652, 60.0372365 ], [ 30.1866428, 60.0372002 ], [ 30.1864196, 60.0372445 ], [ 30.186262, 60.0372113 ], [ 30.1862123, 60.0370954 ], [ 30.1861211, 60.0369587 ], [ 30.1859718, 60.0369173 ], [ 30.1857728, 60.0369339 ], [ 30.1855739, 60.0368759 ], [ 30.1853666, 60.0368925 ], [ 30.1849354, 60.0368552 ], [ 30.184767, 60.0368068 ], [ 30.1846038, 60.03676 ], [ 30.1845623, 60.0366896 ], [ 30.1847282, 60.0365985 ], [ 30.1846784, 60.0365364 ], [ 30.1845457, 60.0365198 ], [ 30.1843385, 60.0363873 ], [ 30.1843023, 60.036307 ], [ 30.1842638, 60.0362216 ], [ 30.1841394, 60.036085 ], [ 30.1840732, 60.0359525 ], [ 30.1839952, 60.0358895 ], [ 30.1838994, 60.0357804 ], [ 30.1838849, 60.0356044 ], [ 30.1839737, 60.035497 ], [ 30.1839654, 60.0354348 ], [ 30.1842672, 60.035317 ], [ 30.1842393, 60.0352296 ], [ 30.1842469, 60.035039 ], [ 30.1842307, 60.0348923 ], [ 30.1842755, 60.03468 ], [ 30.1842638, 60.0344202 ], [ 30.1843219, 60.0342877 ], [ 30.1842224, 60.0341904 ], [ 30.1841975, 60.0339916 ], [ 30.1841146, 60.0337514 ], [ 30.1839819, 60.0335816 ], [ 30.1840649, 60.0335319 ], [ 30.18404, 60.0334615 ], [ 30.1841229, 60.033358 ], [ 30.1840068, 60.033271 ], [ 30.183841, 60.0331095 ], [ 30.1839416, 60.0330329 ], [ 30.1838595, 60.0329334 ], [ 30.1839181, 60.0328104 ], [ 30.183754, 60.0326581 ], [ 30.1837024, 60.0326521 ], [ 30.1836754, 60.0324415 ], [ 30.183627, 60.0323732 ], [ 30.1835513, 60.0322664 ], [ 30.1829197, 60.0326703 ], [ 30.1821184, 60.0332765 ], [ 30.1804331, 60.0342552 ], [ 30.1794884, 60.0347503 ], [ 30.1771324, 60.0357669 ], [ 30.1749514, 60.036262 ], [ 30.1703328, 60.0371212 ], [ 30.1672713, 60.0377328 ], [ 30.1667931, 60.0376862 ], [ 30.1648337, 60.0374649 ], [ 30.1630201, 60.0374066 ], [ 30.1626119, 60.0373192 ], [ 30.1615039, 60.0369989 ], [ 30.1597778, 60.0371678 ], [ 30.1593112, 60.0373222 ], [ 30.1582732, 60.0377648 ], [ 30.1579117, 60.0378289 ], [ 30.1575734, 60.0377823 ], [ 30.1570253, 60.0376483 ], [ 30.155894, 60.0374853 ], [ 30.1549201, 60.0373688 ], [ 30.1537888, 60.0373804 ], [ 30.1532873, 60.0372989 ], [ 30.1517827, 60.0368969 ], [ 30.148727, 60.0360843 ], [ 30.147654, 60.0359212 ], [ 30.1472341, 60.0360377 ], [ 30.1469775, 60.0362824 ], [ 30.146581, 60.0362999 ], [ 30.1450531, 60.0362649 ], [ 30.144505, 60.0364222 ], [ 30.1442481, 60.0364529 ], [ 30.144133, 60.0365245 ], [ 30.1438597, 60.0366454 ], [ 30.1435287, 60.0367314 ], [ 30.1432499, 60.036805 ], [ 30.1426494, 60.0371015 ], [ 30.1425979, 60.0372631 ], [ 30.1427754, 60.0376584 ], [ 30.1430197, 60.0380048 ], [ 30.1430592, 60.0382034 ], [ 30.1430522, 60.038369 ], [ 30.1428294, 60.0385942 ], [ 30.1424208, 60.0388772 ], [ 30.1421821, 60.0390005 ], [ 30.1417851, 60.03918 ], [ 30.1416468, 60.0392799 ], [ 30.141592, 60.0393528 ], [ 30.1415194, 60.0396255 ], [ 30.1415069, 60.0396724 ], [ 30.1414257, 60.0398042 ], [ 30.1413628, 60.0398715 ], [ 30.1412541, 60.0399287 ], [ 30.1410985, 60.0399783 ], [ 30.1409242, 60.0400225 ], [ 30.1394838, 60.0403976 ], [ 30.1392907, 60.0404538 ], [ 30.1391539, 60.0405221 ], [ 30.1389956, 60.0406507 ], [ 30.1389098, 60.0407686 ], [ 30.1387596, 60.0409856 ], [ 30.1387382, 60.0410579 ], [ 30.1386119, 60.0411907 ], [ 30.1384822, 60.0413917 ], [ 30.1384565, 60.0414544 ], [ 30.1383787, 60.0415437 ], [ 30.1383155, 60.0416823 ], [ 30.1382763, 60.0418375 ], [ 30.1382349, 60.0419328 ], [ 30.1382227, 60.0420577 ], [ 30.1382458, 60.0421363 ], [ 30.1383861, 60.0424445 ], [ 30.1387828, 60.0429621 ], [ 30.139068, 60.0433292 ], [ 30.1394141, 60.0435676 ], [ 30.1398562, 60.0437752 ], [ 30.1406705, 60.0439932 ], [ 30.1414806, 60.0443845 ], [ 30.1418705, 60.0446648 ], [ 30.1421136, 60.0449634 ], [ 30.1420977, 60.0451544 ], [ 30.1418239, 60.0454442 ], [ 30.1412535, 60.0456909 ], [ 30.1408913, 60.0457731 ], [ 30.1404535, 60.0458927 ], [ 30.1400223, 60.0460443 ], [ 30.1395227, 60.0461385 ], [ 30.1393841, 60.0462376 ], [ 30.1390989, 60.0462975 ], [ 30.1385219, 60.0462647 ], [ 30.1379919, 60.0463009 ], [ 30.1371586, 60.0462636 ], [ 30.1368178, 60.0462715 ], [ 30.1364308, 60.0463562 ], [ 30.1363968, 60.0465054 ], [ 30.1361647, 60.0466168 ], [ 30.1359691, 60.0466342 ], [ 30.1357111, 60.0466715 ], [ 30.1353931, 60.0466119 ], [ 30.1346985, 60.0466954 ], [ 30.1340537, 60.0468427 ], [ 30.1336238, 60.0471512 ], [ 30.133528, 60.0474121 ], [ 30.1335811, 60.0475636 ], [ 30.1335253, 60.0476108 ], [ 30.1335827, 60.0477622 ], [ 30.1336451, 60.0477949 ], [ 30.1337197, 60.0479286 ], [ 30.1338002, 60.0479573 ], [ 30.1338472, 60.0480255 ], [ 30.1338461, 60.0480702 ], [ 30.133975, 60.0481386 ], [ 30.1340135, 60.0482697 ], [ 30.1340901, 60.0485336 ], [ 30.1340961, 60.0486243 ], [ 30.1340902, 60.0487356 ], [ 30.1933177, 60.0638996 ], [ 30.1944228, 60.0629711 ], [ 30.1948022, 60.0626521 ], [ 30.1950774, 60.062421 ], [ 30.1943392, 60.0622605 ], [ 30.1944743, 60.0621023 ], [ 30.1945615, 60.0619945 ], [ 30.1958426, 60.0604713 ], [ 30.2022251, 60.062125 ], [ 30.2101937, 60.0603711 ], [ 30.2141129, 60.0612733 ], [ 30.2227842, 60.0513212 ], [ 30.2252849, 60.0521704 ], [ 30.2257035, 60.0523141 ], [ 30.2259421, 60.052396 ], [ 30.2273798, 60.052942 ], [ 30.2297012, 60.0537008 ], [ 30.2318671, 60.0544215 ], [ 30.2361721, 60.0558822 ], [ 30.241171, 60.0575736 ], [ 30.2491164, 60.0602592 ], [ 30.2505129, 60.0607276 ], [ 30.2511362, 60.060939 ], [ 30.2521047, 60.0612595 ] ] ] ] } },
{ "type": "Feature", "properties": { "full_id": "r1216601", "osm_id": "1216601", "osm_type": "relation", "boundary": "administrative", "wikimedia_commons": "Category:Northwestern Federal District", "start_date": "2000-05-13", "sqkm": "1686972", "short_name:uk": "Північно-Західний ФО", "short_name:ru": "Северо-Западный ФО", "short_name:be": "Паўночна-Заходняя ФА", "short_name": "СЗФО", "name:ru:word_stress": "Се́веро-За́падный федера́льный о́круг", "oktmo": null, "contact:website": "http://szfo.gov.ru", "contact:vk": null, "contact:instagram": null, "okato:user": null, "loc_name": null, "old_name:de": null, "oktmo:user": null, "old_name:uk": null, "old_name": null, "name:etymology:wikidata": null, "alt_name": null, "official_name": null, "addr:postcode": null, "url": null, "place": null, "addr:region": null, "old_name:vi": null, "old_name:os": null, "old_name:mk": null, "old_name:ku": null, "old_name:hr": null, "old_name:fr": null, "old_name:eo": null, "old_name:en": null, "old_name:ar": null, "old_name:1924-01-26--1991-09-06": null, "old_name:1914-08-31--1924-01-26": null, "old_alt_name:vi": null, "name:tzl": null, "name:sl": null, "name:pt": null, "name:os": null, "name:nb": null, "name:mk": null, "name:lb": null, "name:ku": null, "name:ko": null, "name:gl": null, "name:fy": null, "name:eo": "Nordokcidenta federacia regiono", "name:da": null, "name:bg": null, "name:ast": null, "name:ar": null, "name:ab": null, "int_name": null, "alt_name:vi": null, "alt_name:mk": null, "wikipedia": "ru:Северо-Западный федеральный округ", "wikidata": "Q383093", "website": null, "type": "boundary", "timezone": null, "ref": "СЗФО", "population:date": "2024-01-01", "population": "13840352", "official_status": "ru:федеральный округ", "name:zh-Hant": "西北聯邦管區", "name:zh-Hans": "西北联邦管区", "name:zh": "西北联邦管区", "name:vi": null, "name:uk": "Північно-Західний федеральний округ", "name:tt": null, "name:tk": null, "name:sv": "Nordvästra federala distriktet", "name:sr": null, "name:sk": "Severozápadný federálny okruh", "name:ru": "Северо-Западный федеральный округ", "name:ro": null, "name:pl": "Północno-Zachodni Okręg Federalny", "name:nl": null, "name:mhr": null, "name:lv": null, "name:lt": "Šiaurės-Vakarų federalinė apskritis", "name:kv": null, "name:kbd": null, "name:ja": "北西連邦管区", "name:it": null, "name:hu": "Északnyugati szövetségi körzet", "name:hr": null, "name:fr": "District fédéral du Nord-Ouest", "name:fi": "Luoteis-Venäjä", "name:et": null, "name:es": "Distrito federal del Noroeste", "name:en": "Northwestern Federal District", "name:el": null, "name:de": "Föderationskreis Nordwest", "name:cu": null, "name:cs": "Severozápadní federální okruh", "name:ce": null, "name:ca": "Districte Federal del Nord-oest", "name:be-tarask": null, "name:be": "Паўночна-Заходняя федэральная акруга", "name:af": null, "name": "Северо-Западный федеральный округ", "is_in:country_code": null, "is_in:country": null, "int_ref": null, "gost_7.67-2003": null, "admin_level": "3", "addr:country": "RU", "ISO3166-2": null }, "geometry": { "type": "MultiPolygon", "coordinates": [ [ [ [ 56.5519056, 81.7515873 ], [ 56.5457472, 81.7539272 ], [ 56.4974217, 81.7905166 ], [ 56.4971268, 81.8275876 ], [ 56.5451913, 81.8640263 ], [ 56.6308925, 81.8958559 ], [ 56.7537683, 81.9250084 ], [ 56.833313, 81.9392279 ], [ 56.9551083, 81.9570815 ], [ 57.1299343, 81.9778734 ], [ 57.241758, 81.9889543 ], [ 57.3563856, 81.9988063 ], [ 57.5726425, 82.0122388 ], [ 57.8634733, 82.0242017 ], [ 58.0724105, 82.0292481 ], [ 58.2418176, 82.0402687 ], [ 58.4378462, 82.0493623 ], [ 58.6544942, 82.0546231 ], [ 58.8986733, 82.0560423 ], [ 59.1319315, 82.0586232 ], [ 59.4198127, 82.0544709 ], [ 59.6869387, 82.044525 ], [ 59.940467, 82.0289652 ], [ 60.1724942, 82.0061971 ], [ 60.3524184, 81.980009 ], [ 60.4942801, 81.9496825 ], [ 60.6439114, 81.8930672 ], [ 60.6789047, 81.8758385 ], [ 60.7029497, 81.8592712 ], [ 60.7185875, 81.8398873 ], [ 60.7217722, 81.8238942 ], [ 60.7121879, 81.7892916 ], [ 60.7000402, 81.7743457 ], [ 60.6787832, 81.7628367 ], [ 60.6573099, 81.7322839 ], [ 60.6178103, 81.7065063 ], [ 60.6641653, 81.7228487 ], [ 60.7216188, 81.7386082 ], [ 60.777236, 81.7512526 ], [ 60.8586759, 81.7666728 ], [ 60.9948437, 81.7868999 ], [ 61.1483996, 81.8039897 ], [ 61.2617447, 81.8237943 ], [ 61.3318227, 81.8335254 ], [ 61.4614467, 81.8486361 ], [ 61.6341354, 81.8643383 ], [ 61.7978237, 81.875996 ], [ 61.9485505, 81.8842707 ], [ 62.1245253, 81.8910486 ], [ 62.3082685, 81.8946472 ], [ 62.4160252, 81.8990597 ], [ 62.564822, 81.9030018 ], [ 62.6968463, 81.9045718 ], [ 62.8797142, 81.9037742 ], [ 63.1018586, 81.9074909 ], [ 63.268718, 81.9082437 ], [ 63.4466727, 81.9070303 ], [ 63.680558, 81.9013037 ], [ 63.8645471, 81.8936978 ], [ 64.0284645, 81.8848348 ], [ 64.1172866, 81.8782352 ], [ 64.2927409, 81.8630727 ], [ 64.4527877, 81.8455732 ], [ 64.5937772, 81.8265747 ], [ 64.7492065, 81.8010358 ], [ 64.8547254, 81.7798895 ], [ 64.9339263, 81.7596086 ], [ 65.0039496, 81.7366585 ], [ 65.0653727, 81.7089813 ], [ 65.1120244, 81.6821879 ], [ 65.1340467, 81.6559068 ], [ 65.1317907, 81.62218 ], [ 65.0904725, 81.5894912 ], [ 65.051535, 81.5689285 ], [ 64.9687033, 81.534895 ], [ 64.8878168, 81.5104747 ], [ 64.7985981, 81.4900498 ], [ 64.7250903, 81.4758398 ], [ 64.5846152, 81.4532518 ], [ 64.5352993, 81.4466507 ], [ 64.3674471, 81.4269417 ], [ 64.2632145, 81.4164065 ], [ 64.0592183, 81.4005588 ], [ 63.9093541, 81.3913895 ], [ 63.8068578, 81.386761 ], [ 63.6950126, 81.3822953 ], [ 63.563422, 81.378723 ], [ 63.346115, 81.3766772 ], [ 63.2241034, 81.377622 ], [ 63.0729491, 81.3808762 ], [ 62.8847213, 81.3596983 ], [ 62.7051242, 81.3446765 ], [ 62.4990564, 81.332574 ], [ 62.3360268, 81.326557 ], [ 62.195075, 81.3237873 ], [ 62.097946, 81.3231201 ], [ 61.9948168, 81.3234888 ], [ 61.8719155, 81.3254637 ], [ 61.8925672, 81.3020171 ], [ 61.9619491, 81.2981168 ], [ 62.1432123, 81.2831186 ], [ 62.1754407, 81.2795135 ], [ 62.2369416, 81.2755689 ], [ 62.4694113, 81.2521102 ], [ 62.6517545, 81.223915 ], [ 62.7929596, 81.1907387 ], [ 62.8290883, 81.1763985 ], [ 62.8802741, 81.2104597 ], [ 62.9584362, 81.2388598 ], [ 63.0648698, 81.265065 ], [ 63.1971969, 81.2884309 ], [ 63.3422043, 81.3064451 ], [ 63.4462906, 81.3238894 ], [ 63.5180522, 81.3338169 ], [ 63.7051392, 81.3548382 ], [ 63.838394, 81.3665793 ], [ 63.9723237, 81.3760816 ], [ 64.1594274, 81.3861048 ], [ 64.362216, 81.3921281 ], [ 64.4804948, 81.3934991 ], [ 64.641099, 81.3931032 ], [ 64.8633321, 81.389143 ], [ 65.0693939, 81.382821 ], [ 65.2401717, 81.3747553 ], [ 65.366744, 81.3645731 ], [ 65.3710818, 81.3658319 ], [ 65.5720069, 81.3509106 ], [ 65.6914035, 81.3404368 ], [ 65.8097816, 81.327303 ], [ 65.9404463, 81.3087319 ], [ 66.1035276, 81.2799462 ], [ 66.2319021, 81.2540328 ], [ 66.2838487, 81.2423348 ], [ 66.3261406, 81.2318945 ], [ 66.3837798, 81.2150658 ], [ 66.4654994, 81.18531 ], [ 66.5254738, 81.1523986 ], [ 66.5709352, 81.1154601 ], [ 66.5751847, 81.0999901 ], [ 66.6033447, 81.0849193 ], [ 66.6206697, 81.0677966 ], [ 66.6446393, 81.0151531 ], [ 66.6248744, 80.9804488 ], [ 66.6007323, 80.963272 ], [ 66.6219463, 80.9306704 ], [ 66.6065785, 80.895913 ], [ 66.5552309, 80.8509313 ], [ 66.5228364, 80.832807 ], [ 66.481764, 80.8157488 ], [ 66.4219803, 80.7972301 ], [ 66.3561917, 80.7711055 ], [ 66.3059829, 80.7561739 ], [ 66.1976596, 80.7278117 ], [ 66.0839958, 80.7042928 ], [ 66.077276, 80.7005224 ], [ 66.0327404, 80.6874875 ], [ 65.9669058, 80.6707432 ], [ 65.8967027, 80.6553446 ], [ 65.7946834, 80.636481 ], [ 65.6691439, 80.6179089 ], [ 65.494179, 80.597467 ], [ 65.2784327, 80.5686321 ], [ 65.052946, 80.5435413 ], [ 64.8942648, 80.5296857 ], [ 64.7963024, 80.5231886 ], [ 64.5798657, 80.5108939 ], [ 64.4891089, 80.506993 ], [ 64.3721693, 80.5039568 ], [ 64.0938922, 80.4872153 ], [ 64.0036889, 80.4836147 ], [ 63.8584344, 80.4801982 ], [ 63.7785077, 80.4713559 ], [ 63.6773543, 80.4619073 ], [ 63.4949665, 80.4494668 ], [ 63.3081156, 80.4421463 ], [ 63.1167718, 80.4397444 ], [ 62.9897466, 80.4408508 ], [ 62.9051407, 80.4258835 ], [ 62.7714125, 80.4090001 ], [ 62.6730432, 80.3998074 ], [ 62.6799252, 80.3940456 ], [ 62.6777114, 80.3591547 ], [ 62.6392462, 80.3247321 ], [ 62.5606234, 80.290027 ], [ 62.4879095, 80.2684601 ], [ 62.4023314, 80.2489426 ], [ 62.2972263, 80.2302152 ], [ 62.1492169, 80.2103452 ], [ 61.9306312, 80.1873795 ], [ 61.7723625, 80.1733528 ], [ 61.6742645, 80.1602969 ], [ 61.4756973, 80.1427394 ], [ 61.4101002, 80.1394147 ], [ 61.3927992, 80.1145541 ], [ 61.3537699, 80.0886004 ], [ 61.2481103, 80.0486011 ], [ 61.128073, 80.0197168 ], [ 61.0174949, 80.0002909 ], [ 61.0101208, 79.9877893 ], [ 61.07715, 79.949322 ], [ 61.0951569, 79.9304554 ], [ 61.1032776, 79.902154 ], [ 61.0937293, 79.8788743 ], [ 61.0804376, 79.8646256 ], [ 61.0291887, 79.8289128 ], [ 60.953993, 79.7990835 ], [ 60.8528563, 79.7717911 ], [ 60.65754, 79.7368582 ], [ 60.5079669, 79.7190395 ], [ 60.3699213, 79.707289 ], [ 60.2532151, 79.7002414 ], [ 60.0952691, 79.6932418 ], [ 59.8418266, 79.6887937 ], [ 59.6977508, 79.6921112 ], [ 59.5902603, 79.6585735 ], [ 59.4751619, 79.6345183 ], [ 59.3567965, 79.6161047 ], [ 59.2625942, 79.6042443 ], [ 59.1794528, 79.5956844 ], [ 59.0582257, 79.5854791 ], [ 58.8752965, 79.5756928 ], [ 58.7546134, 79.5723537 ], [ 58.6375658, 79.5713177 ], [ 58.5336694, 79.5721811 ], [ 58.3770741, 79.5767308 ], [ 58.2334083, 79.5846257 ], [ 58.1469983, 79.591215 ], [ 58.0591901, 79.5995745 ], [ 57.9682759, 79.6102612 ], [ 57.9014008, 79.6196818 ], [ 57.8301003, 79.631502 ], [ 57.7677266, 79.6435852 ], [ 57.6704251, 79.6674308 ], [ 57.5929213, 79.6937521 ], [ 57.535134, 79.7234761 ], [ 57.5030034, 79.7558266 ], [ 57.4981925, 79.7708341 ], [ 57.5015483, 79.7901577 ], [ 57.4097411, 79.8066934 ], [ 57.3246444, 79.8260592 ], [ 57.2410581, 79.8511399 ], [ 57.2198445, 79.8602259 ], [ 57.0149119, 79.8317325 ], [ 56.8816074, 79.8195195 ], [ 56.7381121, 79.8103466 ], [ 56.4973384, 79.8022279 ], [ 56.3234753, 79.8009207 ], [ 56.150544, 79.804267 ], [ 55.9734556, 79.8126922 ], [ 55.8060019, 79.8259896 ], [ 55.6641526, 79.8421714 ], [ 55.5368227, 79.8618822 ], [ 55.4200306, 79.886292 ], [ 55.3502181, 79.9064181 ], [ 55.2508317, 79.9142243 ], [ 55.1617247, 79.9235301 ], [ 55.1158783, 79.9288965 ], [ 55.0043414, 79.9449195 ], [ 54.8699124, 79.9707028 ], [ 54.775284, 79.9959882 ], [ 54.7364741, 80.0110738 ], [ 54.5894173, 79.9998538 ], [ 54.5396195, 79.9973982 ], [ 54.5372755, 79.9867068 ], [ 54.5008783, 79.9552095 ], [ 54.4363324, 79.9251246 ], [ 54.3455107, 79.8972132 ], [ 54.2308955, 79.8721755 ], [ 54.0948655, 79.8505487 ], [ 53.8882024, 79.828185 ], [ 53.6600159, 79.8139397 ], [ 53.4886015, 79.8090419 ], [ 53.3958487, 79.8082825 ], [ 53.293537, 79.8089353 ], [ 53.1681104, 79.8118971 ], [ 52.9813249, 79.8195564 ], [ 52.7967831, 79.8329876 ], [ 52.6278782, 79.8518476 ], [ 52.5733782, 79.8608544 ], [ 52.5506902, 79.8600227 ], [ 52.5384827, 79.8530618 ], [ 52.4637027, 79.8264833 ], [ 52.3678916, 79.8021253 ], [ 52.2528077, 79.7804379 ], [ 52.0679488, 79.755659 ], [ 51.8837176, 79.7363027 ], [ 51.6966166, 79.7239998 ], [ 51.5822821, 79.7187396 ], [ 51.4323255, 79.7143552 ], [ 51.2788602, 79.7130761 ], [ 50.9605313, 79.7148821 ], [ 50.7879121, 79.7199789 ], [ 50.657234, 79.725373 ], [ 50.6139371, 79.7281268 ], [ 50.4975765, 79.7271605 ], [ 50.4073911, 79.7276126 ], [ 50.2636927, 79.7298892 ], [ 50.0934095, 79.736244 ], [ 49.9451972, 79.7456882 ], [ 49.9197829, 79.7483556 ], [ 49.8265216, 79.7510403 ], [ 49.6775325, 79.7591413 ], [ 49.5240275, 79.7719197 ], [ 49.3665243, 79.7911747 ], [ 49.2179715, 79.7898318 ], [ 49.127324, 79.7906409 ], [ 48.9311851, 79.7956964 ], [ 48.78611, 79.8018758 ], [ 48.6457385, 79.811407 ], [ 48.4966238, 79.8259783 ], [ 48.3611166, 79.8442869 ], [ 48.2590312, 79.8631487 ], [ 47.9946834, 79.8522362 ], [ 47.7931442, 79.8470728 ], [ 47.5896356, 79.8482206 ], [ 47.3903461, 79.8556444 ], [ 47.2013582, 79.8691182 ], [ 47.1384953, 79.8751482 ], [ 46.9855895, 79.8934189 ], [ 46.8509691, 79.9157407 ], [ 46.782005, 79.9304713 ], [ 46.4039582, 80.0013913 ], [ 46.32093, 80.0099466 ], [ 46.2423313, 80.0208056 ], [ 46.2241514, 80.0234224 ], [ 46.1243748, 80.0395562 ], [ 46.04066, 80.0564899 ], [ 45.967878, 80.0749053 ], [ 45.8623696, 80.1098526 ], [ 45.8001266, 80.1422063 ], [ 45.7661543, 80.173595 ], [ 45.6962876, 80.1925457 ], [ 45.6188362, 80.2200597 ], [ 45.5591066, 80.2544769 ], [ 45.5498435, 80.2673244 ], [ 45.355061, 80.2869312 ], [ 44.9644595, 80.3354283 ], [ 44.7613527, 80.3578384 ], [ 44.6014013, 80.3832473 ], [ 44.5627675, 80.3921315 ], [ 44.3739902, 80.4107871 ], [ 44.2935174, 80.4209483 ], [ 44.1886753, 80.4316067 ], [ 44.034935, 80.4537463 ], [ 43.9048126, 80.4798966 ], [ 43.8103928, 80.5065425 ], [ 43.7329446, 80.5399109 ], [ 43.6940915, 80.5699788 ], [ 43.6833764, 80.5924058 ], [ 43.689423, 80.6178375 ], [ 43.7249407, 80.650807 ], [ 43.7853883, 80.6791706 ], [ 43.8262355, 80.6929179 ], [ 43.9115566, 80.7162838 ], [ 44.0595631, 80.7449014 ], [ 44.1591604, 80.7599383 ], [ 44.2757537, 80.7748205 ], [ 44.4179158, 80.7892453 ], [ 44.5812826, 80.8010462 ], [ 44.7533702, 80.8089291 ], [ 44.8313032, 80.8107462 ], [ 45.0074579, 80.8223959 ], [ 45.2344733, 80.8334124 ], [ 45.3513665, 80.8381419 ], [ 45.5037278, 80.8416673 ], [ 45.5904196, 80.8589471 ], [ 45.7068271, 80.8761237 ], [ 45.8828468, 80.8951789 ], [ 45.934197, 80.8988009 ], [ 45.9675597, 80.9171632 ], [ 46.0704102, 80.9496584 ], [ 46.2097174, 80.9786397 ], [ 46.3813332, 81.0031491 ], [ 46.5791034, 81.0222788 ], [ 46.7964616, 81.0353777 ], [ 46.9331668, 81.0384934 ], [ 47.0871265, 81.0474577 ], [ 47.3409805, 81.0554886 ], [ 47.6001395, 81.0552579 ], [ 47.7802052, 81.0501348 ], [ 47.9524611, 81.0410676 ], [ 48.1582822, 81.023946 ], [ 48.2458841, 81.0139785 ], [ 48.2887014, 81.0145555 ], [ 48.5104244, 81.01238 ], [ 48.6782793, 81.0063931 ], [ 48.7969903, 81.0345346 ], [ 48.9346729, 81.0574077 ], [ 49.1102742, 81.0783187 ], [ 49.1264946, 81.0923497 ], [ 49.0995978, 81.1091641 ], [ 49.0822183, 81.1429821 ], [ 49.0915988, 81.1725258 ], [ 49.1298961, 81.2027564 ], [ 49.2087211, 81.2351523 ], [ 49.3231222, 81.2648509 ], [ 49.375773, 81.2765786 ], [ 49.4006002, 81.2842714 ], [ 49.521324, 81.3101388 ], [ 49.6686024, 81.3327877 ], [ 49.8987698, 81.3568332 ], [ 50.1587308, 81.3729275 ], [ 50.3868431, 81.3796486 ], [ 50.7530397, 81.3802053 ], [ 50.9825563, 81.3760774 ], [ 51.219307, 81.3649396 ], [ 51.4966651, 81.3431725 ], [ 51.6116881, 81.3329707 ], [ 51.7596662, 81.3158942 ], [ 51.8094383, 81.3089162 ], [ 51.9183584, 81.2918367 ], [ 51.9989534, 81.276566 ], [ 52.0636517, 81.2620067 ], [ 52.1185054, 81.2473577 ], [ 52.2012896, 81.2177452 ], [ 52.2350371, 81.2016522 ], [ 52.265974, 81.1816809 ], [ 52.2945664, 81.1453236 ], [ 52.2970743, 81.1185143 ], [ 52.274997, 81.0873866 ], [ 52.2038042, 81.049784 ], [ 52.1256466, 81.0245911 ], [ 52.0776731, 81.012553 ], [ 52.1051906, 81.0004067 ], [ 52.1417788, 80.9660343 ], [ 52.1462034, 80.9550033 ], [ 52.1719296, 80.9446473 ], [ 52.2159616, 80.9336466 ], [ 52.3509165, 80.9084478 ], [ 52.4272175, 80.8925393 ], [ 52.5236319, 80.8777101 ], [ 52.6996034, 80.8533503 ], [ 52.7717899, 80.8395851 ], [ 52.7851792, 80.8556653 ], [ 52.8123502, 80.8761058 ], [ 52.8707922, 80.9038669 ], [ 52.9407394, 80.9263981 ], [ 53.1340181, 80.9727391 ], [ 53.0495775, 80.9967986 ], [ 53.0098884, 81.0114974 ], [ 52.9612323, 81.0361385 ], [ 52.9172076, 81.0770426 ], [ 52.9078641, 81.1042486 ], [ 52.9181739, 81.1280147 ], [ 52.9593389, 81.1592993 ], [ 53.0299211, 81.1883152 ], [ 53.1268067, 81.2143267 ], [ 53.0584444, 81.2339557 ], [ 53.0157512, 81.2512861 ], [ 52.9686331, 81.2636446 ], [ 52.8912097, 81.294931 ], [ 52.8488559, 81.3277293 ], [ 52.843139, 81.3611347 ], [ 52.8746384, 81.3942156 ], [ 52.9428836, 81.4260387 ], [ 53.0417082, 81.4546154 ], [ 53.1705892, 81.4803973 ], [ 53.3264233, 81.5027291 ], [ 53.5051837, 81.5210058 ], [ 53.7913116, 81.5391647 ], [ 53.9040881, 81.5433553 ], [ 53.9971578, 81.5456085 ], [ 54.0913532, 81.5575991 ], [ 54.2949361, 81.5753867 ], [ 54.5171464, 81.5876133 ], [ 54.6435421, 81.5919767 ], [ 54.7685984, 81.5945529 ], [ 54.8782405, 81.5954184 ], [ 55.0848692, 81.5935222 ], [ 55.3336204, 81.5848365 ], [ 55.4441867, 81.5769695 ], [ 55.5426074, 81.6221104 ], [ 55.6415771, 81.6476766 ], [ 55.7658669, 81.6708247 ], [ 55.9137335, 81.691135 ], [ 56.1399909, 81.7142178 ], [ 56.3891606, 81.7300406 ], [ 56.5491339, 81.7350729 ], [ 56.5519056, 81.7515873 ] ] ], [ [ [ 48.6094362, 60.0231832 ], [ 48.6097374, 60.0220579 ], [ 48.6110189, 60.0216755 ], [ 48.6123407, 60.0219746 ], [ 48.6145626, 60.0225857 ], [ 48.6207452, 60.0238591 ], [ 48.6238146, 60.0227749 ], [ 48.6244154, 60.0218742 ], [ 48.6264324, 60.0209736 ], [ 48.6269903, 60.0191508 ], [ 48.6258316, 60.017092 ], [ 48.6232567, 60.0152046 ], [ 48.6171198, 60.0140464 ], [ 48.6138153, 60.0143253 ], [ 48.6130858, 60.0152046 ], [ 48.6111975, 60.0154406 ], [ 48.6090946, 60.0173923 ], [ 48.6064768, 60.0174137 ], [ 48.6047173, 60.0188291 ], [ 48.6036973, 60.0192782 ], [ 48.603574, 60.0201007 ], [ 48.6040529, 60.0216678 ], [ 48.6044462, 60.0220792 ], [ 48.6052331, 60.022751 ], [ 48.6022317, 60.0236747 ], [ 48.6017978, 60.0238048 ], [ 48.6010118, 60.0239918 ], [ 48.6005019, 60.0240734 ], [ 48.5983033, 60.0243973 ], [ 48.5986447, 60.0244795 ], [ 48.5990989, 60.0244787 ], [ 48.6019742, 60.0242871 ], [ 48.6054782, 60.0244587 ], [ 48.6086947, 60.0232832 ], [ 48.6094362, 60.0231832 ] ] ] ] } },
{ "type": "Feature", "properties": { "full_id": "w495468422", "osm_id": "495468422", "osm_type": "way", "boundary": "administrative", "wikimedia_commons": null, "start_date": null, "sqkm": null, "short_name:uk": null, "short_name:ru": null, "short_name:be": null, "short_name": null, "name:ru:word_stress": null, "oktmo": null, "contact:website": null, "contact:vk": null, "contact:instagram": null, "okato:user": null, "loc_name": null, "old_name:de": null, "oktmo:user": null, "old_name:uk": null, "old_name": null, "name:etymology:wikidata": null, "alt_name": null, "official_name": null, "addr:postcode": null, "url": null, "place": null, "addr:region": null, "old_name:vi": null, "old_name:os": null, "old_name:mk": null, "old_name:ku": null, "old_name:hr": null, "old_name:fr": null, "old_name:eo": null, "old_name:en": null, "old_name:ar": null, "old_name:1924-01-26--1991-09-06": null, "old_name:1914-08-31--1924-01-26": null, "old_alt_name:vi": null, "name:tzl": null, "name:sl": null, "name:pt": null, "name:os": null, "name:nb": null, "name:mk": null, "name:lb": null, "name:ku": null, "name:ko": null, "name:gl": null, "name:fy": null, "name:eo": null, "name:da": null, "name:bg": null, "name:ast": null, "name:ar": null, "name:ab": null, "int_name": null, "alt_name:vi": null, "alt_name:mk": null, "wikipedia": null, "wikidata": null, "website": null, "type": null, "timezone": null, "ref": null, "population:date": null, "population": null, "official_status": null, "name:zh-Hant": null, "name:zh-Hans": null, "name:zh": null, "name:vi": null, "name:uk": null, "name:tt": null, "name:tk": null, "name:sv": null, "name:sr": null, "name:sk": null, "name:ru": null, "name:ro": null, "name:pl": null, "name:nl": null, "name:mhr": null, "name:lv": null, "name:lt": null, "name:kv": null, "name:kbd": null, "name:ja": null, "name:it": null, "name:hu": null, "name:hr": null, "name:fr": null, "name:fi": null, "name:et": null, "name:es": null, "name:en": null, "name:el": null, "name:de": null, "name:cu": null, "name:cs": null, "name:ce": null, "name:ca": null, "name:be-tarask": null, "name:be": null, "name:af": null, "name": null, "is_in:country_code": null, "is_in:country": null, "int_ref": null, "gost_7.67-2003": null, "admin_level": "3", "addr:country": null, "ISO3166-2": null }, "geometry": { "type": "MultiPolygon", "coordinates": [ [ [ [ 48.6094362, 60.0231832 ], [ 48.6097374, 60.0220579 ], [ 48.6110189, 60.0216755 ], [ 48.6123407, 60.0219746 ], [ 48.6145626, 60.0225857 ], [ 48.6207452, 60.0238591 ], [ 48.6238146, 60.0227749 ], [ 48.6244154, 60.0218742 ], [ 48.6264324, 60.0209736 ], [ 48.6269903, 60.0191508 ], [ 48.6258316, 60.017092 ], [ 48.6232567, 60.0152046 ], [ 48.6171198, 60.0140464 ], [ 48.6138153, 60.0143253 ], [ 48.6130858, 60.0152046 ], [ 48.6111975, 60.0154406 ], [ 48.6090946, 60.0173923 ], [ 48.6064768, 60.0174137 ], [ 48.6047173, 60.0188291 ], [ 48.6036973, 60.0192782 ], [ 48.603574, 60.0201007 ], [ 48.6040529, 60.0216678 ], [ 48.6044462, 60.0220792 ], [ 48.6052331, 60.022751 ], [ 48.6022317, 60.0236747 ], [ 48.6017978, 60.0238048 ], [ 48.6010118, 60.0239918 ], [ 48.6005019, 60.0240734 ], [ 48.5983033, 60.0243973 ], [ 48.5986447, 60.0244795 ], [ 48.5990989, 60.0244787 ], [ 48.6019742, 60.0242871 ], [ 48.6054782, 60.0244587 ], [ 48.6086947, 60.0232832 ], [ 48.6094362, 60.0231832 ] ] ] ] } }
]
}
