{
"type": "FeatureCollection",
"name": "Primorskiy_district",
"crs": { "type": "name", "properties": { "name": "urn:ogc:def:crs:OGC:1.3:CRS84" } },
"features": [
{ "type": "Feature", "properties": { "full_id": "r1198679", "osm_id": "1198679", "osm_type": "relation", "boundary": "administrative", "place": null, "name:ru": null, "name:fi": null, "name:en": null, "name:ca": null, "old_name": null, "alt_name": null, "wikipedia": "ru:Озеро Долгое (муниципальный округ)", "wikidata": "Q4332098", "website": "https://ozero-dolgoe.net/", "url": "http://www.gov.spb.ru/law?d&nd=8414528&nh=0&header=010000003L01#I0", "type": "boundary", "ref": "68", "oktmo:user": "40325000", "oktmo": "40325000", "official_status": "ru:внутригородская территория города федерального значения", "official_name": "муниципальный округ Озеро Долгое", "name:uk": "Округ Озеро Довге", "name": "округ Озеро Долгое", "admin_level": "8", "addr:region": "Санкт-Петербург", "addr:country": "RU" }, "geometry": { "type": "MultiPolygon", "coordinates": [ [ [ [ 30.2784781, 59.9936133 ], [ 30.2784223, 59.9931684 ], [ 30.2790771, 59.992452 ], [ 30.2800105, 59.991839 ], [ 30.2808826, 59.9914334 ], [ 30.2825185, 59.9907591 ], [ 30.2831407, 59.9906153 ], [ 30.2835367, 59.9904668 ], [ 30.284192, 59.9904078 ], [ 30.2858938, 59.9900636 ], [ 30.2880128, 59.9896742 ], [ 30.2863918, 59.9891331 ], [ 30.2809635, 59.9879029 ], [ 30.2792935, 59.9875491 ], [ 30.2777053, 59.9874016 ], [ 30.2758924, 59.9874213 ], [ 30.2730918, 59.9875106 ], [ 30.2710907, 59.9875956 ], [ 30.269462, 59.9876817 ], [ 30.2674201, 59.9879056 ], [ 30.2656883, 59.9880946 ], [ 30.2636057, 59.9882331 ], [ 30.2615076, 59.9883213 ], [ 30.2589903, 59.9883914 ], [ 30.2572092, 59.988343 ], [ 30.2562928, 59.9882847 ], [ 30.2561819, 59.9882761 ], [ 30.2561125, 59.9889267 ], [ 30.2560807, 59.9892612 ], [ 30.2557938, 59.9919467 ], [ 30.2555895, 59.9938107 ], [ 30.2554316, 59.9952514 ], [ 30.2550204, 59.9993929 ], [ 30.2550353, 59.9999873 ], [ 30.2554511, 60.0008155 ], [ 30.2557347, 60.0013803 ], [ 30.2557675, 60.0014428 ], [ 30.2570975, 60.0039776 ], [ 30.2574398, 60.0046664 ], [ 30.2574512, 60.0046896 ], [ 30.2573289, 60.0047054 ], [ 30.2570814, 60.0047374 ], [ 30.2566189, 60.0047972 ], [ 30.2562476, 60.0048453 ], [ 30.2548905, 60.0050208 ], [ 30.2542089, 60.005109 ], [ 30.2526851, 60.0053061 ], [ 30.2525325, 60.0053258 ], [ 30.2516453, 60.0054406 ], [ 30.2492791, 60.0057467 ], [ 30.2489714, 60.0057865 ], [ 30.2482528, 60.0058794 ], [ 30.2477929, 60.0059389 ], [ 30.2474604, 60.005982 ], [ 30.2472686, 60.0060068 ], [ 30.2472049, 60.006015 ], [ 30.2470031, 60.0060411 ], [ 30.2467458, 60.0060744 ], [ 30.2463118, 60.0061305 ], [ 30.2455624, 60.0062274 ], [ 30.2453136, 60.0062596 ], [ 30.2444741, 60.0063682 ], [ 30.243874, 60.0064458 ], [ 30.2437878, 60.006457 ], [ 30.2436038, 60.0064808 ], [ 30.2434607, 60.0064993 ], [ 30.2430815, 60.0065484 ], [ 30.2422828, 60.0066517 ], [ 30.2416167, 60.0067379 ], [ 30.2405254, 60.0068791 ], [ 30.2403109, 60.0069068 ], [ 30.2401233, 60.006931 ], [ 30.2400249, 60.0069439 ], [ 30.2392788, 60.0070403 ], [ 30.2383375, 60.007162 ], [ 30.2370787, 60.0073248 ], [ 30.2365776, 60.0073897 ], [ 30.2362399, 60.0074553 ], [ 30.2362556, 60.0076103 ], [ 30.2361737, 60.0078096 ], [ 30.2360378, 60.0081333 ], [ 30.2357454, 60.0088274 ], [ 30.2353966, 60.0096662 ], [ 30.235356, 60.0097633 ], [ 30.2352743, 60.0099588 ], [ 30.2352107, 60.0101104 ], [ 30.2350572, 60.0104761 ], [ 30.2349015, 60.0108472 ], [ 30.2348266, 60.011047 ], [ 30.2345399, 60.011746 ], [ 30.2344332, 60.0120029 ], [ 30.2344252, 60.0120222 ], [ 30.2344188, 60.0120379 ], [ 30.2343707, 60.0121546 ], [ 30.2343307, 60.0122166 ], [ 30.2342898, 60.0122561 ], [ 30.2344943, 60.0123153 ], [ 30.2345908, 60.012343 ], [ 30.2346678, 60.0123657 ], [ 30.2359308, 60.0127379 ], [ 30.2369271, 60.0130302 ], [ 30.2376015, 60.0132318 ], [ 30.2377893, 60.0132865 ], [ 30.2394646, 60.0137743 ], [ 30.2395442, 60.0137974 ], [ 30.2400825, 60.0139486 ], [ 30.2411391, 60.0142453 ], [ 30.2414244, 60.0143164 ], [ 30.2415883, 60.0143542 ], [ 30.241636, 60.0143651 ], [ 30.2418139, 60.0144061 ], [ 30.2420342, 60.0144569 ], [ 30.2451174, 60.0153643 ], [ 30.245197, 60.0153878 ], [ 30.2453726, 60.0154392 ], [ 30.2455682, 60.0154965 ], [ 30.2457784, 60.015558 ], [ 30.2470682, 60.0159381 ], [ 30.2487873, 60.016448 ], [ 30.2488248, 60.0164591 ], [ 30.249077, 60.016534 ], [ 30.2493372, 60.0166112 ], [ 30.2495669, 60.0166794 ], [ 30.2495984, 60.0166886 ], [ 30.2499624, 60.0167949 ], [ 30.2510377, 60.0171116 ], [ 30.2514344, 60.0172281 ], [ 30.2517271, 60.0173146 ], [ 30.2519226, 60.0173745 ], [ 30.2527658, 60.0176215 ], [ 30.2530304, 60.017699 ], [ 30.2540161, 60.0179897 ], [ 30.2550469, 60.0182967 ], [ 30.25516, 60.0183336 ], [ 30.2563997, 60.018696 ], [ 30.2566752, 60.0187686 ], [ 30.2570699, 60.0188822 ], [ 30.2573196, 60.0189527 ], [ 30.257646, 60.0190488 ], [ 30.2587053, 60.0193607 ], [ 30.2627601, 60.0205545 ], [ 30.2638216, 60.020867 ], [ 30.2641582, 60.0209658 ], [ 30.2642869, 60.0210035 ], [ 30.2658139, 60.0196924 ], [ 30.2662502, 60.0194018 ], [ 30.2667393, 60.0191386 ], [ 30.2673688, 60.0189063 ], [ 30.2679201, 60.0187327 ], [ 30.2688256, 60.0185432 ], [ 30.2716548, 60.0181794 ], [ 30.27872, 60.0172591 ], [ 30.281064, 60.0169541 ], [ 30.2810292, 60.0168806 ], [ 30.280941, 60.0167147 ], [ 30.2809113, 60.0166588 ], [ 30.2805651, 60.0159909 ], [ 30.2804838, 60.0158341 ], [ 30.2804266, 60.0157237 ], [ 30.2804062, 60.0156843 ], [ 30.2801157, 60.0151254 ], [ 30.2800657, 60.0150276 ], [ 30.279373, 60.0136912 ], [ 30.2792845, 60.0135205 ], [ 30.2792184, 60.0134009 ], [ 30.2791505, 60.0132747 ], [ 30.2791219, 60.0132223 ], [ 30.2788908, 60.0127807 ], [ 30.2788415, 60.0126867 ], [ 30.278638, 60.012289 ], [ 30.2784004, 60.0118246 ], [ 30.2783152, 60.0116558 ], [ 30.2782774, 60.0115839 ], [ 30.2781861, 60.0114055 ], [ 30.2781684, 60.0113712 ], [ 30.2781481, 60.0113321 ], [ 30.2780293, 60.0111025 ], [ 30.278017, 60.0110788 ], [ 30.277972, 60.0109917 ], [ 30.2779306, 60.0109115 ], [ 30.2778944, 60.0108415 ], [ 30.2778195, 60.0106965 ], [ 30.2777605, 60.0105821 ], [ 30.2775812, 60.0102416 ], [ 30.276656, 60.0084436 ], [ 30.276605, 60.0083449 ], [ 30.276324, 60.0078008 ], [ 30.2762774, 60.0077105 ], [ 30.2758362, 60.0068566 ], [ 30.2758143, 60.0068141 ], [ 30.2757705, 60.0067292 ], [ 30.2757266, 60.0066444 ], [ 30.2756692, 60.0065329 ], [ 30.2756083, 60.0064149 ], [ 30.2754777, 60.0061621 ], [ 30.2754126, 60.006036 ], [ 30.2753802, 60.0059754 ], [ 30.2753725, 60.0059609 ], [ 30.2753591, 60.0059358 ], [ 30.2753063, 60.0058374 ], [ 30.2752303, 60.005691 ], [ 30.2750529, 60.0053428 ], [ 30.2747163, 60.0046984 ], [ 30.2745373, 60.0043556 ], [ 30.274453, 60.0042005 ], [ 30.2744204, 60.0040959 ], [ 30.2744314, 60.0039947 ], [ 30.2744449, 60.0039227 ], [ 30.2747025, 60.0032636 ], [ 30.2747753, 60.0030785 ], [ 30.2748426, 60.0029029 ], [ 30.2749563, 60.0026063 ], [ 30.2749972, 60.0024996 ], [ 30.2751408, 60.002125 ], [ 30.27517, 60.0020489 ], [ 30.2753269, 60.0016396 ], [ 30.2754312, 60.0013675 ], [ 30.2754762, 60.0012501 ], [ 30.2756155, 60.0008869 ], [ 30.2756684, 60.0007489 ], [ 30.2757471, 60.0005436 ], [ 30.2758815, 60.0001929 ], [ 30.2764047, 59.9988259 ], [ 30.2764222, 59.9987823 ], [ 30.2764715, 59.9986472 ], [ 30.2765639, 59.9984315 ], [ 30.2765868, 59.998366 ], [ 30.2766057, 59.9983119 ], [ 30.2766907, 59.9980692 ], [ 30.2767186, 59.9979898 ], [ 30.2767721, 59.9978371 ], [ 30.2771364, 59.9967969 ], [ 30.2773221, 59.9964173 ], [ 30.2773655, 59.9963041 ], [ 30.2779707, 59.9947246 ], [ 30.2781644, 59.994285 ], [ 30.2783616, 59.9939364 ], [ 30.2784564, 59.9938244 ], [ 30.2785745, 59.9937844 ], [ 30.2785286, 59.993706 ], [ 30.2784781, 59.9936133 ] ] ] ] } },
{ "type": "Feature", "properties": { "full_id": "r1198680", "osm_id": "1198680", "osm_type": "relation", "boundary": "administrative", "place": null, "name:ru": null, "name:fi": null, "name:en": null, "name:ca": null, "old_name": null, "alt_name": "округ N 65", "wikipedia": "ru:Муниципальный округ № 65 (Санкт-Петербург)", "wikidata": "Q4032083", "website": null, "url": "http://www.gov.spb.ru/law?d&nd=8414528&nh=0&header=010000003F01#I0", "type": "boundary", "ref": null, "oktmo:user": null, "oktmo": null, "official_status": "ru:внутригородская территория города федерального значения", "official_name": "муниципальный округ № 65", "name:uk": "Округ №65", "name": "округ № 65", "admin_level": "8", "addr:region": "Санкт-Петербург", "addr:country": "RU" }, "geometry": { "type": "MultiPolygon", "coordinates": [ [ [ [ 30.2043648, 59.9791268 ], [ 30.204347, 59.9791612 ], [ 30.2044087, 59.9792604 ], [ 30.2044922, 59.9793001 ], [ 30.2046499, 59.9793634 ], [ 30.2051855, 59.9794683 ], [ 30.2057273, 59.9794627 ], [ 30.2063056, 59.979401 ], [ 30.2067, 59.9793835 ], [ 30.2075368, 59.9793634 ], [ 30.2077853, 59.9793777 ], [ 30.2080276, 59.9793598 ], [ 30.2086806, 59.9794353 ], [ 30.2090014, 59.9794852 ], [ 30.2092518, 59.9795484 ], [ 30.2094983, 59.9795847 ], [ 30.2098013, 59.9796484 ], [ 30.2100316, 59.9796988 ], [ 30.2103692, 59.9797697 ], [ 30.2104808, 59.97979 ], [ 30.2106314, 59.9798094 ], [ 30.2107538, 59.9798514 ], [ 30.2112254, 59.9799715 ], [ 30.2117613, 59.980018 ], [ 30.2121707, 59.9800979 ], [ 30.2122901, 59.9801323 ], [ 30.2126839, 59.9801709 ], [ 30.2129642, 59.9802108 ], [ 30.2132399, 59.9802913 ], [ 30.2134317, 59.9804025 ], [ 30.2136423, 59.9805124 ], [ 30.2138674, 59.9805354 ], [ 30.2140409, 59.9805749 ], [ 30.2142789, 59.980659 ], [ 30.2145317, 59.9806864 ], [ 30.2147042, 59.9807435 ], [ 30.2148907, 59.9808475 ], [ 30.2149585, 59.9809669 ], [ 30.2151867, 59.981012 ], [ 30.2155298, 59.9811816 ], [ 30.2155673, 59.9812232 ], [ 30.2155647, 59.9812568 ], [ 30.2155218, 59.9812836 ], [ 30.2154654, 59.9813118 ], [ 30.215385, 59.9813051 ], [ 30.215334, 59.9812826 ], [ 30.2148217, 59.9811374 ], [ 30.2147412, 59.9811266 ], [ 30.2146538, 59.9811315 ], [ 30.2145505, 59.9811993 ], [ 30.2145427, 59.981238 ], [ 30.214568, 59.981272 ], [ 30.2146769, 59.9813011 ], [ 30.2152911, 59.981336 ], [ 30.2163339, 59.9813934 ], [ 30.216424, 59.9814094 ], [ 30.2164702, 59.9814396 ], [ 30.2165923, 59.9815596 ], [ 30.2166912, 59.9816056 ], [ 30.2167743, 59.9817009 ], [ 30.216892, 59.9817828 ], [ 30.2169054, 59.9818992 ], [ 30.2169441, 59.9819306 ], [ 30.2170132, 59.9819443 ], [ 30.2170602, 59.9819354 ], [ 30.2170822, 59.981909 ], [ 30.2171145, 59.981871 ], [ 30.2172135, 59.9818185 ], [ 30.2172679, 59.9817271 ], [ 30.2174865, 59.9816446 ], [ 30.2177386, 59.9815842 ], [ 30.2180725, 59.9814909 ], [ 30.2183354, 59.9814587 ], [ 30.2184668, 59.9814547 ], [ 30.2186102, 59.9814367 ], [ 30.2187413, 59.9813878 ], [ 30.2188312, 59.9813456 ], [ 30.2188674, 59.9813351 ], [ 30.218984, 59.9813752 ], [ 30.2189943, 59.9814302 ], [ 30.2192541, 59.9816206 ], [ 30.2191525, 59.9817254 ], [ 30.2190854, 59.9818082 ], [ 30.2190594, 59.9818517 ], [ 30.2190338, 59.9818945 ], [ 30.2191023, 59.9819639 ], [ 30.219316, 59.9820376 ], [ 30.2194911, 59.9820578 ], [ 30.2206495, 59.9818462 ], [ 30.2209553, 59.9818423 ], [ 30.2212795, 59.981859 ], [ 30.2217809, 59.9820239 ], [ 30.2219306, 59.9821512 ], [ 30.2219782, 59.9823424 ], [ 30.2219201, 59.9824777 ], [ 30.2219633, 59.9826531 ], [ 30.2220794, 59.9827911 ], [ 30.2221976, 59.982865 ], [ 30.2223591, 59.9829003 ], [ 30.2224127, 59.9828995 ], [ 30.2225808, 59.9828956 ], [ 30.2227499, 59.9828917 ], [ 30.2230263, 59.9828547 ], [ 30.2232024, 59.9828203 ], [ 30.2232917, 59.9825526 ], [ 30.2232512, 59.9821196 ], [ 30.2232572, 59.981966 ], [ 30.2232023, 59.9818821 ], [ 30.2231788, 59.9818084 ], [ 30.2232331, 59.9816781 ], [ 30.2233375, 59.9815639 ], [ 30.2234597, 59.9815091 ], [ 30.2236391, 59.9814741 ], [ 30.2238998, 59.981462 ], [ 30.2247032, 59.9815101 ], [ 30.2249175, 59.9815185 ], [ 30.2251052, 59.9815076 ], [ 30.2251593, 59.9814708 ], [ 30.2254335, 59.9811712 ], [ 30.2254976, 59.9811012 ], [ 30.2257038, 59.9808148 ], [ 30.2259597, 59.9803989 ], [ 30.2260714, 59.9802288 ], [ 30.2262574, 59.9801158 ], [ 30.2264833, 59.9800892 ], [ 30.2265191, 59.9789221 ], [ 30.2312788, 59.9794673 ], [ 30.2369995, 59.981163 ], [ 30.2458592, 59.9820281 ], [ 30.2529684, 59.9824019 ], [ 30.2537141, 59.982417 ], [ 30.2564466, 59.9824793 ], [ 30.2565069, 59.983054 ], [ 30.2565108, 59.983137 ], [ 30.2564986, 59.983742 ], [ 30.2564932, 59.9840185 ], [ 30.2564935, 59.9840398 ], [ 30.2564932, 59.9841345 ], [ 30.2564935, 59.9841536 ], [ 30.2564739, 59.9852372 ], [ 30.2564217, 59.9861315 ], [ 30.2563853, 59.9866216 ], [ 30.2563284, 59.9871175 ], [ 30.2562618, 59.9876987 ], [ 30.2561819, 59.9882761 ], [ 30.2561125, 59.9889267 ], [ 30.2560807, 59.9892612 ], [ 30.2557938, 59.9919467 ], [ 30.2555895, 59.9938107 ], [ 30.2554316, 59.9952514 ], [ 30.2550204, 59.9993929 ], [ 30.2550353, 59.9999873 ], [ 30.2554511, 60.0008155 ], [ 30.2557347, 60.0013803 ], [ 30.2557675, 60.0014428 ], [ 30.2570975, 60.0039776 ], [ 30.2574398, 60.0046664 ], [ 30.2574512, 60.0046896 ], [ 30.2573289, 60.0047054 ], [ 30.2570814, 60.0047374 ], [ 30.2566189, 60.0047972 ], [ 30.2562476, 60.0048453 ], [ 30.2548905, 60.0050208 ], [ 30.2542089, 60.005109 ], [ 30.2526851, 60.0053061 ], [ 30.2525325, 60.0053258 ], [ 30.2516453, 60.0054406 ], [ 30.2492791, 60.0057467 ], [ 30.2489714, 60.0057865 ], [ 30.2482528, 60.0058794 ], [ 30.2477929, 60.0059389 ], [ 30.2474604, 60.005982 ], [ 30.2472686, 60.0060068 ], [ 30.2472049, 60.006015 ], [ 30.2470031, 60.0060411 ], [ 30.2467458, 60.0060744 ], [ 30.2463118, 60.0061305 ], [ 30.2455624, 60.0062274 ], [ 30.2453136, 60.0062596 ], [ 30.2444741, 60.0063682 ], [ 30.243874, 60.0064458 ], [ 30.2437878, 60.006457 ], [ 30.2436038, 60.0064808 ], [ 30.2434607, 60.0064993 ], [ 30.2430815, 60.0065484 ], [ 30.2422828, 60.0066517 ], [ 30.2416167, 60.0067379 ], [ 30.2405254, 60.0068791 ], [ 30.2403109, 60.0069068 ], [ 30.2401233, 60.006931 ], [ 30.2400249, 60.0069439 ], [ 30.2392788, 60.0070403 ], [ 30.2383375, 60.007162 ], [ 30.2370787, 60.0073248 ], [ 30.2365776, 60.0073897 ], [ 30.2362399, 60.0074553 ], [ 30.2359898, 60.0074874 ], [ 30.2353509, 60.0075686 ], [ 30.2346894, 60.0076527 ], [ 30.2339042, 60.007755 ], [ 30.2334999, 60.0078077 ], [ 30.2332119, 60.0078453 ], [ 30.232451, 60.0079435 ], [ 30.2300794, 60.0082529 ], [ 30.2294454, 60.0083358 ], [ 30.2292017, 60.0083678 ], [ 30.2281075, 60.0085117 ], [ 30.2279685, 60.008529 ], [ 30.2278417, 60.0085435 ], [ 30.2276715, 60.0085629 ], [ 30.2269101, 60.0086349 ], [ 30.2265343, 60.0086637 ], [ 30.2263447, 60.0086796 ], [ 30.2259346, 60.0087082 ], [ 30.225909, 60.0087109 ], [ 30.2252341, 60.0087544 ], [ 30.2244535, 60.0088164 ], [ 30.2239683, 60.0088674 ], [ 30.2225984, 60.0090442 ], [ 30.2222563, 60.0090889 ], [ 30.2219154, 60.009133 ], [ 30.2216975, 60.0091612 ], [ 30.2215666, 60.0091781 ], [ 30.2212488, 60.0092193 ], [ 30.2210517, 60.0092448 ], [ 30.2196473, 60.0094246 ], [ 30.2190776, 60.0094976 ], [ 30.2185633, 60.009563 ], [ 30.2181402, 60.0096168 ], [ 30.2150403, 60.0100139 ], [ 30.2143852, 60.0100978 ], [ 30.2138707, 60.0101637 ], [ 30.2135143, 60.0102091 ], [ 30.2132215, 60.0102466 ], [ 30.2121912, 60.0103786 ], [ 30.2101116, 60.010645 ], [ 30.209123, 60.0107746 ], [ 30.2087834, 60.010818 ], [ 30.2082946, 60.010883 ], [ 30.2073808, 60.0110025 ], [ 30.207186, 60.0110253 ], [ 30.2068305, 60.0110667 ], [ 30.2027359, 60.0114493 ], [ 30.2020097, 60.0110247 ], [ 30.2015669, 60.0108075 ], [ 30.2001924, 60.0096863 ], [ 30.1989, 60.0088548 ], [ 30.1980396, 60.008365 ], [ 30.1930083, 60.0061171 ], [ 30.19042, 60.0050391 ], [ 30.1908932, 60.0048115 ], [ 30.1908287, 60.0047652 ], [ 30.1906984, 60.004612 ], [ 30.1905617, 60.0044012 ], [ 30.1906081, 60.0041897 ], [ 30.1905124, 60.0040935 ], [ 30.1902186, 60.0039522 ], [ 30.190127, 60.0038816 ], [ 30.1900885, 60.0037598 ], [ 30.1900424, 60.0037268 ], [ 30.1899608, 60.0036686 ], [ 30.1898848, 60.0035835 ], [ 30.189941, 60.0035181 ], [ 30.1900298, 60.0035038 ], [ 30.1900852, 60.0034554 ], [ 30.1901234, 60.0034241 ], [ 30.1900811, 60.0033879 ], [ 30.1899906, 60.0033437 ], [ 30.1898122, 60.0033409 ], [ 30.1895366, 60.0033159 ], [ 30.1894555, 60.0032325 ], [ 30.1895006, 60.0031289 ], [ 30.1893023, 60.003041 ], [ 30.1891806, 60.0029013 ], [ 30.1892459, 60.0028224 ], [ 30.1893135, 60.0027931 ], [ 30.189273, 60.0027548 ], [ 30.1892636, 60.0026436 ], [ 30.1891233, 60.0025558 ], [ 30.1890076, 60.00233 ], [ 30.1890121, 60.0021503 ], [ 30.1889349, 60.0020653 ], [ 30.1888809, 60.0020135 ], [ 30.1888351, 60.0019158 ], [ 30.1888394, 60.001812 ], [ 30.1889059, 60.0017304 ], [ 30.1889728, 60.0015866 ], [ 30.1891942, 60.001574 ], [ 30.1891761, 60.0014725 ], [ 30.1889867, 60.0014618 ], [ 30.188844, 60.0014643 ], [ 30.1887708, 60.0013729 ], [ 30.188756, 60.0012919 ], [ 30.1887489, 60.0012045 ], [ 30.1888019, 60.0010558 ], [ 30.1887728, 60.000964 ], [ 30.1888062, 60.0008951 ], [ 30.1885034, 60.0007637 ], [ 30.1884824, 60.0006732 ], [ 30.1883489, 60.0005218 ], [ 30.1883112, 60.000393 ], [ 30.188635, 60.0003004 ], [ 30.1889597, 60.0002952 ], [ 30.1890303, 60.0002628 ], [ 30.1892324, 60.0001702 ], [ 30.1892643, 60.0001637 ], [ 30.1894758, 60.0001206 ], [ 30.1894713, 60.0000147 ], [ 30.1895614, 59.9999471 ], [ 30.1897996, 59.999786 ], [ 30.1900166, 59.9997519 ], [ 30.1902305, 59.9997685 ], [ 30.1900118, 59.9997159 ], [ 30.1899305, 59.9996904 ], [ 30.1898499, 59.9996722 ], [ 30.1898197, 59.9996297 ], [ 30.1898674, 59.9995615 ], [ 30.1897741, 59.9995497 ], [ 30.1893415, 59.9995783 ], [ 30.1890105, 59.9996001 ], [ 30.1886539, 59.9996546 ], [ 30.1881868, 59.9997871 ], [ 30.1880155, 59.9997195 ], [ 30.1878533, 59.9996384 ], [ 30.1877406, 59.9995065 ], [ 30.1877631, 59.9993916 ], [ 30.1878352, 59.9993015 ], [ 30.1877902, 59.9991212 ], [ 30.1879843, 59.9989424 ], [ 30.1878279, 59.9987581 ], [ 30.1876947, 59.9985855 ], [ 30.187654, 59.9984166 ], [ 30.1876683, 59.9981915 ], [ 30.1876689, 59.9980623 ], [ 30.1875487, 59.9980039 ], [ 30.1875246, 59.9979109 ], [ 30.1874497, 59.9976975 ], [ 30.1875208, 59.9975532 ], [ 30.1873688, 59.9974411 ], [ 30.1873102, 59.9973645 ], [ 30.1872686, 59.9971746 ], [ 30.187401, 59.9970866 ], [ 30.1875517, 59.9970232 ], [ 30.187504, 59.9969351 ], [ 30.1874384, 59.996898 ], [ 30.1874353, 59.9968192 ], [ 30.1875, 59.9967222 ], [ 30.1872406, 59.9966134 ], [ 30.1872637, 59.9964082 ], [ 30.1874063, 59.9963379 ], [ 30.1873905, 59.9962516 ], [ 30.1872186, 59.9962295 ], [ 30.1871122, 59.9961466 ], [ 30.1869372, 59.9960065 ], [ 30.1869617, 59.9959451 ], [ 30.1868391, 59.9959066 ], [ 30.1867764, 59.9956455 ], [ 30.1867916, 59.9955575 ], [ 30.1866562, 59.9955647 ], [ 30.1863227, 59.9952879 ], [ 30.1864606, 59.9950386 ], [ 30.1864606, 59.9949777 ], [ 30.1862172, 59.9949259 ], [ 30.1860505, 59.994811 ], [ 30.1858972, 59.9945135 ], [ 30.1859175, 59.9942768 ], [ 30.1858319, 59.9941911 ], [ 30.1855975, 59.9940987 ], [ 30.1855209, 59.9940041 ], [ 30.1856516, 59.9937933 ], [ 30.1857462, 59.9936739 ], [ 30.1857012, 59.9936153 ], [ 30.1855524, 59.9935431 ], [ 30.1854713, 59.993444 ], [ 30.1852099, 59.9933132 ], [ 30.1849038, 59.9932766 ], [ 30.1846061, 59.993267 ], [ 30.1844131, 59.9933259 ], [ 30.1835618, 59.9934022 ], [ 30.1833075, 59.9934128 ], [ 30.1832053, 59.9933877 ], [ 30.1831052, 59.993302 ], [ 30.1829565, 59.9932071 ], [ 30.1827853, 59.9930422 ], [ 30.1828712, 59.9929357 ], [ 30.1830421, 59.9928343 ], [ 30.1831366, 59.9927722 ], [ 30.1831691, 59.992716 ], [ 30.1831541, 59.9926308 ], [ 30.1831456, 59.9925726 ], [ 30.1831698, 59.9924793 ], [ 30.183126, 59.9924125 ], [ 30.1830053, 59.9923911 ], [ 30.1828524, 59.9923441 ], [ 30.1825199, 59.9921603 ], [ 30.1824179, 59.9920772 ], [ 30.1824201, 59.9919823 ], [ 30.1823723, 59.9919766 ], [ 30.182257, 59.9919967 ], [ 30.1821068, 59.9920383 ], [ 30.1819739, 59.991998 ], [ 30.1819829, 59.9919259 ], [ 30.1821046, 59.9919056 ], [ 30.1820776, 59.991607 ], [ 30.1822894, 59.9914616 ], [ 30.1823258, 59.9914282 ], [ 30.1822849, 59.9914165 ], [ 30.1821361, 59.9913421 ], [ 30.1821181, 59.9912497 ], [ 30.1821302, 59.9911562 ], [ 30.182028, 59.9910671 ], [ 30.1820066, 59.9910005 ], [ 30.1820054, 59.9907651 ], [ 30.1818747, 59.9906817 ], [ 30.1815797, 59.9905982 ], [ 30.1811197, 59.9905204 ], [ 30.1804331, 59.9904359 ], [ 30.1803285, 59.9904493 ], [ 30.1802601, 59.9904466 ], [ 30.1802427, 59.9904225 ], [ 30.1801823, 59.9903936 ], [ 30.1799168, 59.9903628 ], [ 30.1795581, 59.9903334 ], [ 30.1793824, 59.9903402 ], [ 30.1792156, 59.990401 ], [ 30.1791721, 59.9905166 ], [ 30.1792374, 59.9905258 ], [ 30.1796646, 59.9906116 ], [ 30.1800587, 59.9906705 ], [ 30.180684, 59.9907312 ], [ 30.1808517, 59.9907324 ], [ 30.1813609, 59.9908248 ], [ 30.1813745, 59.9908947 ], [ 30.1814151, 59.9909309 ], [ 30.1814368, 59.9909716 ], [ 30.1814707, 59.9910146 ], [ 30.181415, 59.9910863 ], [ 30.1813609, 59.9911539 ], [ 30.1812721, 59.9912189 ], [ 30.1811734, 59.9913005 ], [ 30.1811671, 59.9913951 ], [ 30.1810905, 59.9914469 ], [ 30.1809778, 59.9914717 ], [ 30.1810229, 59.9915326 ], [ 30.1812077, 59.9915168 ], [ 30.1812438, 59.9915551 ], [ 30.1811807, 59.9916363 ], [ 30.1813655, 59.9916813 ], [ 30.1813519, 59.9917557 ], [ 30.181397, 59.991785 ], [ 30.1812706, 59.9918173 ], [ 30.1812207, 59.9919292 ], [ 30.1813384, 59.9919766 ], [ 30.1811798, 59.9920172 ], [ 30.1808021, 59.9921908 ], [ 30.1806093, 59.9923018 ], [ 30.1804787, 59.9924231 ], [ 30.180544, 59.9924698 ], [ 30.1805486, 59.9927522 ], [ 30.1805669, 59.9931432 ], [ 30.1805835, 59.993222 ], [ 30.1804888, 59.9932377 ], [ 30.1801013, 59.9929163 ], [ 30.1796235, 59.9927306 ], [ 30.1793576, 59.9926751 ], [ 30.1789308, 59.9925439 ], [ 30.1785644, 59.992549 ], [ 30.1783976, 59.9924939 ], [ 30.1783075, 59.9924381 ], [ 30.1781903, 59.9923677 ], [ 30.1782534, 59.9923316 ], [ 30.1781993, 59.9922843 ], [ 30.1781001, 59.9922527 ], [ 30.1779951, 59.992155 ], [ 30.1778914, 59.9921235 ], [ 30.1776152, 59.9918371 ], [ 30.1777215, 59.9915562 ], [ 30.1784877, 59.991102 ], [ 30.1786621, 59.9909237 ], [ 30.1787585, 59.9907338 ], [ 30.1788286, 59.9905836 ], [ 30.1786937, 59.9905419 ], [ 30.1786693, 59.9904144 ], [ 30.1786163, 59.9903822 ], [ 30.1786336, 59.9903025 ], [ 30.1785353, 59.9902978 ], [ 30.1786196, 59.9899775 ], [ 30.1787379, 59.9895001 ], [ 30.1789259, 59.9891763 ], [ 30.1790401, 59.9891889 ], [ 30.1790638, 59.9891672 ], [ 30.179086, 59.9891547 ], [ 30.1791151, 59.9891483 ], [ 30.1791638, 59.9891481 ], [ 30.1802978, 59.9892658 ], [ 30.181583, 59.9894097 ], [ 30.1835793, 59.9896512 ], [ 30.1841893, 59.9896734 ], [ 30.1843028, 59.9896024 ], [ 30.1851651, 59.9890896 ], [ 30.1851629, 59.9890318 ], [ 30.1850451, 59.9890005 ], [ 30.1854413, 59.9884516 ], [ 30.1854524, 59.9882975 ], [ 30.1856343, 59.9881564 ], [ 30.1857225, 59.9879021 ], [ 30.1860167, 59.9875586 ], [ 30.1861832, 59.9871618 ], [ 30.1862941, 59.98706 ], [ 30.1863632, 59.9869883 ], [ 30.1843236, 59.9859771 ], [ 30.1855065, 59.9854029 ], [ 30.1857372, 59.9853244 ], [ 30.1860362, 59.9852634 ], [ 30.1863366, 59.9852426 ], [ 30.1867373, 59.9852526 ], [ 30.1876535, 59.9853903 ], [ 30.1877554, 59.9852616 ], [ 30.188589, 59.9841469 ], [ 30.1888657, 59.9838191 ], [ 30.1885328, 59.9836282 ], [ 30.1883304, 59.9836211 ], [ 30.1883119, 59.9836187 ], [ 30.1880881, 59.9835903 ], [ 30.1879075, 59.9835218 ], [ 30.1878199, 59.9834433 ], [ 30.1878035, 59.983368 ], [ 30.1877877, 59.9833098 ], [ 30.1878422, 59.9832418 ], [ 30.1879876, 59.983134 ], [ 30.1881452, 59.983053 ], [ 30.18822, 59.9830268 ], [ 30.1883896, 59.9829698 ], [ 30.1884502, 59.9828896 ], [ 30.188583, 59.9828395 ], [ 30.1887568, 59.9828137 ], [ 30.1889491, 59.9828039 ], [ 30.189163, 59.9828034 ], [ 30.1895311, 59.9827785 ], [ 30.1896783, 59.9827353 ], [ 30.1898741, 59.9825199 ], [ 30.1900614, 59.9823505 ], [ 30.1903758, 59.9822534 ], [ 30.1905544, 59.982238 ], [ 30.1907821, 59.9822723 ], [ 30.1911721, 59.9822113 ], [ 30.1915026, 59.9821842 ], [ 30.1921606, 59.9821521 ], [ 30.1924983, 59.9820653 ], [ 30.1927448, 59.9819364 ], [ 30.1928213, 59.9818102 ], [ 30.1927036, 59.9816211 ], [ 30.192621, 59.9813989 ], [ 30.1926392, 59.9812799 ], [ 30.1927009, 59.9811328 ], [ 30.1925219, 59.9810788 ], [ 30.1923774, 59.9809833 ], [ 30.1923409, 59.980862 ], [ 30.1923808, 59.980735 ], [ 30.1924851, 59.9806244 ], [ 30.1926704, 59.9805284 ], [ 30.1929219, 59.9805028 ], [ 30.1932137, 59.9805238 ], [ 30.193422, 59.9805893 ], [ 30.1935553, 59.9806904 ], [ 30.193579, 59.980815 ], [ 30.193524, 59.9809329 ], [ 30.1934037, 59.9810589 ], [ 30.1932487, 59.9811205 ], [ 30.1930695, 59.9811474 ], [ 30.192826, 59.9811444 ], [ 30.1928002, 59.9813912 ], [ 30.1928667, 59.9816161 ], [ 30.1929739, 59.9817552 ], [ 30.1931504, 59.981808 ], [ 30.1935157, 59.981848 ], [ 30.1938727, 59.9819563 ], [ 30.1943026, 59.9819936 ], [ 30.1947771, 59.9819918 ], [ 30.1952094, 59.9819304 ], [ 30.1955532, 59.981858 ], [ 30.1959658, 59.9817721 ], [ 30.1969239, 59.9815456 ], [ 30.1982289, 59.9812509 ], [ 30.1989698, 59.9810631 ], [ 30.1996257, 59.9808784 ], [ 30.2005872, 59.9805791 ], [ 30.2013995, 59.9802998 ], [ 30.201754, 59.9801779 ], [ 30.2022375, 59.9799846 ], [ 30.2026336, 59.9798416 ], [ 30.20323, 59.9796652 ], [ 30.2036575, 59.9796047 ], [ 30.2039671, 59.9794818 ], [ 30.2040815, 59.9794179 ], [ 30.2041222, 59.9793627 ], [ 30.2041431, 59.9793177 ], [ 30.2040709, 59.9792105 ], [ 30.2039832, 59.9791853 ], [ 30.203815, 59.9791692 ], [ 30.2035976, 59.9791195 ], [ 30.2033739, 59.978991 ], [ 30.2032848, 59.9788946 ], [ 30.2032821, 59.9787828 ], [ 30.2033837, 59.978675 ], [ 30.2035342, 59.978587 ], [ 30.2037206, 59.9785321 ], [ 30.2039961, 59.978509 ], [ 30.2042866, 59.9785435 ], [ 30.2045357, 59.9786582 ], [ 30.2046307, 59.9788092 ], [ 30.2046241, 59.9789597 ], [ 30.2044878, 59.9790861 ], [ 30.2043648, 59.9791268 ] ] ] ] } },
{ "type": "Feature", "properties": { "full_id": "r1198683", "osm_id": "1198683", "osm_type": "relation", "boundary": "administrative", "place": null, "name:ru": null, "name:fi": null, "name:en": null, "name:ca": null, "old_name": null, "alt_name": null, "wikipedia": "ru:Комендантский аэродром (муниципальный округ)", "wikidata": "Q4229524", "website": "http://www.aerodrom67.spb.ru", "url": "http://www.gov.spb.ru/law?d&nd=8414528&nh=0&header=010000003J01#I0", "type": "boundary", "ref": null, "oktmo:user": "40324000", "oktmo": "40324000", "official_status": "ru:внутригородская территория города федерального значения", "official_name": "муниципальный округ Комендантский аэродром", "name:uk": "Округ Комендантський аеродром", "name": "округ Комендантский аэродром", "admin_level": "8", "addr:region": "Санкт-Петербург", "addr:country": "RU" }, "geometry": { "type": "MultiPolygon", "coordinates": [ [ [ [ 30.3159604, 60.0123923 ], [ 30.3163863, 60.011617 ], [ 30.3183019, 60.0081768 ], [ 30.318258, 60.0080976 ], [ 30.3184791, 60.007732 ], [ 30.3189797, 60.0068814 ], [ 30.3196606, 60.0055878 ], [ 30.3197021, 60.0054626 ], [ 30.3202912, 60.0043356 ], [ 30.3205216, 60.0039102 ], [ 30.3205784, 60.0038746 ], [ 30.3210081, 60.0030697 ], [ 30.321041, 60.003008 ], [ 30.3212649, 60.0025688 ], [ 30.3216663, 60.0016703 ], [ 30.3217646, 60.0015032 ], [ 30.3211366, 60.0016861 ], [ 30.3205988, 60.0018194 ], [ 30.3200907, 60.001902 ], [ 30.3195614, 60.0019507 ], [ 30.3190448, 60.0019846 ], [ 30.3184308, 60.0019952 ], [ 30.317838, 60.0019592 ], [ 30.3173087, 60.0019063 ], [ 30.3167709, 60.0018216 ], [ 30.3162204, 60.0017221 ], [ 30.3157504, 60.0015908 ], [ 30.3152465, 60.0014151 ], [ 30.3144038, 60.0009747 ], [ 30.3139169, 60.000672 ], [ 30.3120305, 59.9993538 ], [ 30.3091815, 59.9978263 ], [ 30.303108, 59.9945965 ], [ 30.3006277, 59.9932775 ], [ 30.3002252, 59.9931144 ], [ 30.2999348, 59.9929967 ], [ 30.2998449, 59.9929661 ], [ 30.2997468, 59.9929335 ], [ 30.2962233, 59.9917493 ], [ 30.289364, 59.9900847 ], [ 30.2882653, 59.9897603 ], [ 30.2880128, 59.9896742 ], [ 30.2858938, 59.9900636 ], [ 30.284192, 59.9904078 ], [ 30.2835367, 59.9904668 ], [ 30.2831407, 59.9906153 ], [ 30.2825185, 59.9907591 ], [ 30.2808826, 59.9914334 ], [ 30.2800105, 59.991839 ], [ 30.2790771, 59.992452 ], [ 30.2784223, 59.9931684 ], [ 30.2784781, 59.9936133 ], [ 30.2785286, 59.993706 ], [ 30.2785745, 59.9937844 ], [ 30.2784564, 59.9938244 ], [ 30.2783616, 59.9939364 ], [ 30.2781644, 59.994285 ], [ 30.2779707, 59.9947246 ], [ 30.2773655, 59.9963041 ], [ 30.2773221, 59.9964173 ], [ 30.2771364, 59.9967969 ], [ 30.2767721, 59.9978371 ], [ 30.2767186, 59.9979898 ], [ 30.2766907, 59.9980692 ], [ 30.2766057, 59.9983119 ], [ 30.2765868, 59.998366 ], [ 30.2765639, 59.9984315 ], [ 30.2764715, 59.9986472 ], [ 30.2764222, 59.9987823 ], [ 30.2764047, 59.9988259 ], [ 30.2758815, 60.0001929 ], [ 30.2757471, 60.0005436 ], [ 30.2756684, 60.0007489 ], [ 30.2756155, 60.0008869 ], [ 30.2754762, 60.0012501 ], [ 30.2754312, 60.0013675 ], [ 30.2753269, 60.0016396 ], [ 30.27517, 60.0020489 ], [ 30.2751408, 60.002125 ], [ 30.2749972, 60.0024996 ], [ 30.2749563, 60.0026063 ], [ 30.2748426, 60.0029029 ], [ 30.2747753, 60.0030785 ], [ 30.2747025, 60.0032636 ], [ 30.2744449, 60.0039227 ], [ 30.2744314, 60.0039947 ], [ 30.2744204, 60.0040959 ], [ 30.274453, 60.0042005 ], [ 30.2745373, 60.0043556 ], [ 30.2747163, 60.0046984 ], [ 30.2750529, 60.0053428 ], [ 30.2752303, 60.005691 ], [ 30.2753063, 60.0058374 ], [ 30.2753591, 60.0059358 ], [ 30.2753725, 60.0059609 ], [ 30.2753802, 60.0059754 ], [ 30.2754126, 60.006036 ], [ 30.2754777, 60.0061621 ], [ 30.2756083, 60.0064149 ], [ 30.2756692, 60.0065329 ], [ 30.2757266, 60.0066444 ], [ 30.2757705, 60.0067292 ], [ 30.2758143, 60.0068141 ], [ 30.2758362, 60.0068566 ], [ 30.2762774, 60.0077105 ], [ 30.276324, 60.0078008 ], [ 30.276605, 60.0083449 ], [ 30.276656, 60.0084436 ], [ 30.2775812, 60.0102416 ], [ 30.2777605, 60.0105821 ], [ 30.2778195, 60.0106965 ], [ 30.2778944, 60.0108415 ], [ 30.2779306, 60.0109115 ], [ 30.277972, 60.0109917 ], [ 30.278017, 60.0110788 ], [ 30.2780293, 60.0111025 ], [ 30.2781481, 60.0113321 ], [ 30.2781684, 60.0113712 ], [ 30.2781861, 60.0114055 ], [ 30.2782774, 60.0115839 ], [ 30.2783152, 60.0116558 ], [ 30.2784004, 60.0118246 ], [ 30.278638, 60.012289 ], [ 30.2788415, 60.0126867 ], [ 30.2788908, 60.0127807 ], [ 30.2791219, 60.0132223 ], [ 30.2791505, 60.0132747 ], [ 30.2792184, 60.0134009 ], [ 30.2792845, 60.0135205 ], [ 30.279373, 60.0136912 ], [ 30.2800657, 60.0150276 ], [ 30.2801157, 60.0151254 ], [ 30.2804062, 60.0156843 ], [ 30.2804266, 60.0157237 ], [ 30.2804838, 60.0158341 ], [ 30.2805651, 60.0159909 ], [ 30.2809113, 60.0166588 ], [ 30.280941, 60.0167147 ], [ 30.2810292, 60.0168806 ], [ 30.281064, 60.0169541 ], [ 30.2924933, 60.0154649 ], [ 30.2932219, 60.0153663 ], [ 30.2934401, 60.0153366 ], [ 30.2938093, 60.0152832 ], [ 30.2941372, 60.0152307 ], [ 30.2945706, 60.0151478 ], [ 30.2960114, 60.014716 ], [ 30.2961589, 60.0146728 ], [ 30.2963215, 60.0146388 ], [ 30.2965264, 60.0146145 ], [ 30.2967225, 60.0145997 ], [ 30.2968963, 60.0145991 ], [ 30.2970733, 60.0146041 ], [ 30.2972125, 60.0146111 ], [ 30.297441, 60.0146578 ], [ 30.2975847, 60.0147158 ], [ 30.2978012, 60.0148819 ], [ 30.2978518, 60.0149203 ], [ 30.2982226, 60.0152276 ], [ 30.2983777, 60.0153527 ], [ 30.2986434, 60.0155748 ], [ 30.2987064, 60.015604 ], [ 30.2987643, 60.0156191 ], [ 30.2988408, 60.0156262 ], [ 30.2989306, 60.0156233 ], [ 30.2990041, 60.0156056 ], [ 30.2990781, 60.0155702 ], [ 30.2995473, 60.0152938 ], [ 30.3005331, 60.0147012 ], [ 30.300819, 60.0145342 ], [ 30.3008935, 60.0144998 ], [ 30.3009885, 60.0144704 ], [ 30.301091, 60.0144484 ], [ 30.3011911, 60.0144373 ], [ 30.3012961, 60.0144312 ], [ 30.3014081, 60.0144383 ], [ 30.3015109, 60.0144575 ], [ 30.3016149, 60.0144874 ], [ 30.3026401, 60.0148609 ], [ 30.3036084, 60.0152137 ], [ 30.3036843, 60.0152409 ], [ 30.3040405, 60.0153681 ], [ 30.3040723, 60.0153797 ], [ 30.30417, 60.0154152 ], [ 30.3042253, 60.0154348 ], [ 30.3049009, 60.0156744 ], [ 30.3052231, 60.0157727 ], [ 30.3054147, 60.0158067 ], [ 30.3058939, 60.0158683 ], [ 30.3061147, 60.0158917 ], [ 30.3064877, 60.0159311 ], [ 30.3077478, 60.0160642 ], [ 30.3080681, 60.0161009 ], [ 30.3098757, 60.0162993 ], [ 30.3101816, 60.0163329 ], [ 30.3103569, 60.0163523 ], [ 30.3107487, 60.016396 ], [ 30.3108858, 60.0164113 ], [ 30.311087, 60.0164337 ], [ 30.3111776, 60.0164438 ], [ 30.3112606, 60.0164519 ], [ 30.3118969, 60.0165224 ], [ 30.3120497, 60.0165462 ], [ 30.3121644, 60.0165741 ], [ 30.3122447, 60.0166126 ], [ 30.3122967, 60.0164847 ], [ 30.3123344, 60.0163897 ], [ 30.3123648, 60.0163279 ], [ 30.3125013, 60.0160183 ], [ 30.3125515, 60.0159082 ], [ 30.3128562, 60.015246 ], [ 30.3130311, 60.0148567 ], [ 30.3130983, 60.0147141 ], [ 30.3131434, 60.0145973 ], [ 30.3133239, 60.0141304 ], [ 30.3135173, 60.0136581 ], [ 30.3136489, 60.0133291 ], [ 30.3136603, 60.0132593 ], [ 30.3136105, 60.0131132 ], [ 30.3137255, 60.0130732 ], [ 30.3142258, 60.0129158 ], [ 30.3157374, 60.0124507 ], [ 30.3159604, 60.0123923 ] ] ] ] } },
{ "type": "Feature", "properties": { "full_id": "r1201772", "osm_id": "1201772", "osm_type": "relation", "boundary": "administrative", "place": null, "name:ru": null, "name:fi": null, "name:en": null, "name:ca": null, "old_name": "округ Чёрная речка", "alt_name": null, "wikipedia": "ru:Ланское", "wikidata": "Q4518678", "website": "http://округчернаяречка.рф", "url": null, "type": "boundary", "ref": "66", "oktmo:user": "40323000", "oktmo": "40323000", "official_status": "ru:внутригородская территория города федерального значения", "official_name": "муниципальный округ Ланское", "name:uk": "Округ Ланський", "name": "округ Ланское", "admin_level": "8", "addr:region": "Санкт-Петербург", "addr:country": "RU" }, "geometry": { "type": "MultiPolygon", "coordinates": [ [ [ [ 30.2565069, 59.983054 ], [ 30.2565108, 59.983137 ], [ 30.2564986, 59.983742 ], [ 30.2564932, 59.9840185 ], [ 30.2564935, 59.9840398 ], [ 30.2564932, 59.9841345 ], [ 30.2564935, 59.9841536 ], [ 30.2564739, 59.9852372 ], [ 30.2564217, 59.9861315 ], [ 30.2563853, 59.9866216 ], [ 30.2563284, 59.9871175 ], [ 30.2562618, 59.9876987 ], [ 30.2561819, 59.9882761 ], [ 30.2562928, 59.9882847 ], [ 30.2572092, 59.988343 ], [ 30.2589903, 59.9883914 ], [ 30.2615076, 59.9883213 ], [ 30.2636057, 59.9882331 ], [ 30.2656883, 59.9880946 ], [ 30.2674201, 59.9879056 ], [ 30.269462, 59.9876817 ], [ 30.2710907, 59.9875956 ], [ 30.2730918, 59.9875106 ], [ 30.2758924, 59.9874213 ], [ 30.2777053, 59.9874016 ], [ 30.2792935, 59.9875491 ], [ 30.2809635, 59.9879029 ], [ 30.2863918, 59.9891331 ], [ 30.2880128, 59.9896742 ], [ 30.2882653, 59.9897603 ], [ 30.289364, 59.9900847 ], [ 30.2962233, 59.9917493 ], [ 30.2997468, 59.9929335 ], [ 30.2998449, 59.9929661 ], [ 30.2999348, 59.9929967 ], [ 30.3002252, 59.9931144 ], [ 30.3006277, 59.9932775 ], [ 30.303108, 59.9945965 ], [ 30.3091815, 59.9978263 ], [ 30.3120305, 59.9993538 ], [ 30.3139169, 60.000672 ], [ 30.3144038, 60.0009747 ], [ 30.3152465, 60.0014151 ], [ 30.3157504, 60.0015908 ], [ 30.3162204, 60.0017221 ], [ 30.3167709, 60.0018216 ], [ 30.3173087, 60.0019063 ], [ 30.317838, 60.0019592 ], [ 30.3184308, 60.0019952 ], [ 30.3190448, 60.0019846 ], [ 30.3195614, 60.0019507 ], [ 30.3200907, 60.001902 ], [ 30.3205988, 60.0018194 ], [ 30.3211366, 60.0016861 ], [ 30.3217646, 60.0015032 ], [ 30.3219421, 60.0012227 ], [ 30.3221596, 60.0011677 ], [ 30.3222218, 60.0010438 ], [ 30.322566, 60.0003574 ], [ 30.3229739, 59.9996483 ], [ 30.3235477, 59.9986475 ], [ 30.3232649, 59.9985547 ], [ 30.3231623, 59.9985188 ], [ 30.3234426, 59.9982284 ], [ 30.3236707, 59.998022 ], [ 30.3243697, 59.9972511 ], [ 30.3246753, 59.9970195 ], [ 30.3246067, 59.9969637 ], [ 30.3246195, 59.9969057 ], [ 30.3258488, 59.99582 ], [ 30.3256506, 59.9957509 ], [ 30.3244535, 59.9954123 ], [ 30.3245354, 59.9953452 ], [ 30.325218, 59.9947793 ], [ 30.326381, 59.9951436 ], [ 30.326655, 59.9948515 ], [ 30.3270267, 59.9944742 ], [ 30.3271854, 59.99452 ], [ 30.3272011, 59.9945096 ], [ 30.32732, 59.9944304 ], [ 30.3276073, 59.9945384 ], [ 30.3277169, 59.9945325 ], [ 30.327817, 59.9945272 ], [ 30.3281286, 59.9943856 ], [ 30.3282452, 59.9943491 ], [ 30.3284834, 59.9942217 ], [ 30.3281196, 59.9941261 ], [ 30.3263572, 59.9936913 ], [ 30.3263993, 59.9936588 ], [ 30.3265957, 59.9934889 ], [ 30.3269112, 59.9931616 ], [ 30.3269369, 59.9931352 ], [ 30.3269728, 59.9930982 ], [ 30.3270177, 59.9930487 ], [ 30.327031, 59.9930341 ], [ 30.3270858, 59.9929692 ], [ 30.3271373, 59.9929036 ], [ 30.3271853, 59.9928374 ], [ 30.3272298, 59.9927705 ], [ 30.3272708, 59.9927032 ], [ 30.3272812, 59.9926843 ], [ 30.3273082, 59.9926352 ], [ 30.3273421, 59.9925669 ], [ 30.3275871, 59.9920437 ], [ 30.3276632, 59.9918905 ], [ 30.3278344, 59.9915271 ], [ 30.3279978, 59.9911803 ], [ 30.3280198, 59.9911335 ], [ 30.3284203, 59.9902833 ], [ 30.3285065, 59.9901002 ], [ 30.3285631, 59.9899908 ], [ 30.3286168, 59.9898749 ], [ 30.3288124, 59.9894535 ], [ 30.3290306, 59.9889835 ], [ 30.3290935, 59.988848 ], [ 30.3291752, 59.9886719 ], [ 30.3292353, 59.9885424 ], [ 30.3292846, 59.9884362 ], [ 30.3295166, 59.9879363 ], [ 30.329949, 59.9870047 ], [ 30.330131, 59.986611 ], [ 30.3301465, 59.9865792 ], [ 30.330777, 59.9852073 ], [ 30.3307792, 59.9851096 ], [ 30.3307304, 59.9850094 ], [ 30.330709, 59.9849838 ], [ 30.330318, 59.9850671 ], [ 30.3302964, 59.9850413 ], [ 30.3302551, 59.9849851 ], [ 30.3301918, 59.9848992 ], [ 30.3301455, 59.9848363 ], [ 30.3296123, 59.984183 ], [ 30.3298608, 59.9835159 ], [ 30.3307264, 59.9830341 ], [ 30.3309025, 59.9829237 ], [ 30.331085, 59.9828094 ], [ 30.3311513, 59.9827723 ], [ 30.3241104, 59.9796575 ], [ 30.323785, 59.9794956 ], [ 30.3236132, 59.9794106 ], [ 30.321754, 59.9784684 ], [ 30.3202157, 59.9791124 ], [ 30.3147635, 59.9799009 ], [ 30.3134658, 59.9801304 ], [ 30.3062975, 59.981398 ], [ 30.2995086, 59.9825515 ], [ 30.293761, 59.9826922 ], [ 30.29035, 59.9827757 ], [ 30.2837319, 59.9823485 ], [ 30.2773486, 59.9815368 ], [ 30.2732069, 59.9813446 ], [ 30.2685743, 59.9819 ], [ 30.2664821, 59.9823165 ], [ 30.2641337, 59.9825408 ], [ 30.2605472, 59.9825728 ], [ 30.2564466, 59.9824793 ], [ 30.2565069, 59.983054 ] ] ] ] } },
{ "type": "Feature", "properties": { "full_id": "r1205244", "osm_id": "1205244", "osm_type": "relation", "boundary": "administrative", "place": "village", "name:ru": "Лисий Нос", "name:fi": "Revonnenä", "name:en": "Lisy Nos", "name:ca": "Lisij Nos", "old_name": null, "alt_name": null, "wikipedia": "ru:Лисий Нос", "wikidata": "Q1266569", "website": null, "url": "http://www.gov.spb.ru/law?d&nd=8414528&nh=0&header=010000003R01#I0", "type": "boundary", "ref": null, "oktmo:user": null, "oktmo": null, "official_status": "ru:посёлок", "official_name": null, "name:uk": null, "name": "Лисий Нос", "admin_level": "8", "addr:region": "Санкт-Петербург", "addr:country": "RU" }, "geometry": { "type": "MultiPolygon", "coordinates": [ [ [ [ 29.9866777, 60.0328901 ], [ 29.9852261, 60.0334555 ], [ 29.984554, 60.0336362 ], [ 29.9816869, 60.0347613 ], [ 29.9800625, 60.0356583 ], [ 29.9785469, 60.0369655 ], [ 29.9781829, 60.0373922 ], [ 29.9780402, 60.0376986 ], [ 29.9771452, 60.0402951 ], [ 29.9769653, 60.0402779 ], [ 29.9757226, 60.0434808 ], [ 29.9755614, 60.0440278 ], [ 29.9754819, 60.0440233 ], [ 29.9754764, 60.0440386 ], [ 29.9753594, 60.0440287 ], [ 29.975179, 60.0440152 ], [ 29.9748526, 60.0439987 ], [ 29.9747258, 60.0439976 ], [ 29.974564, 60.0439796 ], [ 29.9726615, 60.0435363 ], [ 29.9724386, 60.0435135 ], [ 29.9723117, 60.0434812 ], [ 29.9721769, 60.0434124 ], [ 29.9720384, 60.0433957 ], [ 29.9719061, 60.0433797 ], [ 29.9718606, 60.0433742 ], [ 29.971391, 60.0433778 ], [ 29.9709247, 60.0433509 ], [ 29.9702281, 60.0435183 ], [ 29.9700453, 60.0436089 ], [ 29.9696168, 60.0438975 ], [ 29.9690954, 60.044034 ], [ 29.9684167, 60.0439416 ], [ 29.9683548, 60.0440205 ], [ 29.9680035, 60.0440299 ], [ 29.9676735, 60.0442013 ], [ 29.9674461, 60.0442218 ], [ 29.9674507, 60.0441052 ], [ 29.9673636, 60.0440851 ], [ 29.9670979, 60.0442201 ], [ 29.9668398, 60.0443413 ], [ 29.9666919, 60.0443875 ], [ 29.9667401, 60.0444933 ], [ 29.9665846, 60.0445522 ], [ 29.9665825, 60.0447794 ], [ 29.9662246, 60.0447186 ], [ 29.96597, 60.044786 ], [ 29.9657559, 60.0447847 ], [ 29.9656102, 60.0448126 ], [ 29.9654858, 60.0448114 ], [ 29.9654856, 60.0445341 ], [ 29.9654851, 60.0438842 ], [ 29.9654843, 60.0434794 ], [ 29.9652568, 60.0430031 ], [ 29.9651117, 60.0428392 ], [ 29.9649545, 60.0426617 ], [ 29.9645687, 60.0424028 ], [ 29.96286, 60.04118 ], [ 29.961627, 60.0401716 ], [ 29.9600618, 60.0390763 ], [ 29.9586385, 60.0380265 ], [ 29.9575931, 60.0379975 ], [ 29.957112, 60.0379842 ], [ 29.9556264, 60.0378565 ], [ 29.9555683, 60.0378713 ], [ 29.9553186, 60.0378518 ], [ 29.9552858, 60.0378404 ], [ 29.9552652, 60.0378207 ], [ 29.955277, 60.0374613 ], [ 29.9553518, 60.0372652 ], [ 29.9554003, 60.0371379 ], [ 29.9554277, 60.0370662 ], [ 29.9554318, 60.0370554 ], [ 29.9566675, 60.0351978 ], [ 29.9567395, 60.035137 ], [ 29.9568173, 60.0351049 ], [ 29.9569233, 60.0350828 ], [ 29.9570416, 60.0350762 ], [ 29.9572036, 60.0350915 ], [ 29.9638408, 60.0356769 ], [ 29.9664184, 60.0296909 ], [ 29.9665023, 60.0294176 ], [ 29.9666905, 60.0288047 ], [ 29.9662077, 60.0286684 ], [ 29.9661005, 60.0286215 ], [ 29.9660549, 60.0285693 ], [ 29.9659395, 60.0285304 ], [ 29.9657893, 60.0285076 ], [ 29.965674, 60.028513 ], [ 29.9656123, 60.0284996 ], [ 29.9656016, 60.0284206 ], [ 29.9656284, 60.0283737 ], [ 29.9656874, 60.0283268 ], [ 29.9657786, 60.0283013 ], [ 29.9658751, 60.0283022 ], [ 29.9662453, 60.0283777 ], [ 29.9664491, 60.0284675 ], [ 29.9665457, 60.028517 ], [ 29.9666503, 60.0285465 ], [ 29.9667174, 60.0285559 ], [ 29.9668327, 60.0285583 ], [ 29.9670728, 60.0279797 ], [ 29.9667992, 60.0279073 ], [ 29.9667576, 60.0278745 ], [ 29.966822, 60.0277465 ], [ 29.9668716, 60.0276668 ], [ 29.9668904, 60.0275958 ], [ 29.9668367, 60.0275415 ], [ 29.9668448, 60.0275134 ], [ 29.9669051, 60.0274839 ], [ 29.9669802, 60.0274578 ], [ 29.9670124, 60.0274296 ], [ 29.9670352, 60.0273774 ], [ 29.9670714, 60.0273037 ], [ 29.9673209, 60.0272836 ], [ 29.9673691, 60.0272729 ], [ 29.9680746, 60.0256106 ], [ 29.9679096, 60.0255033 ], [ 29.9677286, 60.025492 ], [ 29.9675435, 60.0254873 ], [ 29.9673342, 60.0254828 ], [ 29.9671948, 60.0254625 ], [ 29.9670634, 60.0254183 ], [ 29.9668273, 60.0253084 ], [ 29.9665135, 60.025234 ], [ 29.9663767, 60.0251891 ], [ 29.9664035, 60.025163 ], [ 29.9664223, 60.0251415 ], [ 29.9663955, 60.0251181 ], [ 29.9661447, 60.0251147 ], [ 29.9660066, 60.0251321 ], [ 29.9659087, 60.025106 ], [ 29.9657343, 60.0250852 ], [ 29.9655814, 60.025106 ], [ 29.9654138, 60.0250893 ], [ 29.9652663, 60.0250893 ], [ 29.9651067, 60.0251013 ], [ 29.9650048, 60.0250812 ], [ 29.964923, 60.0250202 ], [ 29.9648733, 60.0249707 ], [ 29.9647929, 60.0249365 ], [ 29.9647285, 60.0249285 ], [ 29.9645542, 60.0248996 ], [ 29.9641451, 60.0248708 ], [ 29.962965, 60.0247676 ], [ 29.9624982, 60.0246832 ], [ 29.9622582, 60.0246691 ], [ 29.9621871, 60.0246712 ], [ 29.9621214, 60.0246966 ], [ 29.9618921, 60.0249084 ], [ 29.9616989, 60.0251388 ], [ 29.961597, 60.0254122 ], [ 29.9615836, 60.0255757 ], [ 29.9615461, 60.0256749 ], [ 29.9614871, 60.025959 ], [ 29.9611062, 60.0269251 ], [ 29.9610981, 60.0270109 ], [ 29.9611384, 60.0271529 ], [ 29.9611384, 60.0272226 ], [ 29.9610633, 60.0272628 ], [ 29.9609922, 60.027291 ], [ 29.9609721, 60.0273171 ], [ 29.9610123, 60.0273446 ], [ 29.961078, 60.0273432 ], [ 29.9611451, 60.0273164 ], [ 29.9612363, 60.0273084 ], [ 29.9613315, 60.0273291 ], [ 29.9614616, 60.0274089 ], [ 29.961538, 60.0274544 ], [ 29.961542, 60.0275027 ], [ 29.9614897, 60.0275509 ], [ 29.9614991, 60.0275965 ], [ 29.9616896, 60.0276487 ], [ 29.962226, 60.0277908 ], [ 29.9622716, 60.0278095 ], [ 29.9622649, 60.0278283 ], [ 29.9622528, 60.0278397 ], [ 29.9621469, 60.0278457 ], [ 29.9620181, 60.0278497 ], [ 29.9617794, 60.0278323 ], [ 29.9615487, 60.0278444 ], [ 29.9613154, 60.0278162 ], [ 29.9610364, 60.0278042 ], [ 29.9609157, 60.027831 ], [ 29.9601888, 60.028806 ], [ 29.9585355, 60.0324808 ], [ 29.9587289, 60.0325595 ], [ 29.9586653, 60.0328684 ], [ 29.9590155, 60.0329962 ], [ 29.9602335, 60.0330713 ], [ 29.961165, 60.0330641 ], [ 29.962171, 60.0330873 ], [ 29.962627, 60.033027 ], [ 29.9631634, 60.0330873 ], [ 29.9634799, 60.033094 ], [ 29.9635255, 60.0331141 ], [ 29.9635175, 60.0332909 ], [ 29.9631688, 60.0334865 ], [ 29.9629998, 60.0334637 ], [ 29.9629381, 60.0334155 ], [ 29.9627477, 60.0333713 ], [ 29.9621978, 60.033315 ], [ 29.961243, 60.0332789 ], [ 29.9601299, 60.0332373 ], [ 29.9597087, 60.0332601 ], [ 29.9593118, 60.03324 ], [ 29.9588987, 60.0332146 ], [ 29.9584347, 60.0332561 ], [ 29.9582189, 60.0333725 ], [ 29.9581316, 60.0334008 ], [ 29.9578768, 60.0333954 ], [ 29.957689, 60.0333418 ], [ 29.9576524, 60.0332782 ], [ 29.9577296, 60.0327294 ], [ 29.9578326, 60.0325108 ], [ 29.9584249, 60.0313618 ], [ 29.9588454, 60.0302041 ], [ 29.9591373, 60.0294366 ], [ 29.9599956, 60.0276229 ], [ 29.9603, 60.02689 ], [ 29.9608281, 60.0260063 ], [ 29.9613002, 60.0248313 ], [ 29.9616178, 60.0240508 ], [ 29.96221, 60.0224726 ], [ 29.9625104, 60.021765 ], [ 29.96237, 60.02147 ], [ 29.9623866, 60.0213975 ], [ 29.9627451, 60.021308 ], [ 29.9632653, 60.0212905 ], [ 29.96388, 60.02118 ], [ 29.96386, 60.02092 ], [ 29.9632172, 60.021072 ], [ 29.962474, 60.0211376 ], [ 29.9622272, 60.0210188 ], [ 29.9626735, 60.0204183 ], [ 29.9626392, 60.0191445 ], [ 29.9626967, 60.018784 ], [ 29.9628366, 60.0186234 ], [ 29.9630769, 60.018514 ], [ 29.9636777, 60.0183167 ], [ 29.96565, 60.01819 ], [ 29.96667, 60.01817 ], [ 29.9676431, 60.0181065 ], [ 29.9678333, 60.018104 ], [ 29.9682782, 60.018098 ], [ 29.96764, 60.01751 ], [ 29.96663, 60.01766 ], [ 29.96612, 60.01767 ], [ 29.96507, 60.01744 ], [ 29.96481, 60.01732 ], [ 29.96451, 60.01681 ], [ 29.96348, 60.01671 ], [ 29.9631875, 60.0165523 ], [ 29.9625008, 60.0165008 ], [ 29.9622434, 60.0160161 ], [ 29.9632304, 60.0156601 ], [ 29.9643205, 60.0154713 ], [ 29.9650329, 60.0151882 ], [ 29.9636596, 60.014815 ], [ 29.96293, 60.014622 ], [ 29.96247, 60.01404 ], [ 29.96246, 60.01379 ], [ 29.962827, 60.0136482 ], [ 29.9633677, 60.0134423 ], [ 29.9635331, 60.0132168 ], [ 29.9636031, 60.0131213 ], [ 29.9638072, 60.0128198 ], [ 29.9642444, 60.0126643 ], [ 29.9644053, 60.0125209 ], [ 29.9645421, 60.0122695 ], [ 29.9645206, 60.0122568 ], [ 29.9644925, 60.0122501 ], [ 29.9643651, 60.0122722 ], [ 29.9641934, 60.0122501 ], [ 29.9639788, 60.0121804 ], [ 29.9638984, 60.0120731 ], [ 29.9638723, 60.0119828 ], [ 29.9639949, 60.0119458 ], [ 29.9639359, 60.0118211 ], [ 29.9639395, 60.0116966 ], [ 29.9640298, 60.0116093 ], [ 29.96396, 60.0114618 ], [ 29.96396, 60.0114028 ], [ 29.9640942, 60.0113787 ], [ 29.9644294, 60.0114015 ], [ 29.9647996, 60.011376 ], [ 29.9651616, 60.0113231 ], [ 29.9654809, 60.0111655 ], [ 29.9655453, 60.0111099 ], [ 29.9655533, 60.0110301 ], [ 29.9655119, 60.010963 ], [ 29.9652901, 60.0108287 ], [ 29.9651149, 60.0107872 ], [ 29.9646469, 60.0105567 ], [ 29.9644704, 60.0105338 ], [ 29.9643242, 60.0104144 ], [ 29.9634924, 60.0100311 ], [ 29.9632225, 60.0099281 ], [ 29.963026, 60.0098614 ], [ 29.9629028, 60.0098279 ], [ 29.9626124, 60.0096499 ], [ 29.9624949, 60.0096011 ], [ 29.962482, 60.0095884 ], [ 29.9624835, 60.0095714 ], [ 29.9624714, 60.0095605 ], [ 29.9624714, 60.0095543 ], [ 29.9624775, 60.0095491 ], [ 29.9624902, 60.0095456 ], [ 29.9625324, 60.0095383 ], [ 29.9625445, 60.009532 ], [ 29.9625546, 60.0095218 ], [ 29.9625683, 60.0095136 ], [ 29.9625841, 60.0095094 ], [ 29.9626065, 60.0095074 ], [ 29.9626285, 60.0095083 ], [ 29.9626847, 60.0095325 ], [ 29.9627101, 60.009547 ], [ 29.962745, 60.009556 ], [ 29.9631406, 60.0096874 ], [ 29.9635269, 60.0098429 ], [ 29.9637227, 60.0099398 ], [ 29.9639547, 60.0100313 ], [ 29.964064, 60.0100725 ], [ 29.9641384, 60.0100856 ], [ 29.964184, 60.0101111 ], [ 29.9642216, 60.0101432 ], [ 29.9643107, 60.0101983 ], [ 29.964648, 60.0103591 ], [ 29.9649077, 60.0104692 ], [ 29.9652274, 60.0106078 ], [ 29.9655128, 60.0107236 ], [ 29.9655895, 60.0107358 ], [ 29.9657832, 60.0108337 ], [ 29.9659529, 60.0108665 ], [ 29.9661782, 60.010959 ], [ 29.9662882, 60.0109691 ], [ 29.9663633, 60.0109443 ], [ 29.9665323, 60.0108598 ], [ 29.9666691, 60.010764 ], [ 29.9667871, 60.0106594 ], [ 29.9668032, 60.0105863 ], [ 29.9669534, 60.0105595 ], [ 29.9671572, 60.0105971 ], [ 29.9673665, 60.0106359 ], [ 29.9676776, 60.0106681 ], [ 29.9683589, 60.0106923 ], [ 29.9687493, 60.0107096 ], [ 29.9689302, 60.0106896 ], [ 29.969067, 60.0106011 ], [ 29.9690926, 60.0105165 ], [ 29.9692091, 60.0103893 ], [ 29.9694188, 60.0103106 ], [ 29.9696812, 60.0103329 ], [ 29.969826, 60.0104295 ], [ 29.9699509, 60.0104307 ], [ 29.9701801, 60.0103879 ], [ 29.9707541, 60.0102458 ], [ 29.970789, 60.010152 ], [ 29.9709338, 60.0100165 ], [ 29.9711752, 60.0098785 ], [ 29.9711832, 60.0097685 ], [ 29.9711779, 60.0097203 ], [ 29.9713415, 60.0096747 ], [ 29.9715388, 60.0096628 ], [ 29.9717545, 60.0096639 ], [ 29.972055, 60.0096036 ], [ 29.9722856, 60.0095379 ], [ 29.9725431, 60.00955 ], [ 29.9727872, 60.0095835 ], [ 29.9730259, 60.0095781 ], [ 29.9737018, 60.009487 ], [ 29.9740693, 60.0093542 ], [ 29.9742731, 60.0092161 ], [ 29.9741954, 60.0091169 ], [ 29.9741567, 60.0089763 ], [ 29.9741927, 60.0088421 ], [ 29.9743617, 60.0086839 ], [ 29.9746138, 60.0086745 ], [ 29.9748632, 60.0087442 ], [ 29.9750537, 60.0087603 ], [ 29.9753863, 60.0086664 ], [ 29.9756357, 60.0086168 ], [ 29.975692, 60.0085377 ], [ 29.9760234, 60.0084809 ], [ 29.9761802, 60.0084466 ], [ 29.9762794, 60.0084412 ], [ 29.9763452, 60.00847 ], [ 29.9764793, 60.0085156 ], [ 29.9766254, 60.0085297 ], [ 29.9766898, 60.0085578 ], [ 29.9767487, 60.008573 ], [ 29.9776723, 60.0084977 ], [ 29.9777294, 60.0084264 ], [ 29.97732, 60.0083594 ], [ 29.9772545, 60.0083079 ], [ 29.9774869, 60.0082083 ], [ 29.9791447, 60.0080202 ], [ 29.9792636, 60.0080067 ], [ 29.9798386, 60.0078351 ], [ 29.9804051, 60.0079724 ], [ 29.9811948, 60.0076935 ], [ 29.982385, 60.0074082 ], [ 29.9836489, 60.0072832 ], [ 29.9843956, 60.0068348 ], [ 29.9847051, 60.0068041 ], [ 29.9850662, 60.0067683 ], [ 29.9852485, 60.0066021 ], [ 29.9870488, 60.0064825 ], [ 29.9878846, 60.0064176 ], [ 29.9885348, 60.0061038 ], [ 29.989318, 60.0058721 ], [ 29.9910432, 60.0054049 ], [ 29.9913661, 60.0052751 ], [ 29.9918672, 60.0052767 ], [ 29.9929099, 60.0049679 ], [ 29.9931395, 60.0048304 ], [ 29.9932167, 60.0047842 ], [ 29.9932437, 60.0047716 ], [ 29.9935259, 60.0046396 ], [ 29.9937253, 60.0045848 ], [ 29.9940212, 60.0045843 ], [ 29.9942725, 60.0044672 ], [ 29.9943348, 60.0043921 ], [ 29.9944628, 60.0043277 ], [ 29.99466, 60.0042032 ], [ 29.994712, 60.0041425 ], [ 29.9948025, 60.0040712 ], [ 29.9953909, 60.0038867 ], [ 29.9955904, 60.0038718 ], [ 29.9958897, 60.0037559 ], [ 29.9959095, 60.0036524 ], [ 29.9962905, 60.0035373 ], [ 29.9966006, 60.0035248 ], [ 29.9967529, 60.0035239 ], [ 29.9968449, 60.0034893 ], [ 29.997383, 60.0032528 ], [ 29.9975216, 60.0031241 ], [ 29.9977526, 60.0030851 ], [ 29.9984716, 60.0030578 ], [ 29.9987682, 60.0031294 ], [ 29.9988289, 60.0031873 ], [ 29.9992791, 60.003085 ], [ 29.9994931, 60.0031495 ], [ 29.9995728, 60.0031451 ], [ 29.9996999, 60.0031335 ], [ 29.9997833, 60.0031342 ], [ 29.9998769, 60.0031062 ], [ 30.0000348, 60.0029684 ], [ 30.0009734, 60.0027858 ], [ 30.0010305, 60.002709 ], [ 30.001477, 60.0027058 ], [ 30.0016733, 60.0025173 ], [ 30.0019843, 60.002515 ], [ 30.0023968, 60.0023977 ], [ 30.0028949, 60.0023913 ], [ 30.0035864, 60.0022286 ], [ 30.0042786, 60.0019788 ], [ 30.0050309, 60.0016891 ], [ 30.0052634, 60.0015932 ], [ 30.0052768, 60.0015396 ], [ 30.0052714, 60.0014242 ], [ 30.0053143, 60.0013478 ], [ 30.0055812, 60.0012208 ], [ 30.0058581, 60.0011056 ], [ 30.0061319, 60.0008218 ], [ 30.0062619, 60.0005483 ], [ 30.0064713, 60.0002702 ], [ 30.0064362, 60.0001687 ], [ 30.0055028, 59.9997567 ], [ 30.0051079, 59.9996544 ], [ 30.0049769, 59.9993397 ], [ 30.0051044, 59.9989359 ], [ 30.0054638, 59.9987658 ], [ 30.0058415, 59.9987149 ], [ 30.006291, 59.9985266 ], [ 30.0071472, 59.9985378 ], [ 30.0081664, 59.9989493 ], [ 30.008692, 59.9988236 ], [ 30.0106061, 59.9988064 ], [ 30.0116789, 59.9984932 ], [ 30.0115073, 59.9982786 ], [ 30.0116618, 59.9979996 ], [ 30.0121768, 59.9975704 ], [ 30.0128977, 59.9971841 ], [ 30.0122969, 59.9965489 ], [ 30.0127122, 59.9954643 ], [ 30.0113379, 59.9951611 ], [ 30.0101641, 59.9945704 ], [ 30.0098562, 59.9943252 ], [ 30.0098122, 59.9940816 ], [ 30.009765, 59.9938622 ], [ 30.0100558, 59.9936052 ], [ 30.010074, 59.9932892 ], [ 30.0102125, 59.9931543 ], [ 30.0106373, 59.993052 ], [ 30.0109087, 59.9929291 ], [ 30.0110965, 59.9927649 ], [ 30.0113883, 59.9927038 ], [ 30.011841, 59.9927467 ], [ 30.012357, 59.9927632 ], [ 30.0130461, 59.9926588 ], [ 30.0133892, 59.99278 ], [ 30.0136363, 59.9931673 ], [ 30.0139289, 59.9937645 ], [ 30.0146, 59.99391 ], [ 30.0151906, 59.9941052 ], [ 30.0158417, 59.9941453 ], [ 30.0160306, 59.9942011 ], [ 30.0164168, 59.9940295 ], [ 30.0171464, 59.994008 ], [ 30.0171034, 59.9935487 ], [ 30.01761, 59.9932 ], [ 30.0186999, 59.9931366 ], [ 30.0198758, 59.9932482 ], [ 30.0201075, 59.9934071 ], [ 30.0199616, 59.993523 ], [ 30.0189574, 59.9938148 ], [ 30.01815, 59.99358 ], [ 30.01843, 59.99382 ], [ 30.0182192, 59.9943085 ], [ 30.0166829, 59.9949609 ], [ 30.0162537, 59.9952313 ], [ 30.0166314, 59.9954673 ], [ 30.0165455, 59.9956047 ], [ 30.0151379, 59.9969352 ], [ 30.0140315, 59.9976409 ], [ 30.0139242, 59.9977683 ], [ 30.0137687, 59.9979011 ], [ 30.013133, 59.9985395 ], [ 30.0130954, 59.9986837 ], [ 30.0130874, 59.9987923 ], [ 30.0131276, 59.9989479 ], [ 30.0131799, 59.9990626 ], [ 30.0132725, 59.9992061 ], [ 30.0133422, 59.9993268 ], [ 30.0134012, 59.9994374 ], [ 30.0134186, 59.9995648 ], [ 30.0134817, 59.9997325 ], [ 30.01353, 59.9998404 ], [ 30.0136869, 60.000222 ], [ 30.0138421, 60.0002612 ], [ 30.0139041, 60.0002407 ], [ 30.0139926, 60.0002146 ], [ 30.0140704, 60.0001837 ], [ 30.0140946, 60.0001536 ], [ 30.0140718, 60.0000952 ], [ 30.0140248, 60.0000456 ], [ 30.0139765, 59.999939 ], [ 30.0138679, 59.9997506 ], [ 30.0138371, 59.9996641 ], [ 30.0137553, 59.999542 ], [ 30.0136855, 59.9994166 ], [ 30.0135313, 59.9991162 ], [ 30.0134857, 59.9989244 ], [ 30.0134736, 59.9987903 ], [ 30.0134951, 59.9987266 ], [ 30.0134777, 59.9986676 ], [ 30.0135501, 59.9984704 ], [ 30.0136185, 59.9984242 ], [ 30.01366, 59.998453 ], [ 30.0136507, 59.9985422 ], [ 30.0136332, 59.9986911 ], [ 30.0136439, 59.998789 ], [ 30.0136346, 59.9989191 ], [ 30.0136507, 59.9989687 ], [ 30.0137003, 59.9991095 ], [ 30.0138585, 59.999416 ], [ 30.0139229, 59.9995172 ], [ 30.0139698, 59.9995809 ], [ 30.0140034, 59.99966 ], [ 30.014061, 59.9998002 ], [ 30.0141201, 59.9999165 ], [ 30.0142025, 60.0000195 ], [ 30.0142439, 60.0000332 ], [ 30.0143222, 60.0000149 ], [ 30.0144816, 60.0000047 ], [ 30.0145232, 60.0000142 ], [ 30.0148086, 59.9999823 ], [ 30.015551, 59.9997595 ], [ 30.0154951, 59.9997046 ], [ 30.0159609, 59.9996197 ], [ 30.0160044, 59.9996228 ], [ 30.016081, 59.9996373 ], [ 30.0160624, 59.999598 ], [ 30.0159453, 59.999418 ], [ 30.0158809, 59.9993777 ], [ 30.0158098, 59.9993596 ], [ 30.0157428, 59.9993623 ], [ 30.0155041, 59.9993945 ], [ 30.0153029, 59.9994213 ], [ 30.0151151, 59.9994555 ], [ 30.0150213, 59.9994636 ], [ 30.0148563, 59.9994998 ], [ 30.0146484, 59.9995655 ], [ 30.0145948, 59.9995554 ], [ 30.0145036, 59.999485 ], [ 30.0144593, 59.9994441 ], [ 30.0143936, 59.9993918 ], [ 30.0143279, 59.9993824 ], [ 30.0142743, 59.9993811 ], [ 30.0142281, 59.9993361 ], [ 30.0141697, 59.9992919 ], [ 30.0141455, 59.9992248 ], [ 30.0141473, 59.9992119 ], [ 30.0140825, 59.9991779 ], [ 30.0140154, 59.9990632 ], [ 30.0139819, 59.9990049 ], [ 30.0139739, 59.998964 ], [ 30.0139685, 59.9988916 ], [ 30.0139658, 59.9988292 ], [ 30.0139524, 59.9987347 ], [ 30.013935, 59.9986649 ], [ 30.0139363, 59.9984502 ], [ 30.0139149, 59.9984215 ], [ 30.0138706, 59.9984121 ], [ 30.0138438, 59.9983638 ], [ 30.0138451, 59.9983524 ], [ 30.013829, 59.998345 ], [ 30.013825, 59.998331 ], [ 30.013833, 59.9982994 ], [ 30.0138625, 59.998288 ], [ 30.0138907, 59.9982894 ], [ 30.0139095, 59.9982525 ], [ 30.0139242, 59.998225 ], [ 30.0140047, 59.9980728 ], [ 30.0140771, 59.9979668 ], [ 30.0141455, 59.9979065 ], [ 30.0142206, 59.9978066 ], [ 30.0144285, 59.997604 ], [ 30.0145331, 59.9975276 ], [ 30.0146149, 59.997482 ], [ 30.0147074, 59.9974183 ], [ 30.0148496, 59.9973532 ], [ 30.0149126, 59.9973264 ], [ 30.0150534, 59.997258 ], [ 30.0152305, 59.9971755 ], [ 30.0153995, 59.9970837 ], [ 30.0154719, 59.9970159 ], [ 30.0155658, 59.9969354 ], [ 30.0156529, 59.996863 ], [ 30.0158192, 59.9967175 ], [ 30.0159386, 59.99657 ], [ 30.0159855, 59.9964915 ], [ 30.0160539, 59.9964177 ], [ 30.0161652, 59.996289 ], [ 30.0163664, 59.9961253 ], [ 30.01642, 59.996073 ], [ 30.016475, 59.9960321 ], [ 30.0165153, 59.9960006 ], [ 30.0165179, 59.9959765 ], [ 30.016585, 59.9959436 ], [ 30.0166494, 59.9959007 ], [ 30.0167392, 59.9958443 ], [ 30.0168545, 59.9957382 ], [ 30.0169162, 59.9956391 ], [ 30.0169685, 59.9956029 ], [ 30.0170061, 59.9955472 ], [ 30.0170302, 59.9955305 ], [ 30.0170742, 59.9954929 ], [ 30.0173293, 59.9952723 ], [ 30.0175318, 59.9951207 ], [ 30.0177477, 59.9949873 ], [ 30.0178738, 59.9949195 ], [ 30.017969, 59.9948632 ], [ 30.0180709, 59.9947881 ], [ 30.0181688, 59.9947136 ], [ 30.0182118, 59.9946982 ], [ 30.0182345, 59.9946741 ], [ 30.0183029, 59.9946405 ], [ 30.018374, 59.994607 ], [ 30.0184706, 59.9945513 ], [ 30.0187522, 59.9944085 ], [ 30.0187978, 59.9943897 ], [ 30.018885, 59.9943588 ], [ 30.0189359, 59.9943387 ], [ 30.0189815, 59.9943099 ], [ 30.0190057, 59.994279 ], [ 30.0190781, 59.9942334 ], [ 30.0191773, 59.9942039 ], [ 30.0192498, 59.9941945 ], [ 30.019231, 59.9942173 ], [ 30.0188783, 59.9943984 ], [ 30.0187522, 59.9944742 ], [ 30.0185873, 59.9945419 ], [ 30.0185215, 59.9945929 ], [ 30.0184263, 59.9946399 ], [ 30.018425, 59.994662 ], [ 30.0183848, 59.9947062 ], [ 30.0183257, 59.9947425 ], [ 30.0182922, 59.9947552 ], [ 30.018193, 59.9948156 ], [ 30.0181393, 59.9948639 ], [ 30.0180736, 59.9949175 ], [ 30.0180253, 59.9949437 ], [ 30.017969, 59.9949846 ], [ 30.0178926, 59.9950382 ], [ 30.0178121, 59.9950832 ], [ 30.0177585, 59.9951133 ], [ 30.017686, 59.9951261 ], [ 30.0176176, 59.9951569 ], [ 30.0174326, 59.9952884 ], [ 30.0173588, 59.9953749 ], [ 30.0173199, 59.9954292 ], [ 30.0171912, 59.9955519 ], [ 30.0169887, 59.9957545 ], [ 30.0170155, 59.9957726 ], [ 30.017297, 59.9958164 ], [ 30.0177729, 59.9958966 ], [ 30.018348, 59.995888 ], [ 30.01888, 59.99599 ], [ 30.0194466, 59.9960039 ], [ 30.01966, 59.9961 ], [ 30.0199163, 59.9962581 ], [ 30.0202328, 59.9964352 ], [ 30.0204742, 59.99669 ], [ 30.0208551, 59.9968912 ], [ 30.021193, 59.9970039 ], [ 30.0215793, 59.9970736 ], [ 30.021987, 59.9971514 ], [ 30.0224215, 59.9972024 ], [ 30.0231779, 59.9971728 ], [ 30.0236231, 59.9971353 ], [ 30.02424, 59.9971541 ], [ 30.0251895, 59.9971889 ], [ 30.0255972, 59.9971997 ], [ 30.0261873, 59.9972158 ], [ 30.0266057, 59.9972426 ], [ 30.0271368, 59.9972775 ], [ 30.0275981, 59.9972962 ], [ 30.0286549, 59.9972748 ], [ 30.029403, 59.9973 ], [ 30.0298566, 59.9973016 ], [ 30.0303394, 59.9972909 ], [ 30.0309241, 59.997256 ], [ 30.0313801, 59.9971755 ], [ 30.0316805, 59.9971111 ], [ 30.032056, 59.9969824 ], [ 30.032351, 59.9969448 ], [ 30.032587, 59.9970226 ], [ 30.0327372, 59.9972077 ], [ 30.0328231, 59.9974679 ], [ 30.0329304, 59.9976342 ], [ 30.0332951, 59.997822 ], [ 30.033617, 59.9979776 ], [ 30.0340033, 59.9980661 ], [ 30.0344056, 59.9981626 ], [ 30.0345612, 59.9981787 ], [ 30.0347865, 59.9982029 ], [ 30.0350547, 59.9981948 ], [ 30.0355281, 59.9981613 ], [ 30.0360082, 59.9980936 ], [ 30.0365943, 59.997995 ], [ 30.0371669, 59.9979367 ], [ 30.0376229, 59.9978857 ], [ 30.037985, 59.9978495 ], [ 30.038453, 59.9978019 ], [ 30.0390646, 59.9977214 ], [ 30.0394803, 59.9976812 ], [ 30.0397888, 59.9976221 ], [ 30.0401884, 59.9976168 ], [ 30.0408751, 59.9975819 ], [ 30.0415349, 59.9976396 ], [ 30.0422859, 59.9977683 ], [ 30.0433803, 59.9980366 ], [ 30.0442332, 59.9983182 ], [ 30.045011, 59.9983611 ], [ 30.0459015, 59.9982646 ], [ 30.0470442, 59.9982351 ], [ 30.0486857, 59.9981305 ], [ 30.0504291, 59.9981305 ], [ 30.0509977, 59.9981626 ], [ 30.051561, 59.9982029 ], [ 30.0522315, 59.9982485 ], [ 30.0536156, 59.9982136 ], [ 30.0551659, 59.9980446 ], [ 30.0563246, 59.9978595 ], [ 30.0570917, 59.9977254 ], [ 30.0581914, 59.9975242 ], [ 30.0586474, 59.9974143 ], [ 30.0590122, 59.9972319 ], [ 30.0601709, 59.9967141 ], [ 30.0608307, 59.9964835 ], [ 30.0611043, 59.9964459 ], [ 30.0615442, 59.9964378 ], [ 30.062837, 59.9965103 ], [ 30.0634056, 59.9965854 ], [ 30.0639152, 59.9966873 ], [ 30.0650912, 59.9978708 ], [ 30.0671578, 59.9999091 ], [ 30.067811, 60.0004864 ], [ 30.0679137, 60.0005771 ], [ 30.0687922, 60.001438 ], [ 30.0690344, 60.0016685 ], [ 30.069424, 60.0020727 ], [ 30.0695025, 60.0021451 ], [ 30.0695579, 60.0021903 ], [ 30.0696426, 60.0022513 ], [ 30.069774, 60.0023483 ], [ 30.0699277, 60.0025696 ], [ 30.0700936, 60.0027486 ], [ 30.0716633, 60.0025199 ], [ 30.0716795, 60.0026434 ], [ 30.0705533, 60.0027939 ], [ 30.0700048, 60.0028715 ], [ 30.0674041, 60.0032532 ], [ 30.0656659, 60.0035201 ], [ 30.0636462, 60.0038159 ], [ 30.0595292, 60.0044315 ], [ 30.0585474, 60.004516 ], [ 30.0540294, 60.0049046 ], [ 30.051428, 60.0053158 ], [ 30.047067, 60.0060586 ], [ 30.0459631, 60.0062673 ], [ 30.0451861, 60.0064026 ], [ 30.0443571, 60.0065523 ], [ 30.0424406, 60.0069078 ], [ 30.0424761, 60.0069625 ], [ 30.0464467, 60.0108239 ], [ 30.0312042, 60.0147838 ], [ 30.028262, 60.0155325 ], [ 30.0278512, 60.0156371 ], [ 30.0259127, 60.0161318 ], [ 30.0274625, 60.0176839 ], [ 30.0253742, 60.0181877 ], [ 30.0247215, 60.0183481 ], [ 30.0221784, 60.018969 ], [ 30.0211458, 60.0180157 ], [ 30.0207851, 60.0176996 ], [ 30.0205655, 60.0175044 ], [ 30.0114394, 60.0198026 ], [ 30.0112091, 60.0198632 ], [ 30.0107517, 60.0198531 ], [ 30.0101078, 60.0210589 ], [ 30.0099365, 60.0210389 ], [ 30.0099179, 60.0210765 ], [ 30.0098039, 60.021282 ], [ 30.0095758, 60.0216783 ], [ 30.0094468, 60.0219118 ], [ 30.0086049, 60.0227891 ], [ 30.0066658, 60.0245412 ], [ 30.004938, 60.0256437 ], [ 30.0043753, 60.0259539 ], [ 30.0030675, 60.0265661 ], [ 30.0012984, 60.0272936 ], [ 29.9952104, 60.0296573 ], [ 29.9890285, 60.0319729 ], [ 29.9866777, 60.0328901 ] ] ] ] } },
{ "type": "Feature", "properties": { "full_id": "r1205319", "osm_id": "1205319", "osm_type": "relation", "boundary": "administrative", "place": null, "name:ru": null, "name:fi": null, "name:en": null, "name:ca": null, "old_name": null, "alt_name": null, "wikipedia": "ru:Лахта-Ольгино", "wikidata": "Q14369276", "website": "https://lahta-olgino.ru/", "url": "http://www.gov.spb.ru/law?d&nd=8414528&nh=0&header=010000003D01#I0", "type": "boundary", "ref": null, "oktmo:user": "40321000", "oktmo": "40321000", "official_status": "ru:внутригородская территория города федерального значения", "official_name": "муниципальный округ Лахта-Ольгино", "name:uk": "Округ Лахта-Ольгіно", "name": "округ Лахта-Ольгино", "admin_level": "8", "addr:region": "Санкт-Петербург", "addr:country": "RU" }, "geometry": { "type": "MultiPolygon", "coordinates": [ [ [ [ 30.1785353, 59.9902978 ], [ 30.1786196, 59.9899775 ], [ 30.1787379, 59.9895001 ], [ 30.1789259, 59.9891763 ], [ 30.1788117, 59.9891636 ], [ 30.1788077, 59.9891574 ], [ 30.1787996, 59.9891239 ], [ 30.1787835, 59.9891118 ], [ 30.1787587, 59.9891019 ], [ 30.1787728, 59.9890789 ], [ 30.178801, 59.9890781 ], [ 30.1788077, 59.9886771 ], [ 30.1788197, 59.9886483 ], [ 30.1788446, 59.9886231 ], [ 30.1788734, 59.9886057 ], [ 30.1789009, 59.988594 ], [ 30.1789706, 59.9885799 ], [ 30.1790464, 59.9885775 ], [ 30.1801002, 59.9885777 ], [ 30.180144, 59.9885865 ], [ 30.1801843, 59.9885987 ], [ 30.1802165, 59.9886148 ], [ 30.1802473, 59.9886396 ], [ 30.1802735, 59.9886317 ], [ 30.1803681, 59.9886963 ], [ 30.1804566, 59.9887503 ], [ 30.1805974, 59.9888063 ], [ 30.1807455, 59.9888512 ], [ 30.1807255, 59.988871 ], [ 30.1808554, 59.9889332 ], [ 30.1810379, 59.9889944 ], [ 30.1812673, 59.9890373 ], [ 30.1815355, 59.9890568 ], [ 30.1817642, 59.9890432 ], [ 30.1819338, 59.9890152 ], [ 30.1819821, 59.9890313 ], [ 30.1821162, 59.9890139 ], [ 30.1822677, 59.988987 ], [ 30.1823415, 59.9889669 ], [ 30.1823743, 59.9889495 ], [ 30.1823824, 59.9889307 ], [ 30.1823784, 59.9889065 ], [ 30.1823596, 59.9888834 ], [ 30.1822892, 59.9888261 ], [ 30.1823703, 59.9887281 ], [ 30.1825172, 59.9885551 ], [ 30.1825795, 59.9884786 ], [ 30.182601, 59.9884508 ], [ 30.1826064, 59.9884216 ], [ 30.1826023, 59.9883961 ], [ 30.1825961, 59.9883773 ], [ 30.1825608, 59.9883444 ], [ 30.1825118, 59.9883179 ], [ 30.1824166, 59.9882579 ], [ 30.1823254, 59.9881915 ], [ 30.1822154, 59.9880949 ], [ 30.1821323, 59.9880151 ], [ 30.1820531, 59.9878755 ], [ 30.1819874, 59.9877327 ], [ 30.1819606, 59.9876334 ], [ 30.181805, 59.9859047 ], [ 30.1818265, 59.9858678 ], [ 30.1818386, 59.9858161 ], [ 30.1818319, 59.9857672 ], [ 30.1817957, 59.9857095 ], [ 30.1817366, 59.9856531 ], [ 30.1816683, 59.9856109 ], [ 30.1815958, 59.9855854 ], [ 30.1815194, 59.9855632 ], [ 30.1814336, 59.9855438 ], [ 30.1813504, 59.985533 ], [ 30.1812726, 59.9855283 ], [ 30.1812015, 59.9855304 ], [ 30.1805766, 59.9856021 ], [ 30.1803365, 59.9856451 ], [ 30.1801461, 59.9856954 ], [ 30.1797465, 59.9857953 ], [ 30.1796097, 59.9858195 ], [ 30.1794112, 59.9858437 ], [ 30.1791872, 59.985851 ], [ 30.1716321, 59.9858759 ], [ 30.1715131, 59.9858725 ], [ 30.1703545, 59.9857746 ], [ 30.1702687, 59.9854772 ], [ 30.1700127, 59.9854747 ], [ 30.1695489, 59.9854374 ], [ 30.169078, 59.9856982 ], [ 30.1683321, 59.9856287 ], [ 30.1680869, 59.985586 ], [ 30.1680171, 59.9855639 ], [ 30.1679644, 59.9855409 ], [ 30.1678911, 59.9855163 ], [ 30.1677858, 59.985494 ], [ 30.1674246, 59.9855174 ], [ 30.1672461, 59.9855346 ], [ 30.1670051, 59.98477 ], [ 30.1669354, 59.98472 ], [ 30.1668169, 59.9846951 ], [ 30.1666819, 59.9846942 ], [ 30.1667559, 59.9848675 ], [ 30.1653712, 59.9850289 ], [ 30.1655777, 59.9854727 ], [ 30.1632256, 59.985752 ], [ 30.1621543, 59.9834525 ], [ 30.1631692, 59.98333 ], [ 30.1663063, 59.9829512 ], [ 30.1667786, 59.983967 ], [ 30.1668504, 59.984033 ], [ 30.1669724, 59.9840893 ], [ 30.1670861, 59.9841119 ], [ 30.1671981, 59.9841138 ], [ 30.1673439, 59.9840947 ], [ 30.1674539, 59.9840431 ], [ 30.1675022, 59.983976 ], [ 30.1675129, 59.9838982 ], [ 30.1674767, 59.9837841 ], [ 30.1673465, 59.9837995 ], [ 30.1668504, 59.9827637 ], [ 30.1667136, 59.9826241 ], [ 30.1665499, 59.9825571 ], [ 30.1663542, 59.9825154 ], [ 30.1661503, 59.9825235 ], [ 30.1611292, 59.9831139 ], [ 30.1609254, 59.9832105 ], [ 30.1608395, 59.983291 ], [ 30.1607752, 59.9833608 ], [ 30.1607859, 59.9835057 ], [ 30.1619553, 59.9859906 ], [ 30.1620602, 59.9861297 ], [ 30.1621202, 59.9861314 ], [ 30.1621489, 59.9863241 ], [ 30.1621505, 59.986415 ], [ 30.1618824, 59.9866293 ], [ 30.161522, 59.9867939 ], [ 30.1610309, 59.9869513 ], [ 30.1606165, 59.9871074 ], [ 30.1602345, 59.9872478 ], [ 30.1596956, 59.9873685 ], [ 30.1593236, 59.987437 ], [ 30.1578653, 59.9876122 ], [ 30.156087, 59.9877568 ], [ 30.1495258, 59.9881858 ], [ 30.1492444, 59.9880889 ], [ 30.1486436, 59.9880392 ], [ 30.1481552, 59.9880338 ], [ 30.1477826, 59.9881465 ], [ 30.1467794, 59.9882364 ], [ 30.1458323, 59.9882882 ], [ 30.1454517, 59.9883102 ], [ 30.1451823, 59.9883016 ], [ 30.1448616, 59.9882552 ], [ 30.1445111, 59.9881446 ], [ 30.1438799, 59.9881868 ], [ 30.143609, 59.98816 ], [ 30.1433824, 59.9881022 ], [ 30.1432698, 59.9880003 ], [ 30.1430337, 59.9879023 ], [ 30.1429264, 59.9878943 ], [ 30.1428728, 59.9879144 ], [ 30.1429041, 59.9879953 ], [ 30.141871, 59.9880535 ], [ 30.1415054, 59.9879682 ], [ 30.1413144, 59.9879292 ], [ 30.1409604, 59.9879332 ], [ 30.1408638, 59.9879681 ], [ 30.1408746, 59.9880325 ], [ 30.1406949, 59.9880539 ], [ 30.1406224, 59.9880204 ], [ 30.1404695, 59.9880137 ], [ 30.1404749, 59.9879654 ], [ 30.1404347, 59.9879345 ], [ 30.1401865, 59.9879655 ], [ 30.1401128, 59.9880325 ], [ 30.1400174, 59.9881013 ], [ 30.1395578, 59.9881239 ], [ 30.1388763, 59.9880338 ], [ 30.1383117, 59.9880781 ], [ 30.1377819, 59.988376 ], [ 30.1373727, 59.9884294 ], [ 30.136913, 59.9885183 ], [ 30.1363757, 59.9886222 ], [ 30.1352258, 59.988714 ], [ 30.134684, 59.9887703 ], [ 30.1344534, 59.9888066 ], [ 30.1340122, 59.9888044 ], [ 30.133697, 59.9887838 ], [ 30.133469, 59.988659 ], [ 30.1332383, 59.9886523 ], [ 30.1330599, 59.9886335 ], [ 30.1328333, 59.9885745 ], [ 30.1327019, 59.9885383 ], [ 30.1325248, 59.9885503 ], [ 30.1323871, 59.9886168 ], [ 30.1319508, 59.9886262 ], [ 30.131586, 59.9887503 ], [ 30.1310239, 59.9888063 ], [ 30.1304059, 59.988655 ], [ 30.1302396, 59.9885342 ], [ 30.1300384, 59.9884309 ], [ 30.1298225, 59.9884189 ], [ 30.1294708, 59.9884994 ], [ 30.1293169, 59.9884833 ], [ 30.1290998, 59.9884408 ], [ 30.1286665, 59.988496 ], [ 30.1284076, 59.9885302 ], [ 30.128317, 59.9884983 ], [ 30.1282811, 59.9883984 ], [ 30.1280209, 59.988398 ], [ 30.1278333, 59.9884382 ], [ 30.1278162, 59.9885635 ], [ 30.127151, 59.9886449 ], [ 30.1267281, 59.9887683 ], [ 30.1256594, 59.9890153 ], [ 30.125075, 59.9891232 ], [ 30.1244735, 59.9892062 ], [ 30.1222975, 59.9896239 ], [ 30.1217075, 59.9897913 ], [ 30.120987, 59.9899199 ], [ 30.120302, 59.989904 ], [ 30.1196648, 59.9899682 ], [ 30.1190789, 59.9899221 ], [ 30.1185122, 59.989907 ], [ 30.1179349, 59.9898637 ], [ 30.1172544, 59.9897514 ], [ 30.1169704, 59.9896745 ], [ 30.1167482, 59.9896491 ], [ 30.1162769, 59.9896258 ], [ 30.115934, 59.9896377 ], [ 30.1158486, 59.9896945 ], [ 30.1157056, 59.989746 ], [ 30.1154406, 59.989748 ], [ 30.115222, 59.9898011 ], [ 30.114853, 59.9898567 ], [ 30.1144693, 59.9898033 ], [ 30.1141979, 59.9898245 ], [ 30.1136298, 59.9896863 ], [ 30.1129839, 59.9895963 ], [ 30.1121993, 59.9895697 ], [ 30.1117074, 59.9895531 ], [ 30.111115, 59.9895483 ], [ 30.1106353, 59.9895706 ], [ 30.1102836, 59.9895976 ], [ 30.1101458, 59.9896571 ], [ 30.1100831, 59.9897258 ], [ 30.1094972, 59.9897329 ], [ 30.1080267, 59.9898732 ], [ 30.1076105, 59.989957 ], [ 30.1073872, 59.989963 ], [ 30.1070886, 59.9899412 ], [ 30.1067768, 59.9898727 ], [ 30.1062933, 59.9899177 ], [ 30.1056944, 59.9898806 ], [ 30.105435, 59.9899304 ], [ 30.1046138, 59.990282 ], [ 30.1039134, 59.990436 ], [ 30.1033511, 59.9906315 ], [ 30.102722, 59.9909372 ], [ 30.1015966, 59.9911847 ], [ 30.1012325, 59.9913286 ], [ 30.1009227, 59.9913661 ], [ 30.1005695, 59.9913386 ], [ 30.1001143, 59.9912667 ], [ 30.0998569, 59.9912227 ], [ 30.0995952, 59.9910992 ], [ 30.0997184, 59.9907993 ], [ 30.0994522, 59.990596 ], [ 30.0994992, 59.9905463 ], [ 30.0993933, 59.9904962 ], [ 30.0992197, 59.9905068 ], [ 30.0989297, 59.9906072 ], [ 30.0988421, 59.9907425 ], [ 30.0989477, 59.9909777 ], [ 30.0987182, 59.9909945 ], [ 30.0985032, 59.9909547 ], [ 30.0978959, 59.9907027 ], [ 30.0971878, 59.9904758 ], [ 30.0971467, 59.9904804 ], [ 30.0970633, 59.9905264 ], [ 30.0970164, 59.9905566 ], [ 30.0970244, 59.9905949 ], [ 30.0972578, 59.9907196 ], [ 30.0979817, 59.9909947 ], [ 30.0980019, 59.9911594 ], [ 30.0979318, 59.9911814 ], [ 30.0976048, 59.9911642 ], [ 30.0974399, 59.9911978 ], [ 30.0974485, 59.9913705 ], [ 30.0977974, 59.9913112 ], [ 30.098094, 59.9913171 ], [ 30.0982601, 59.991401 ], [ 30.0981287, 59.9915309 ], [ 30.0982718, 59.9916375 ], [ 30.0982043, 59.9918067 ], [ 30.0983086, 59.9919176 ], [ 30.0983159, 59.9920181 ], [ 30.0981818, 59.9922086 ], [ 30.0979659, 59.9923092 ], [ 30.0977433, 59.9923864 ], [ 30.0975599, 59.9923937 ], [ 30.0974469, 59.9923803 ], [ 30.0973117, 59.9923427 ], [ 30.0972162, 59.9922046 ], [ 30.0970794, 59.9920792 ], [ 30.0969239, 59.9919175 ], [ 30.0968715, 59.9918051 ], [ 30.096942, 59.9916178 ], [ 30.096765, 59.9914307 ], [ 30.0960377, 59.9915075 ], [ 30.0956351, 59.991998 ], [ 30.0952166, 59.9926365 ], [ 30.0951227, 59.9928116 ], [ 30.0950074, 59.9929638 ], [ 30.0947875, 59.9930899 ], [ 30.0935993, 59.9935446 ], [ 30.0922903, 59.9938974 ], [ 30.0914347, 59.9940933 ], [ 30.0908366, 59.9941644 ], [ 30.0902331, 59.9942126 ], [ 30.0894392, 59.9942086 ], [ 30.0887176, 59.9941939 ], [ 30.0883555, 59.9941214 ], [ 30.0880337, 59.9941281 ], [ 30.0877252, 59.994214 ], [ 30.0874409, 59.9942569 ], [ 30.0869983, 59.9942958 ], [ 30.086368, 59.9943293 ], [ 30.0860971, 59.9943682 ], [ 30.0857484, 59.9944045 ], [ 30.0854132, 59.9944433 ], [ 30.0849277, 59.9944501 ], [ 30.084241, 59.9944648 ], [ 30.0835893, 59.9943562 ], [ 30.0827739, 59.9943682 ], [ 30.0820953, 59.9944353 ], [ 30.0814354, 59.9944997 ], [ 30.0809044, 59.9945493 ], [ 30.0803143, 59.994607 ], [ 30.0798583, 59.9946727 ], [ 30.0788337, 59.9948364 ], [ 30.0783241, 59.9949303 ], [ 30.0779003, 59.9950563 ], [ 30.0774121, 59.9951395 ], [ 30.0767523, 59.9953031 ], [ 30.0760978, 59.9954829 ], [ 30.07532, 59.995625 ], [ 30.0743866, 59.995837 ], [ 30.072965, 59.9961052 ], [ 30.071125, 59.9963225 ], [ 30.0694513, 59.9965639 ], [ 30.0682712, 59.9967034 ], [ 30.0671822, 59.996808 ], [ 30.066179, 59.9968402 ], [ 30.065605, 59.9968268 ], [ 30.065015, 59.9967893 ], [ 30.0644785, 59.9967276 ], [ 30.0639152, 59.9966873 ], [ 30.0650912, 59.9978708 ], [ 30.0671578, 59.9999091 ], [ 30.067811, 60.0004864 ], [ 30.0679137, 60.0005771 ], [ 30.0687922, 60.001438 ], [ 30.0690344, 60.0016685 ], [ 30.069424, 60.0020727 ], [ 30.0695025, 60.0021451 ], [ 30.0695579, 60.0021903 ], [ 30.0696426, 60.0022513 ], [ 30.069774, 60.0023483 ], [ 30.0699277, 60.0025696 ], [ 30.0700936, 60.0027486 ], [ 30.0716633, 60.0025199 ], [ 30.0716795, 60.0026434 ], [ 30.0719318, 60.002701 ], [ 30.0720136, 60.0026919 ], [ 30.0731526, 60.0025889 ], [ 30.074312, 60.0025267 ], [ 30.0754446, 60.0025851 ], [ 30.07659, 60.0027703 ], [ 30.0776214, 60.0030874 ], [ 30.0783293, 60.0034116 ], [ 30.0788981, 60.003792 ], [ 30.079315, 60.0042097 ], [ 30.0796278, 60.0047616 ], [ 30.0797255, 60.0052773 ], [ 30.0799993, 60.0075763 ], [ 30.0800864, 60.0089798 ], [ 30.0803239, 60.0135166 ], [ 30.0803432, 60.0138804 ], [ 30.0806143, 60.0164909 ], [ 30.0799816, 60.016786 ], [ 30.0791042, 60.0271736 ], [ 30.1199388, 60.0335807 ], [ 30.1212934, 60.0336393 ], [ 30.1336044, 60.034222 ], [ 30.1461872, 60.0347154 ], [ 30.1462922, 60.0359023 ], [ 30.1458756, 60.0359794 ], [ 30.1450416, 60.0359833 ], [ 30.1446876, 60.0360333 ], [ 30.1444657, 60.0361823 ], [ 30.1442481, 60.0364529 ], [ 30.144505, 60.0364222 ], [ 30.1450531, 60.0362649 ], [ 30.146581, 60.0362999 ], [ 30.1469775, 60.0362824 ], [ 30.1472341, 60.0360377 ], [ 30.147654, 60.0359212 ], [ 30.148727, 60.0360843 ], [ 30.1517827, 60.0368969 ], [ 30.1532873, 60.0372989 ], [ 30.1537888, 60.0373804 ], [ 30.1549201, 60.0373688 ], [ 30.155894, 60.0374853 ], [ 30.1570253, 60.0376483 ], [ 30.1575734, 60.0377823 ], [ 30.1579117, 60.0378289 ], [ 30.1582732, 60.0377648 ], [ 30.1593112, 60.0373222 ], [ 30.1597778, 60.0371678 ], [ 30.1615039, 60.0369989 ], [ 30.1626119, 60.0373192 ], [ 30.1630201, 60.0374066 ], [ 30.1648337, 60.0374649 ], [ 30.1667931, 60.0376862 ], [ 30.1672713, 60.0377328 ], [ 30.1703328, 60.0371212 ], [ 30.1749514, 60.036262 ], [ 30.1771324, 60.0357669 ], [ 30.1794884, 60.0347503 ], [ 30.1804331, 60.0342552 ], [ 30.1821184, 60.0332765 ], [ 30.1829197, 60.0326703 ], [ 30.1835513, 60.0322664 ], [ 30.1836232, 60.0321286 ], [ 30.1837991, 60.0319763 ], [ 30.1838959, 60.0318796 ], [ 30.1841039, 60.0316718 ], [ 30.1841415, 60.0316198 ], [ 30.1844356, 60.0312132 ], [ 30.1847606, 60.0307639 ], [ 30.1847723, 60.0307508 ], [ 30.1851709, 60.0303041 ], [ 30.1851944, 60.0301284 ], [ 30.1854641, 60.0299761 ], [ 30.1856824, 60.0296606 ], [ 30.1865198, 60.0287472 ], [ 30.1879014, 60.0270077 ], [ 30.1879459, 60.0269567 ], [ 30.1880643, 60.026821 ], [ 30.1881844, 60.0265669 ], [ 30.1889219, 60.0256866 ], [ 30.1895163, 60.0252101 ], [ 30.1897026, 60.0251607 ], [ 30.1897791, 60.0251404 ], [ 30.1898938, 60.025057 ], [ 30.1899229, 60.0249799 ], [ 30.189728, 60.0245455 ], [ 30.1895797, 60.0243788 ], [ 30.1892876, 60.0243478 ], [ 30.1891576, 60.0243144 ], [ 30.1890286, 60.0241855 ], [ 30.1891261, 60.0239507 ], [ 30.1892773, 60.023735 ], [ 30.1894464, 60.0235616 ], [ 30.1900536, 60.0227888 ], [ 30.1905712, 60.022303 ], [ 30.1909007, 60.0220304 ], [ 30.1928695, 60.0210438 ], [ 30.1932196, 60.0207485 ], [ 30.1937378, 60.020193 ], [ 30.1947564, 60.0199145 ], [ 30.1954493, 60.0197477 ], [ 30.1963068, 60.0197766 ], [ 30.1971302, 60.0195833 ], [ 30.1975447, 60.0193287 ], [ 30.1977595, 60.0191053 ], [ 30.1976904, 60.0189396 ], [ 30.1973272, 60.0186586 ], [ 30.1969382, 60.0185676 ], [ 30.1966985, 60.0180949 ], [ 30.1963872, 60.0176627 ], [ 30.1965015, 60.0173137 ], [ 30.196975, 60.0170033 ], [ 30.1973986, 60.0168532 ], [ 30.1987249, 60.0166264 ], [ 30.1993732, 60.0166179 ], [ 30.2000191, 60.0169737 ], [ 30.2006454, 60.0170234 ], [ 30.2012103, 60.0168548 ], [ 30.2015284, 60.016585 ], [ 30.2014269, 60.0163455 ], [ 30.2008458, 60.0159588 ], [ 30.20072, 60.0155912 ], [ 30.201186, 60.0151751 ], [ 30.2011786, 60.0149349 ], [ 30.2002067, 60.0142311 ], [ 30.1999731, 60.0138266 ], [ 30.1985945, 60.0132165 ], [ 30.1977705, 60.0129494 ], [ 30.196988, 60.0123865 ], [ 30.1959581, 60.0117437 ], [ 30.1948852, 60.0108421 ], [ 30.1933831, 60.009791 ], [ 30.1926245, 60.0094926 ], [ 30.1920299, 60.0089061 ], [ 30.1880533, 60.0068147 ], [ 30.1875677, 60.0061819 ], [ 30.1872795, 60.005484 ], [ 30.188321, 60.0054158 ], [ 30.1895106, 60.0052382 ], [ 30.189981, 60.0052413 ], [ 30.19042, 60.0050391 ], [ 30.1908932, 60.0048115 ], [ 30.1908287, 60.0047652 ], [ 30.1906984, 60.004612 ], [ 30.1905617, 60.0044012 ], [ 30.1906081, 60.0041897 ], [ 30.1905124, 60.0040935 ], [ 30.1902186, 60.0039522 ], [ 30.190127, 60.0038816 ], [ 30.1900885, 60.0037598 ], [ 30.1900424, 60.0037268 ], [ 30.1899608, 60.0036686 ], [ 30.1898848, 60.0035835 ], [ 30.189941, 60.0035181 ], [ 30.1900298, 60.0035038 ], [ 30.1900852, 60.0034554 ], [ 30.1901234, 60.0034241 ], [ 30.1900811, 60.0033879 ], [ 30.1899906, 60.0033437 ], [ 30.1898122, 60.0033409 ], [ 30.1895366, 60.0033159 ], [ 30.1894555, 60.0032325 ], [ 30.1895006, 60.0031289 ], [ 30.1893023, 60.003041 ], [ 30.1891806, 60.0029013 ], [ 30.1892459, 60.0028224 ], [ 30.1893135, 60.0027931 ], [ 30.189273, 60.0027548 ], [ 30.1892636, 60.0026436 ], [ 30.1891233, 60.0025558 ], [ 30.1890076, 60.00233 ], [ 30.1890121, 60.0021503 ], [ 30.1889349, 60.0020653 ], [ 30.1888809, 60.0020135 ], [ 30.1888351, 60.0019158 ], [ 30.1888394, 60.001812 ], [ 30.1889059, 60.0017304 ], [ 30.1889728, 60.0015866 ], [ 30.1891942, 60.001574 ], [ 30.1891761, 60.0014725 ], [ 30.1889867, 60.0014618 ], [ 30.188844, 60.0014643 ], [ 30.1887708, 60.0013729 ], [ 30.188756, 60.0012919 ], [ 30.1887489, 60.0012045 ], [ 30.1888019, 60.0010558 ], [ 30.1887728, 60.000964 ], [ 30.1888062, 60.0008951 ], [ 30.1885034, 60.0007637 ], [ 30.1884824, 60.0006732 ], [ 30.1883489, 60.0005218 ], [ 30.1883112, 60.000393 ], [ 30.188635, 60.0003004 ], [ 30.1889597, 60.0002952 ], [ 30.1890303, 60.0002628 ], [ 30.1892324, 60.0001702 ], [ 30.1892643, 60.0001637 ], [ 30.1894758, 60.0001206 ], [ 30.1894713, 60.0000147 ], [ 30.1895614, 59.9999471 ], [ 30.1897996, 59.999786 ], [ 30.1900166, 59.9997519 ], [ 30.1902305, 59.9997685 ], [ 30.1900118, 59.9997159 ], [ 30.1899305, 59.9996904 ], [ 30.1898499, 59.9996722 ], [ 30.1898197, 59.9996297 ], [ 30.1898674, 59.9995615 ], [ 30.1897741, 59.9995497 ], [ 30.1893415, 59.9995783 ], [ 30.1890105, 59.9996001 ], [ 30.1886539, 59.9996546 ], [ 30.1881868, 59.9997871 ], [ 30.1880155, 59.9997195 ], [ 30.1878533, 59.9996384 ], [ 30.1877406, 59.9995065 ], [ 30.1877631, 59.9993916 ], [ 30.1878352, 59.9993015 ], [ 30.1877902, 59.9991212 ], [ 30.1879843, 59.9989424 ], [ 30.1878279, 59.9987581 ], [ 30.1876947, 59.9985855 ], [ 30.187654, 59.9984166 ], [ 30.1876683, 59.9981915 ], [ 30.1876689, 59.9980623 ], [ 30.1875487, 59.9980039 ], [ 30.1875246, 59.9979109 ], [ 30.1874497, 59.9976975 ], [ 30.1875208, 59.9975532 ], [ 30.1873688, 59.9974411 ], [ 30.1873102, 59.9973645 ], [ 30.1872686, 59.9971746 ], [ 30.187401, 59.9970866 ], [ 30.1875517, 59.9970232 ], [ 30.187504, 59.9969351 ], [ 30.1874384, 59.996898 ], [ 30.1874353, 59.9968192 ], [ 30.1875, 59.9967222 ], [ 30.1872406, 59.9966134 ], [ 30.1872637, 59.9964082 ], [ 30.1874063, 59.9963379 ], [ 30.1873905, 59.9962516 ], [ 30.1872186, 59.9962295 ], [ 30.1871122, 59.9961466 ], [ 30.1869372, 59.9960065 ], [ 30.1869617, 59.9959451 ], [ 30.1868391, 59.9959066 ], [ 30.1867764, 59.9956455 ], [ 30.1867916, 59.9955575 ], [ 30.1866562, 59.9955647 ], [ 30.1863227, 59.9952879 ], [ 30.1864606, 59.9950386 ], [ 30.1864606, 59.9949777 ], [ 30.1862172, 59.9949259 ], [ 30.1860505, 59.994811 ], [ 30.1858972, 59.9945135 ], [ 30.1859175, 59.9942768 ], [ 30.1858319, 59.9941911 ], [ 30.1855975, 59.9940987 ], [ 30.1855209, 59.9940041 ], [ 30.1856516, 59.9937933 ], [ 30.1857462, 59.9936739 ], [ 30.1857012, 59.9936153 ], [ 30.1855524, 59.9935431 ], [ 30.1854713, 59.993444 ], [ 30.1852099, 59.9933132 ], [ 30.1849038, 59.9932766 ], [ 30.1846061, 59.993267 ], [ 30.1844131, 59.9933259 ], [ 30.1835618, 59.9934022 ], [ 30.1833075, 59.9934128 ], [ 30.1832053, 59.9933877 ], [ 30.1831052, 59.993302 ], [ 30.1829565, 59.9932071 ], [ 30.1827853, 59.9930422 ], [ 30.1828712, 59.9929357 ], [ 30.1830421, 59.9928343 ], [ 30.1831366, 59.9927722 ], [ 30.1831691, 59.992716 ], [ 30.1831541, 59.9926308 ], [ 30.1831456, 59.9925726 ], [ 30.1831698, 59.9924793 ], [ 30.183126, 59.9924125 ], [ 30.1830053, 59.9923911 ], [ 30.1828524, 59.9923441 ], [ 30.1825199, 59.9921603 ], [ 30.1824179, 59.9920772 ], [ 30.1824201, 59.9919823 ], [ 30.1823723, 59.9919766 ], [ 30.182257, 59.9919967 ], [ 30.1821068, 59.9920383 ], [ 30.1819739, 59.991998 ], [ 30.1819829, 59.9919259 ], [ 30.1821046, 59.9919056 ], [ 30.1820776, 59.991607 ], [ 30.1822894, 59.9914616 ], [ 30.1823258, 59.9914282 ], [ 30.1822849, 59.9914165 ], [ 30.1821361, 59.9913421 ], [ 30.1821181, 59.9912497 ], [ 30.1821302, 59.9911562 ], [ 30.182028, 59.9910671 ], [ 30.1820066, 59.9910005 ], [ 30.1820054, 59.9907651 ], [ 30.1818747, 59.9906817 ], [ 30.1815797, 59.9905982 ], [ 30.1811197, 59.9905204 ], [ 30.1804331, 59.9904359 ], [ 30.1803285, 59.9904493 ], [ 30.1802601, 59.9904466 ], [ 30.1802427, 59.9904225 ], [ 30.1801823, 59.9903936 ], [ 30.1799168, 59.9903628 ], [ 30.1795581, 59.9903334 ], [ 30.1793824, 59.9903402 ], [ 30.1792156, 59.990401 ], [ 30.1791721, 59.9905166 ], [ 30.1792374, 59.9905258 ], [ 30.1796646, 59.9906116 ], [ 30.1800587, 59.9906705 ], [ 30.180684, 59.9907312 ], [ 30.1808517, 59.9907324 ], [ 30.1813609, 59.9908248 ], [ 30.1813745, 59.9908947 ], [ 30.1814151, 59.9909309 ], [ 30.1814368, 59.9909716 ], [ 30.1814707, 59.9910146 ], [ 30.181415, 59.9910863 ], [ 30.1813609, 59.9911539 ], [ 30.1812721, 59.9912189 ], [ 30.1811734, 59.9913005 ], [ 30.1811671, 59.9913951 ], [ 30.1810905, 59.9914469 ], [ 30.1809778, 59.9914717 ], [ 30.1810229, 59.9915326 ], [ 30.1812077, 59.9915168 ], [ 30.1812438, 59.9915551 ], [ 30.1811807, 59.9916363 ], [ 30.1813655, 59.9916813 ], [ 30.1813519, 59.9917557 ], [ 30.181397, 59.991785 ], [ 30.1812706, 59.9918173 ], [ 30.1812207, 59.9919292 ], [ 30.1813384, 59.9919766 ], [ 30.1811798, 59.9920172 ], [ 30.1808021, 59.9921908 ], [ 30.1806093, 59.9923018 ], [ 30.1804787, 59.9924231 ], [ 30.180544, 59.9924698 ], [ 30.1805486, 59.9927522 ], [ 30.1805669, 59.9931432 ], [ 30.1805835, 59.993222 ], [ 30.1804888, 59.9932377 ], [ 30.1801013, 59.9929163 ], [ 30.1796235, 59.9927306 ], [ 30.1793576, 59.9926751 ], [ 30.1789308, 59.9925439 ], [ 30.1785644, 59.992549 ], [ 30.1783976, 59.9924939 ], [ 30.1783075, 59.9924381 ], [ 30.1781903, 59.9923677 ], [ 30.1782534, 59.9923316 ], [ 30.1781993, 59.9922843 ], [ 30.1781001, 59.9922527 ], [ 30.1779951, 59.992155 ], [ 30.1778914, 59.9921235 ], [ 30.1776152, 59.9918371 ], [ 30.1777215, 59.9915562 ], [ 30.1784877, 59.991102 ], [ 30.1786621, 59.9909237 ], [ 30.1787585, 59.9907338 ], [ 30.1788286, 59.9905836 ], [ 30.1786937, 59.9905419 ], [ 30.1786693, 59.9904144 ], [ 30.1786163, 59.9903822 ], [ 30.1786336, 59.9903025 ], [ 30.1785353, 59.9902978 ] ] ] ] } },
{ "type": "Feature", "properties": { "full_id": "r1205337", "osm_id": "1205337", "osm_type": "relation", "boundary": "administrative", "place": null, "name:ru": null, "name:fi": null, "name:en": null, "name:ca": null, "old_name": null, "alt_name": null, "wikipedia": "ru:Юнтолово", "wikidata": "Q4534670", "website": null, "url": "http://www.gov.spb.ru/law?d&nd=8414528&nh=0&header=010000003N01#I0", "type": "boundary", "ref": null, "oktmo:user": null, "oktmo": null, "official_status": "ru:внутригородская территория города федерального значения", "official_name": "муниципальный округ Юнтолово", "name:uk": "Округ Юнтолове", "name": "округ Юнтолово", "admin_level": "8", "addr:region": "Санкт-Петербург", "addr:country": "RU" }, "geometry": { "type": "MultiPolygon", "coordinates": [ [ [ [ 30.2759755, 60.0372762 ], [ 30.2750942, 60.0366855 ], [ 30.2738775, 60.0370745 ], [ 30.2732432, 60.0372619 ], [ 30.2725715, 60.0373092 ], [ 30.2722659, 60.0373129 ], [ 30.2717855, 60.0373255 ], [ 30.2710869, 60.0373681 ], [ 30.2706311, 60.0374719 ], [ 30.2681955, 60.0382355 ], [ 30.26817, 60.0382439 ], [ 30.2681507, 60.0382502 ], [ 30.268, 60.0383014 ], [ 30.2678071, 60.0377457 ], [ 30.2672981, 60.0371169 ], [ 30.2668829, 60.0367825 ], [ 30.2658516, 60.0363343 ], [ 30.2619097, 60.0352733 ], [ 30.2609746, 60.0350077 ], [ 30.2591009, 60.0344633 ], [ 30.2583161, 60.0342381 ], [ 30.256908, 60.0338235 ], [ 30.2564048, 60.0336753 ], [ 30.2552038, 60.0333139 ], [ 30.2545705, 60.0331234 ], [ 30.2543591, 60.0330598 ], [ 30.2538732, 60.0329147 ], [ 30.2536245, 60.0328407 ], [ 30.2531591, 60.0328807 ], [ 30.2502645, 60.0320151 ], [ 30.2500128, 60.0315459 ], [ 30.237682, 60.0280248 ], [ 30.2369062, 60.0278033 ], [ 30.236676, 60.0279796 ], [ 30.2358736, 60.0277428 ], [ 30.2357494, 60.0278448 ], [ 30.2355857, 60.0279789 ], [ 30.2349293, 60.0285422 ], [ 30.2347091, 60.0287452 ], [ 30.2344935, 60.028944 ], [ 30.2341732, 60.0292118 ], [ 30.2339577, 60.0293996 ], [ 30.2336272, 60.0294632 ], [ 30.2335485, 60.029611 ], [ 30.2328032, 60.0297434 ], [ 30.2323419, 60.0297913 ], [ 30.23121, 60.0303031 ], [ 30.2305876, 60.0305984 ], [ 30.2301533, 60.0307533 ], [ 30.2299708, 60.0308591 ], [ 30.2278204, 60.0318463 ], [ 30.2276065, 60.0319395 ], [ 30.2275861, 60.0319484 ], [ 30.2271244, 60.0321497 ], [ 30.2265934, 60.0323813 ], [ 30.2265322, 60.032412 ], [ 30.2264585, 60.0324526 ], [ 30.2254859, 60.0331176 ], [ 30.2253185, 60.033232 ], [ 30.2251652, 60.0333227 ], [ 30.2249681, 60.0334394 ], [ 30.2248736, 60.0335004 ], [ 30.2247556, 60.0335803 ], [ 30.2239508, 60.033872 ], [ 30.2212103, 60.0351127 ], [ 30.2210679, 60.0351876 ], [ 30.2209203, 60.0352576 ], [ 30.2201217, 60.0355807 ], [ 30.2197087, 60.0357111 ], [ 30.2190325, 60.0358475 ], [ 30.2185702, 60.0359406 ], [ 30.2174381, 60.0361683 ], [ 30.2171632, 60.0362165 ], [ 30.216893, 60.0362537 ], [ 30.2166424, 60.0362822 ], [ 30.2163606, 60.0363022 ], [ 30.2160957, 60.0363079 ], [ 30.2156813, 60.0363107 ], [ 30.2153461, 60.0363096 ], [ 30.21498, 60.0363082 ], [ 30.2149647, 60.0363081 ], [ 30.2136796, 60.0363032 ], [ 30.2134605, 60.0363013 ], [ 30.2131899, 60.0362961 ], [ 30.2130146, 60.0362923 ], [ 30.2130879, 60.0360881 ], [ 30.2126113, 60.0360558 ], [ 30.2111051, 60.0359578 ], [ 30.2099004, 60.0358538 ], [ 30.2075582, 60.035597 ], [ 30.2050534, 60.0353823 ], [ 30.2037963, 60.0352487 ], [ 30.2033205, 60.0352143 ], [ 30.2004496, 60.0352678 ], [ 30.2000964, 60.0352947 ], [ 30.1998536, 60.0353385 ], [ 30.1994498, 60.0355057 ], [ 30.1978015, 60.0362055 ], [ 30.1974703, 60.0363684 ], [ 30.1971323, 60.0365197 ], [ 30.1969342, 60.0367948 ], [ 30.1967577, 60.0370272 ], [ 30.1965979, 60.0372592 ], [ 30.1964244, 60.0375197 ], [ 30.1962969, 60.037736 ], [ 30.1962742, 60.0379541 ], [ 30.1962409, 60.0380178 ], [ 30.1961259, 60.0381456 ], [ 30.1959185, 60.0382824 ], [ 30.1957231, 60.0383607 ], [ 30.1955513, 60.0384314 ], [ 30.1953541, 60.0384755 ], [ 30.1949036, 60.0385941 ], [ 30.1943537, 60.0387544 ], [ 30.1937379, 60.0389339 ], [ 30.19344, 60.039029 ], [ 30.1931256, 60.0390997 ], [ 30.1929388, 60.0391062 ], [ 30.1924963, 60.0391073 ], [ 30.1922207, 60.0391081 ], [ 30.1919545, 60.0391195 ], [ 30.1917672, 60.0391531 ], [ 30.1916233, 60.0392041 ], [ 30.1913547, 60.0392995 ], [ 30.1911841, 60.0394183 ], [ 30.1909021, 60.0392923 ], [ 30.1898722, 60.038928 ], [ 30.1893143, 60.0387565 ], [ 30.1885418, 60.038285 ], [ 30.1877752, 60.0382331 ], [ 30.1875886, 60.0382372 ], [ 30.1874435, 60.0381917 ], [ 30.1872735, 60.0382724 ], [ 30.187116, 60.0382859 ], [ 30.1870331, 60.0383728 ], [ 30.187174, 60.0384184 ], [ 30.1870828, 60.0384846 ], [ 30.186917, 60.0385054 ], [ 30.1866185, 60.0384929 ], [ 30.1863283, 60.0383439 ], [ 30.1862537, 60.0382196 ], [ 30.1864278, 60.0381037 ], [ 30.1864196, 60.0380043 ], [ 30.1862371, 60.0379795 ], [ 30.1861294, 60.0379091 ], [ 30.1861045, 60.0378138 ], [ 30.1863283, 60.0376151 ], [ 30.1867429, 60.0374846 ], [ 30.1867652, 60.0372365 ], [ 30.1866428, 60.0372002 ], [ 30.1864196, 60.0372445 ], [ 30.186262, 60.0372113 ], [ 30.1862123, 60.0370954 ], [ 30.1861211, 60.0369587 ], [ 30.1859718, 60.0369173 ], [ 30.1857728, 60.0369339 ], [ 30.1855739, 60.0368759 ], [ 30.1853666, 60.0368925 ], [ 30.1849354, 60.0368552 ], [ 30.184767, 60.0368068 ], [ 30.1846038, 60.03676 ], [ 30.1845623, 60.0366896 ], [ 30.1847282, 60.0365985 ], [ 30.1846784, 60.0365364 ], [ 30.1845457, 60.0365198 ], [ 30.1843385, 60.0363873 ], [ 30.1843023, 60.036307 ], [ 30.1842638, 60.0362216 ], [ 30.1841394, 60.036085 ], [ 30.1840732, 60.0359525 ], [ 30.1839952, 60.0358895 ], [ 30.1838994, 60.0357804 ], [ 30.1838849, 60.0356044 ], [ 30.1839737, 60.035497 ], [ 30.1839654, 60.0354348 ], [ 30.1842672, 60.035317 ], [ 30.1842393, 60.0352296 ], [ 30.1842469, 60.035039 ], [ 30.1842307, 60.0348923 ], [ 30.1842755, 60.03468 ], [ 30.1842638, 60.0344202 ], [ 30.1843219, 60.0342877 ], [ 30.1842224, 60.0341904 ], [ 30.1841975, 60.0339916 ], [ 30.1841146, 60.0337514 ], [ 30.1839819, 60.0335816 ], [ 30.1840649, 60.0335319 ], [ 30.18404, 60.0334615 ], [ 30.1841229, 60.033358 ], [ 30.1840068, 60.033271 ], [ 30.183841, 60.0331095 ], [ 30.1839416, 60.0330329 ], [ 30.1838595, 60.0329334 ], [ 30.1839181, 60.0328104 ], [ 30.183754, 60.0326581 ], [ 30.1837024, 60.0326521 ], [ 30.1836754, 60.0324415 ], [ 30.183627, 60.0323732 ], [ 30.1835513, 60.0322664 ], [ 30.1836232, 60.0321286 ], [ 30.1837991, 60.0319763 ], [ 30.1838959, 60.0318796 ], [ 30.1841039, 60.0316718 ], [ 30.1841415, 60.0316198 ], [ 30.1844356, 60.0312132 ], [ 30.1847606, 60.0307639 ], [ 30.1847723, 60.0307508 ], [ 30.1851709, 60.0303041 ], [ 30.1851944, 60.0301284 ], [ 30.1854641, 60.0299761 ], [ 30.1856824, 60.0296606 ], [ 30.1865198, 60.0287472 ], [ 30.1879014, 60.0270077 ], [ 30.1879459, 60.0269567 ], [ 30.1880643, 60.026821 ], [ 30.1881844, 60.0265669 ], [ 30.1889219, 60.0256866 ], [ 30.1895163, 60.0252101 ], [ 30.1897026, 60.0251607 ], [ 30.1897791, 60.0251404 ], [ 30.1898938, 60.025057 ], [ 30.1899229, 60.0249799 ], [ 30.189728, 60.0245455 ], [ 30.1895797, 60.0243788 ], [ 30.1892876, 60.0243478 ], [ 30.1891576, 60.0243144 ], [ 30.1890286, 60.0241855 ], [ 30.1891261, 60.0239507 ], [ 30.1892773, 60.023735 ], [ 30.1894464, 60.0235616 ], [ 30.1900536, 60.0227888 ], [ 30.1905712, 60.022303 ], [ 30.1909007, 60.0220304 ], [ 30.1928695, 60.0210438 ], [ 30.1932196, 60.0207485 ], [ 30.1937378, 60.020193 ], [ 30.1947564, 60.0199145 ], [ 30.1954493, 60.0197477 ], [ 30.1963068, 60.0197766 ], [ 30.1971302, 60.0195833 ], [ 30.1975447, 60.0193287 ], [ 30.1977595, 60.0191053 ], [ 30.1976904, 60.0189396 ], [ 30.1973272, 60.0186586 ], [ 30.1969382, 60.0185676 ], [ 30.1966985, 60.0180949 ], [ 30.1963872, 60.0176627 ], [ 30.1965015, 60.0173137 ], [ 30.196975, 60.0170033 ], [ 30.1973986, 60.0168532 ], [ 30.1987249, 60.0166264 ], [ 30.1993732, 60.0166179 ], [ 30.2000191, 60.0169737 ], [ 30.2006454, 60.0170234 ], [ 30.2012103, 60.0168548 ], [ 30.2015284, 60.016585 ], [ 30.2014269, 60.0163455 ], [ 30.2008458, 60.0159588 ], [ 30.20072, 60.0155912 ], [ 30.201186, 60.0151751 ], [ 30.2011786, 60.0149349 ], [ 30.2002067, 60.0142311 ], [ 30.1999731, 60.0138266 ], [ 30.1985945, 60.0132165 ], [ 30.1977705, 60.0129494 ], [ 30.196988, 60.0123865 ], [ 30.1959581, 60.0117437 ], [ 30.1948852, 60.0108421 ], [ 30.1933831, 60.009791 ], [ 30.1926245, 60.0094926 ], [ 30.1920299, 60.0089061 ], [ 30.1880533, 60.0068147 ], [ 30.1875677, 60.0061819 ], [ 30.1872795, 60.005484 ], [ 30.188321, 60.0054158 ], [ 30.1895106, 60.0052382 ], [ 30.189981, 60.0052413 ], [ 30.19042, 60.0050391 ], [ 30.1930083, 60.0061171 ], [ 30.1980396, 60.008365 ], [ 30.1989, 60.0088548 ], [ 30.2001924, 60.0096863 ], [ 30.2015669, 60.0108075 ], [ 30.2020097, 60.0110247 ], [ 30.2027359, 60.0114493 ], [ 30.2068305, 60.0110667 ], [ 30.207186, 60.0110253 ], [ 30.2073808, 60.0110025 ], [ 30.2082946, 60.010883 ], [ 30.2087834, 60.010818 ], [ 30.209123, 60.0107746 ], [ 30.2101116, 60.010645 ], [ 30.2121912, 60.0103786 ], [ 30.2132215, 60.0102466 ], [ 30.2135143, 60.0102091 ], [ 30.2138707, 60.0101637 ], [ 30.2143852, 60.0100978 ], [ 30.2150403, 60.0100139 ], [ 30.2181402, 60.0096168 ], [ 30.2185633, 60.009563 ], [ 30.2190776, 60.0094976 ], [ 30.2196473, 60.0094246 ], [ 30.2210517, 60.0092448 ], [ 30.2212488, 60.0092193 ], [ 30.2215666, 60.0091781 ], [ 30.2216975, 60.0091612 ], [ 30.2219154, 60.009133 ], [ 30.2222563, 60.0090889 ], [ 30.2225984, 60.0090442 ], [ 30.2239683, 60.0088674 ], [ 30.2244535, 60.0088164 ], [ 30.2252341, 60.0087544 ], [ 30.225909, 60.0087109 ], [ 30.2259346, 60.0087082 ], [ 30.2263447, 60.0086796 ], [ 30.2265343, 60.0086637 ], [ 30.2269101, 60.0086349 ], [ 30.2276715, 60.0085629 ], [ 30.2278417, 60.0085435 ], [ 30.2279685, 60.008529 ], [ 30.2281075, 60.0085117 ], [ 30.2292017, 60.0083678 ], [ 30.2294454, 60.0083358 ], [ 30.2300794, 60.0082529 ], [ 30.232451, 60.0079435 ], [ 30.2332119, 60.0078453 ], [ 30.2334999, 60.0078077 ], [ 30.2339042, 60.007755 ], [ 30.2346894, 60.0076527 ], [ 30.2353509, 60.0075686 ], [ 30.2359898, 60.0074874 ], [ 30.2362399, 60.0074553 ], [ 30.2362556, 60.0076103 ], [ 30.2361737, 60.0078096 ], [ 30.2360378, 60.0081333 ], [ 30.2357454, 60.0088274 ], [ 30.2353966, 60.0096662 ], [ 30.235356, 60.0097633 ], [ 30.2352743, 60.0099588 ], [ 30.2352107, 60.0101104 ], [ 30.2350572, 60.0104761 ], [ 30.2349015, 60.0108472 ], [ 30.2348266, 60.011047 ], [ 30.2345399, 60.011746 ], [ 30.2344332, 60.0120029 ], [ 30.2344252, 60.0120222 ], [ 30.2344188, 60.0120379 ], [ 30.2343707, 60.0121546 ], [ 30.2343307, 60.0122166 ], [ 30.2342898, 60.0122561 ], [ 30.2344943, 60.0123153 ], [ 30.2345908, 60.012343 ], [ 30.2346678, 60.0123657 ], [ 30.2359308, 60.0127379 ], [ 30.2369271, 60.0130302 ], [ 30.2376015, 60.0132318 ], [ 30.2377893, 60.0132865 ], [ 30.2394646, 60.0137743 ], [ 30.2395442, 60.0137974 ], [ 30.2400825, 60.0139486 ], [ 30.2411391, 60.0142453 ], [ 30.2414244, 60.0143164 ], [ 30.2415883, 60.0143542 ], [ 30.241636, 60.0143651 ], [ 30.2418139, 60.0144061 ], [ 30.2420342, 60.0144569 ], [ 30.2451174, 60.0153643 ], [ 30.245197, 60.0153878 ], [ 30.2453726, 60.0154392 ], [ 30.2455682, 60.0154965 ], [ 30.2457784, 60.015558 ], [ 30.2470682, 60.0159381 ], [ 30.2487873, 60.016448 ], [ 30.2488248, 60.0164591 ], [ 30.249077, 60.016534 ], [ 30.2493372, 60.0166112 ], [ 30.2495669, 60.0166794 ], [ 30.2495984, 60.0166886 ], [ 30.2499624, 60.0167949 ], [ 30.2510377, 60.0171116 ], [ 30.2514344, 60.0172281 ], [ 30.2517271, 60.0173146 ], [ 30.2519226, 60.0173745 ], [ 30.2527658, 60.0176215 ], [ 30.2530304, 60.017699 ], [ 30.2540161, 60.0179897 ], [ 30.2550469, 60.0182967 ], [ 30.25516, 60.0183336 ], [ 30.2563997, 60.018696 ], [ 30.2566752, 60.0187686 ], [ 30.2570699, 60.0188822 ], [ 30.2573196, 60.0189527 ], [ 30.257646, 60.0190488 ], [ 30.2587053, 60.0193607 ], [ 30.2627601, 60.0205545 ], [ 30.2638216, 60.020867 ], [ 30.2641582, 60.0209658 ], [ 30.2642869, 60.0210035 ], [ 30.2658139, 60.0196924 ], [ 30.2662502, 60.0194018 ], [ 30.2667393, 60.0191386 ], [ 30.2673688, 60.0189063 ], [ 30.2679201, 60.0187327 ], [ 30.2688256, 60.0185432 ], [ 30.2716548, 60.0181794 ], [ 30.27872, 60.0172591 ], [ 30.2817006, 60.0232582 ], [ 30.2841903, 60.0278621 ], [ 30.2840963, 60.0283681 ], [ 30.2841681, 60.0285035 ], [ 30.2842425, 60.0286331 ], [ 30.2843219, 60.0287823 ], [ 30.2844876, 60.0290915 ], [ 30.2850613, 60.0301715 ], [ 30.2853647, 60.0307312 ], [ 30.2854712, 60.0309084 ], [ 30.2855697, 60.0309811 ], [ 30.2856714, 60.0310178 ], [ 30.2856885, 60.03158 ], [ 30.2852982, 60.032909 ], [ 30.2833211, 60.0331812 ], [ 30.28345, 60.0332258 ], [ 30.2835493, 60.0332763 ], [ 30.28418, 60.0336543 ], [ 30.2844242, 60.0338006 ], [ 30.2843773, 60.0338416 ], [ 30.2843428, 60.0338717 ], [ 30.2842966, 60.0339582 ], [ 30.2840428, 60.0344914 ], [ 30.2839217, 60.0347421 ], [ 30.2837259, 60.0350587 ], [ 30.2837399, 60.0354617 ], [ 30.2832488, 60.0356299 ], [ 30.2832207, 60.0360679 ], [ 30.2823929, 60.0364183 ], [ 30.2818981, 60.0363235 ], [ 30.2818432, 60.0362921 ], [ 30.281752, 60.0362552 ], [ 30.2816411, 60.0362103 ], [ 30.281536, 60.0361808 ], [ 30.2814475, 60.0361585 ], [ 30.2814235, 60.0361554 ], [ 30.2812797, 60.036137 ], [ 30.2811733, 60.0361327 ], [ 30.2810512, 60.0361497 ], [ 30.2808846, 60.0361979 ], [ 30.2807243, 60.0362518 ], [ 30.2805674, 60.0362893 ], [ 30.2804164, 60.0363185 ], [ 30.2802711, 60.036339 ], [ 30.2801499, 60.036342 ], [ 30.2800079, 60.0363608 ], [ 30.2798854, 60.0363917 ], [ 30.2797515, 60.0364162 ], [ 30.2796323, 60.0364325 ], [ 30.2794869, 60.0364717 ], [ 30.2793676, 60.0364879 ], [ 30.2791712, 60.0364886 ], [ 30.278984, 60.0364913 ], [ 30.2788315, 60.0364941 ], [ 30.2786755, 60.0365123 ], [ 30.2785183, 60.0365465 ], [ 30.2784095, 60.0365848 ], [ 30.2782662, 60.0366182 ], [ 30.2781375, 60.0366334 ], [ 30.2780286, 60.0366397 ], [ 30.2778805, 60.0366576 ], [ 30.2777647, 60.0366662 ], [ 30.2776677, 60.0367012 ], [ 30.2775663, 60.0367586 ], [ 30.2774344, 60.036819 ], [ 30.2773387, 60.0368518 ], [ 30.2772392, 60.0369052 ], [ 30.2771295, 60.0369779 ], [ 30.2770207, 60.0370295 ], [ 30.2769397, 60.0370647 ], [ 30.276888, 60.0371038 ], [ 30.2768309, 60.0371442 ], [ 30.2767871, 60.0371661 ], [ 30.2767526, 60.0371932 ], [ 30.27673, 60.0372251 ], [ 30.2767208, 60.0372595 ], [ 30.2766276, 60.0373549 ], [ 30.2766173, 60.037392 ], [ 30.2766441, 60.0374342 ], [ 30.2766736, 60.0374744 ], [ 30.2767064, 60.037496 ], [ 30.2767307, 60.0375217 ], [ 30.2767456, 60.0375494 ], [ 30.2767572, 60.0375713 ], [ 30.2767751, 60.0375983 ], [ 30.2767724, 60.0376298 ], [ 30.2767585, 60.0376669 ], [ 30.2767302, 60.0376929 ], [ 30.2766676, 60.0377296 ], [ 30.2765838, 60.0377755 ], [ 30.2765194, 60.0378122 ], [ 30.2764856, 60.0378358 ], [ 30.2764325, 60.0378527 ], [ 30.2763688, 60.0378586 ], [ 30.2763107, 60.0378569 ], [ 30.2762619, 60.0378485 ], [ 30.276223, 60.037834 ], [ 30.2761399, 60.0377904 ], [ 30.2760836, 60.0377478 ], [ 30.2760016, 60.0376943 ], [ 30.2759267, 60.0376315 ], [ 30.2759144, 60.0375596 ], [ 30.2759955, 60.037484 ], [ 30.2760923, 60.0374482 ], [ 30.2762032, 60.0374105 ], [ 30.2762466, 60.0373747 ], [ 30.2762596, 60.0373563 ], [ 30.2762427, 60.0373212 ], [ 30.2761857, 60.0372944 ], [ 30.2761379, 60.0372831 ], [ 30.2760569, 60.0372703 ], [ 30.2759755, 60.0372762 ] ] ] ] } },
{ "type": "Feature", "properties": { "full_id": "r1205339", "osm_id": "1205339", "osm_type": "relation", "boundary": "administrative", "place": null, "name:ru": null, "name:fi": null, "name:en": null, "name:ca": null, "old_name": "Муниципальный округ № 70", "alt_name": null, "wikipedia": "ru:Коломяги (муниципальный округ)", "wikidata": "Q4228405", "website": null, "url": "http://www.gov.spb.ru/law?d&nd=8414528&nh=0&header=010000003P01#I0", "type": "boundary", "ref": null, "oktmo:user": "40327000", "oktmo": null, "official_status": "ru:внутригородская территория города федерального значения", "official_name": "муниципальный округ Коломяги", "name:uk": "Округ Колом'яги", "name": "округ Коломяги", "admin_level": "8", "addr:region": "Санкт-Петербург", "addr:country": "RU" }, "geometry": { "type": "MultiPolygon", "coordinates": [ [ [ [ 30.2521047, 60.0612595 ], [ 30.2582518, 60.0633569 ], [ 30.2585371, 60.0634535 ], [ 30.2602901, 60.0640468 ], [ 30.2611085, 60.0643238 ], [ 30.2619132, 60.0645961 ], [ 30.2663552, 60.0660887 ], [ 30.2683975, 60.0667906 ], [ 30.2702498, 60.0674174 ], [ 30.2703797, 60.0674611 ], [ 30.272435, 60.0681048 ], [ 30.272562, 60.0681438 ], [ 30.2729829, 60.0682877 ], [ 30.2731211, 60.0683317 ], [ 30.2740025, 60.0686123 ], [ 30.2794322, 60.0642381 ], [ 30.2810682, 60.0629093 ], [ 30.2847678, 60.05996 ], [ 30.2878831, 60.0574411 ], [ 30.2880189, 60.0573268 ], [ 30.2891294, 60.0564128 ], [ 30.289612, 60.0559411 ], [ 30.2896728, 60.0558891 ], [ 30.2901377, 60.055481 ], [ 30.2903522, 60.0553079 ], [ 30.2905083, 60.0551744 ], [ 30.2910201, 60.0547366 ], [ 30.2912134, 60.0546236 ], [ 30.2914653, 60.0544163 ], [ 30.2915839, 60.0543188 ], [ 30.2918229, 60.0541186 ], [ 30.2924903, 60.0535768 ], [ 30.292864, 60.0532894 ], [ 30.2927435, 60.0532011 ], [ 30.2932234, 60.0528944 ], [ 30.2934169, 60.0527396 ], [ 30.2935817, 60.0525761 ], [ 30.2937894, 60.0523645 ], [ 30.294025, 60.052095 ], [ 30.2942388, 60.0518208 ], [ 30.2944402, 60.0515624 ], [ 30.2946822, 60.0512432 ], [ 30.2948575, 60.0509672 ], [ 30.2949401, 60.0508372 ], [ 30.2952036, 60.0504072 ], [ 30.2953805, 60.0501184 ], [ 30.2955674, 60.0498133 ], [ 30.2956476, 60.0496824 ], [ 30.2958055, 60.0493772 ], [ 30.2959782, 60.0489715 ], [ 30.29611, 60.0486693 ], [ 30.2961384, 60.0485952 ], [ 30.2961433, 60.0485672 ], [ 30.2961813, 60.048374 ], [ 30.2962783, 60.0481231 ], [ 30.2963764, 60.0478693 ], [ 30.2965296, 60.0475242 ], [ 30.2965534, 60.0475065 ], [ 30.296578, 60.0474882 ], [ 30.2967109, 60.0471999 ], [ 30.2968485, 60.0469484 ], [ 30.2970029, 60.0466659 ], [ 30.2971658, 60.0464091 ], [ 30.2971836, 60.0463809 ], [ 30.2973134, 60.0461451 ], [ 30.2974556, 60.0458866 ], [ 30.2974039, 60.0458799 ], [ 30.2975537, 60.0455939 ], [ 30.2977329, 60.045251 ], [ 30.2978192, 60.0452577 ], [ 30.2978568, 60.0452056 ], [ 30.2980656, 60.0448718 ], [ 30.2982128, 60.0446364 ], [ 30.2983338, 60.0446576 ], [ 30.2985429, 60.0446892 ], [ 30.2993529, 60.0432521 ], [ 30.2994762, 60.0428743 ], [ 30.2995132, 60.0425828 ], [ 30.2997723, 60.0421721 ], [ 30.2998339, 60.0421537 ], [ 30.2998967, 60.0420474 ], [ 30.3000714, 60.0418717 ], [ 30.3001597, 60.0417356 ], [ 30.3005433, 60.0410092 ], [ 30.3016265, 60.0390064 ], [ 30.3019744, 60.0383962 ], [ 30.3023089, 60.0377858 ], [ 30.3024219, 60.0374054 ], [ 30.3027402, 60.0368393 ], [ 30.302727, 60.0367421 ], [ 30.3027647, 60.0366483 ], [ 30.3029513, 60.0362658 ], [ 30.3031923, 60.0358227 ], [ 30.3046699, 60.0331065 ], [ 30.3049804, 60.0325712 ], [ 30.3056185, 60.0314712 ], [ 30.3056629, 60.0313813 ], [ 30.3065719, 60.0295907 ], [ 30.3066327, 60.0295857 ], [ 30.3066934, 60.0295806 ], [ 30.3083198, 60.0266092 ], [ 30.3086057, 60.0260868 ], [ 30.3088162, 60.0255872 ], [ 30.3088848, 60.0255341 ], [ 30.3090026, 60.0254429 ], [ 30.3093463, 60.024787 ], [ 30.3122141, 60.0195349 ], [ 30.3121207, 60.0195222 ], [ 30.3122328, 60.0193167 ], [ 30.3120673, 60.019297 ], [ 30.3119133, 60.0192762 ], [ 30.3118441, 60.0192655 ], [ 30.311861, 60.0192267 ], [ 30.311984, 60.0189899 ], [ 30.3120238, 60.0189472 ], [ 30.3121181, 60.0187659 ], [ 30.3121296, 60.018724 ], [ 30.312135, 60.0187119 ], [ 30.3122797, 60.0184563 ], [ 30.3123008, 60.0184133 ], [ 30.3124465, 60.0181564 ], [ 30.3124749, 60.0181048 ], [ 30.3125081, 60.0180442 ], [ 30.3125365, 60.0179923 ], [ 30.3125736, 60.0179246 ], [ 30.3126008, 60.0178732 ], [ 30.3126116, 60.0178527 ], [ 30.3127214, 60.0176444 ], [ 30.3128022, 60.017655 ], [ 30.3129803, 60.0176785 ], [ 30.313082, 60.017692 ], [ 30.313115, 60.0176989 ], [ 30.3132023, 60.017518 ], [ 30.3133161, 60.0173083 ], [ 30.3136887, 60.0166331 ], [ 30.3137544, 60.0165033 ], [ 30.3142768, 60.0155215 ], [ 30.3153286, 60.0135427 ], [ 30.3159604, 60.0123923 ], [ 30.3157374, 60.0124507 ], [ 30.3142258, 60.0129158 ], [ 30.3137255, 60.0130732 ], [ 30.3136105, 60.0131132 ], [ 30.3136603, 60.0132593 ], [ 30.3136489, 60.0133291 ], [ 30.3135173, 60.0136581 ], [ 30.3133239, 60.0141304 ], [ 30.3131434, 60.0145973 ], [ 30.3130983, 60.0147141 ], [ 30.3130311, 60.0148567 ], [ 30.3128562, 60.015246 ], [ 30.3125515, 60.0159082 ], [ 30.3125013, 60.0160183 ], [ 30.3123648, 60.0163279 ], [ 30.3123344, 60.0163897 ], [ 30.3122967, 60.0164847 ], [ 30.3122447, 60.0166126 ], [ 30.3121644, 60.0165741 ], [ 30.3120497, 60.0165462 ], [ 30.3118969, 60.0165224 ], [ 30.3112606, 60.0164519 ], [ 30.3111776, 60.0164438 ], [ 30.311087, 60.0164337 ], [ 30.3108858, 60.0164113 ], [ 30.3107487, 60.016396 ], [ 30.3103569, 60.0163523 ], [ 30.3101816, 60.0163329 ], [ 30.3098757, 60.0162993 ], [ 30.3080681, 60.0161009 ], [ 30.3077478, 60.0160642 ], [ 30.3064877, 60.0159311 ], [ 30.3061147, 60.0158917 ], [ 30.3058939, 60.0158683 ], [ 30.3054147, 60.0158067 ], [ 30.3052231, 60.0157727 ], [ 30.3049009, 60.0156744 ], [ 30.3042253, 60.0154348 ], [ 30.30417, 60.0154152 ], [ 30.3040723, 60.0153797 ], [ 30.3040405, 60.0153681 ], [ 30.3036843, 60.0152409 ], [ 30.3036084, 60.0152137 ], [ 30.3026401, 60.0148609 ], [ 30.3016149, 60.0144874 ], [ 30.3015109, 60.0144575 ], [ 30.3014081, 60.0144383 ], [ 30.3012961, 60.0144312 ], [ 30.3011911, 60.0144373 ], [ 30.301091, 60.0144484 ], [ 30.3009885, 60.0144704 ], [ 30.3008935, 60.0144998 ], [ 30.300819, 60.0145342 ], [ 30.3005331, 60.0147012 ], [ 30.2995473, 60.0152938 ], [ 30.2990781, 60.0155702 ], [ 30.2990041, 60.0156056 ], [ 30.2989306, 60.0156233 ], [ 30.2988408, 60.0156262 ], [ 30.2987643, 60.0156191 ], [ 30.2987064, 60.015604 ], [ 30.2986434, 60.0155748 ], [ 30.2983777, 60.0153527 ], [ 30.2982226, 60.0152276 ], [ 30.2978518, 60.0149203 ], [ 30.2978012, 60.0148819 ], [ 30.2975847, 60.0147158 ], [ 30.297441, 60.0146578 ], [ 30.2972125, 60.0146111 ], [ 30.2970733, 60.0146041 ], [ 30.2968963, 60.0145991 ], [ 30.2967225, 60.0145997 ], [ 30.2965264, 60.0146145 ], [ 30.2963215, 60.0146388 ], [ 30.2961589, 60.0146728 ], [ 30.2960114, 60.014716 ], [ 30.2945706, 60.0151478 ], [ 30.2941372, 60.0152307 ], [ 30.2938093, 60.0152832 ], [ 30.2934401, 60.0153366 ], [ 30.2932219, 60.0153663 ], [ 30.2924933, 60.0154649 ], [ 30.281064, 60.0169541 ], [ 30.27872, 60.0172591 ], [ 30.2817006, 60.0232582 ], [ 30.2841903, 60.0278621 ], [ 30.2840963, 60.0283681 ], [ 30.2841681, 60.0285035 ], [ 30.2842425, 60.0286331 ], [ 30.2843219, 60.0287823 ], [ 30.2844876, 60.0290915 ], [ 30.2850613, 60.0301715 ], [ 30.2853647, 60.0307312 ], [ 30.2854712, 60.0309084 ], [ 30.2855697, 60.0309811 ], [ 30.2856714, 60.0310178 ], [ 30.2856885, 60.03158 ], [ 30.2852982, 60.032909 ], [ 30.2833211, 60.0331812 ], [ 30.28345, 60.0332258 ], [ 30.2835493, 60.0332763 ], [ 30.28418, 60.0336543 ], [ 30.2844242, 60.0338006 ], [ 30.2843773, 60.0338416 ], [ 30.2843428, 60.0338717 ], [ 30.2842966, 60.0339582 ], [ 30.2840428, 60.0344914 ], [ 30.2839217, 60.0347421 ], [ 30.2837259, 60.0350587 ], [ 30.2837399, 60.0354617 ], [ 30.2832488, 60.0356299 ], [ 30.2832207, 60.0360679 ], [ 30.2823929, 60.0364183 ], [ 30.2818981, 60.0363235 ], [ 30.2818432, 60.0362921 ], [ 30.281752, 60.0362552 ], [ 30.2816411, 60.0362103 ], [ 30.281536, 60.0361808 ], [ 30.2814475, 60.0361585 ], [ 30.2814235, 60.0361554 ], [ 30.2812797, 60.036137 ], [ 30.2811733, 60.0361327 ], [ 30.2810512, 60.0361497 ], [ 30.2808846, 60.0361979 ], [ 30.2807243, 60.0362518 ], [ 30.2805674, 60.0362893 ], [ 30.2804164, 60.0363185 ], [ 30.2802711, 60.036339 ], [ 30.2801499, 60.036342 ], [ 30.2800079, 60.0363608 ], [ 30.2798854, 60.0363917 ], [ 30.2797515, 60.0364162 ], [ 30.2796323, 60.0364325 ], [ 30.2794869, 60.0364717 ], [ 30.2793676, 60.0364879 ], [ 30.2791712, 60.0364886 ], [ 30.278984, 60.0364913 ], [ 30.2788315, 60.0364941 ], [ 30.2786755, 60.0365123 ], [ 30.2785183, 60.0365465 ], [ 30.2784095, 60.0365848 ], [ 30.2782662, 60.0366182 ], [ 30.2781375, 60.0366334 ], [ 30.2780286, 60.0366397 ], [ 30.2778805, 60.0366576 ], [ 30.2777647, 60.0366662 ], [ 30.2776677, 60.0367012 ], [ 30.2775663, 60.0367586 ], [ 30.2774344, 60.036819 ], [ 30.2773387, 60.0368518 ], [ 30.2772392, 60.0369052 ], [ 30.2771295, 60.0369779 ], [ 30.2770207, 60.0370295 ], [ 30.2769397, 60.0370647 ], [ 30.276888, 60.0371038 ], [ 30.2768309, 60.0371442 ], [ 30.2767871, 60.0371661 ], [ 30.2767526, 60.0371932 ], [ 30.27673, 60.0372251 ], [ 30.2767208, 60.0372595 ], [ 30.2766276, 60.0373549 ], [ 30.2766173, 60.037392 ], [ 30.2766441, 60.0374342 ], [ 30.2766736, 60.0374744 ], [ 30.2767064, 60.037496 ], [ 30.2767307, 60.0375217 ], [ 30.2767456, 60.0375494 ], [ 30.2767572, 60.0375713 ], [ 30.2767751, 60.0375983 ], [ 30.2767724, 60.0376298 ], [ 30.2767585, 60.0376669 ], [ 30.2767302, 60.0376929 ], [ 30.2766676, 60.0377296 ], [ 30.2765838, 60.0377755 ], [ 30.2765194, 60.0378122 ], [ 30.2764856, 60.0378358 ], [ 30.2764325, 60.0378527 ], [ 30.2763688, 60.0378586 ], [ 30.2763107, 60.0378569 ], [ 30.2762619, 60.0378485 ], [ 30.276223, 60.037834 ], [ 30.2761399, 60.0377904 ], [ 30.2760836, 60.0377478 ], [ 30.2760016, 60.0376943 ], [ 30.2759267, 60.0376315 ], [ 30.2759144, 60.0375596 ], [ 30.2759955, 60.037484 ], [ 30.2760923, 60.0374482 ], [ 30.2762032, 60.0374105 ], [ 30.2762466, 60.0373747 ], [ 30.2762596, 60.0373563 ], [ 30.2762427, 60.0373212 ], [ 30.2761857, 60.0372944 ], [ 30.2761379, 60.0372831 ], [ 30.2760569, 60.0372703 ], [ 30.2759755, 60.0372762 ], [ 30.2750942, 60.0366855 ], [ 30.2738775, 60.0370745 ], [ 30.2732432, 60.0372619 ], [ 30.2725715, 60.0373092 ], [ 30.2722659, 60.0373129 ], [ 30.2717855, 60.0373255 ], [ 30.2710869, 60.0373681 ], [ 30.2706311, 60.0374719 ], [ 30.2681955, 60.0382355 ], [ 30.26817, 60.0382439 ], [ 30.2681507, 60.0382502 ], [ 30.268, 60.0383014 ], [ 30.2678071, 60.0377457 ], [ 30.2672981, 60.0371169 ], [ 30.2668829, 60.0367825 ], [ 30.2658516, 60.0363343 ], [ 30.2619097, 60.0352733 ], [ 30.2609746, 60.0350077 ], [ 30.2591009, 60.0344633 ], [ 30.2583161, 60.0342381 ], [ 30.256908, 60.0338235 ], [ 30.2564048, 60.0336753 ], [ 30.2552038, 60.0333139 ], [ 30.2545705, 60.0331234 ], [ 30.2543591, 60.0330598 ], [ 30.2538732, 60.0329147 ], [ 30.2536245, 60.0328407 ], [ 30.2531591, 60.0328807 ], [ 30.2502645, 60.0320151 ], [ 30.2500128, 60.0315459 ], [ 30.237682, 60.0280248 ], [ 30.2369062, 60.0278033 ], [ 30.236676, 60.0279796 ], [ 30.2358736, 60.0277428 ], [ 30.2357494, 60.0278448 ], [ 30.2355857, 60.0279789 ], [ 30.2349293, 60.0285422 ], [ 30.2347091, 60.0287452 ], [ 30.2344935, 60.028944 ], [ 30.2341732, 60.0292118 ], [ 30.2339577, 60.0293996 ], [ 30.2336272, 60.0294632 ], [ 30.2335485, 60.029611 ], [ 30.2328032, 60.0297434 ], [ 30.2323419, 60.0297913 ], [ 30.23121, 60.0303031 ], [ 30.2305876, 60.0305984 ], [ 30.2301533, 60.0307533 ], [ 30.2299708, 60.0308591 ], [ 30.2278204, 60.0318463 ], [ 30.2276065, 60.0319395 ], [ 30.2275861, 60.0319484 ], [ 30.2271244, 60.0321497 ], [ 30.2265934, 60.0323813 ], [ 30.2265322, 60.032412 ], [ 30.2264585, 60.0324526 ], [ 30.2254859, 60.0331176 ], [ 30.2253185, 60.033232 ], [ 30.2251652, 60.0333227 ], [ 30.2249681, 60.0334394 ], [ 30.2248736, 60.0335004 ], [ 30.2247556, 60.0335803 ], [ 30.2239508, 60.033872 ], [ 30.2212103, 60.0351127 ], [ 30.2210679, 60.0351876 ], [ 30.2209203, 60.0352576 ], [ 30.2201217, 60.0355807 ], [ 30.2197087, 60.0357111 ], [ 30.2190325, 60.0358475 ], [ 30.2185702, 60.0359406 ], [ 30.2174381, 60.0361683 ], [ 30.2171632, 60.0362165 ], [ 30.216893, 60.0362537 ], [ 30.2166424, 60.0362822 ], [ 30.2163606, 60.0363022 ], [ 30.2160957, 60.0363079 ], [ 30.2156813, 60.0363107 ], [ 30.2153461, 60.0363096 ], [ 30.21498, 60.0363082 ], [ 30.2149647, 60.0363081 ], [ 30.2136796, 60.0363032 ], [ 30.2134605, 60.0363013 ], [ 30.2131899, 60.0362961 ], [ 30.2130146, 60.0362923 ], [ 30.2130879, 60.0360881 ], [ 30.2126113, 60.0360558 ], [ 30.2111051, 60.0359578 ], [ 30.2099004, 60.0358538 ], [ 30.2075582, 60.035597 ], [ 30.2050534, 60.0353823 ], [ 30.2037963, 60.0352487 ], [ 30.2033205, 60.0352143 ], [ 30.2004496, 60.0352678 ], [ 30.2000964, 60.0352947 ], [ 30.1998536, 60.0353385 ], [ 30.1994498, 60.0355057 ], [ 30.1978015, 60.0362055 ], [ 30.1974703, 60.0363684 ], [ 30.1971323, 60.0365197 ], [ 30.1969342, 60.0367948 ], [ 30.1967577, 60.0370272 ], [ 30.1965979, 60.0372592 ], [ 30.1964244, 60.0375197 ], [ 30.1962969, 60.037736 ], [ 30.1962742, 60.0379541 ], [ 30.1962409, 60.0380178 ], [ 30.1961259, 60.0381456 ], [ 30.1959185, 60.0382824 ], [ 30.1957231, 60.0383607 ], [ 30.1955513, 60.0384314 ], [ 30.1953541, 60.0384755 ], [ 30.1949036, 60.0385941 ], [ 30.1943537, 60.0387544 ], [ 30.1937379, 60.0389339 ], [ 30.19344, 60.039029 ], [ 30.1931256, 60.0390997 ], [ 30.1929388, 60.0391062 ], [ 30.1924963, 60.0391073 ], [ 30.1922207, 60.0391081 ], [ 30.1919545, 60.0391195 ], [ 30.1917672, 60.0391531 ], [ 30.1916233, 60.0392041 ], [ 30.1913547, 60.0392995 ], [ 30.1911841, 60.0394183 ], [ 30.1909021, 60.0392923 ], [ 30.1898722, 60.038928 ], [ 30.1893143, 60.0387565 ], [ 30.1885418, 60.038285 ], [ 30.1877752, 60.0382331 ], [ 30.1875886, 60.0382372 ], [ 30.1874435, 60.0381917 ], [ 30.1872735, 60.0382724 ], [ 30.187116, 60.0382859 ], [ 30.1870331, 60.0383728 ], [ 30.187174, 60.0384184 ], [ 30.1870828, 60.0384846 ], [ 30.186917, 60.0385054 ], [ 30.1866185, 60.0384929 ], [ 30.1863283, 60.0383439 ], [ 30.1862537, 60.0382196 ], [ 30.1864278, 60.0381037 ], [ 30.1864196, 60.0380043 ], [ 30.1862371, 60.0379795 ], [ 30.1861294, 60.0379091 ], [ 30.1861045, 60.0378138 ], [ 30.1863283, 60.0376151 ], [ 30.1867429, 60.0374846 ], [ 30.1867652, 60.0372365 ], [ 30.1866428, 60.0372002 ], [ 30.1864196, 60.0372445 ], [ 30.186262, 60.0372113 ], [ 30.1862123, 60.0370954 ], [ 30.1861211, 60.0369587 ], [ 30.1859718, 60.0369173 ], [ 30.1857728, 60.0369339 ], [ 30.1855739, 60.0368759 ], [ 30.1853666, 60.0368925 ], [ 30.1849354, 60.0368552 ], [ 30.184767, 60.0368068 ], [ 30.1846038, 60.03676 ], [ 30.1845623, 60.0366896 ], [ 30.1847282, 60.0365985 ], [ 30.1846784, 60.0365364 ], [ 30.1845457, 60.0365198 ], [ 30.1843385, 60.0363873 ], [ 30.1843023, 60.036307 ], [ 30.1842638, 60.0362216 ], [ 30.1841394, 60.036085 ], [ 30.1840732, 60.0359525 ], [ 30.1839952, 60.0358895 ], [ 30.1838994, 60.0357804 ], [ 30.1838849, 60.0356044 ], [ 30.1839737, 60.035497 ], [ 30.1839654, 60.0354348 ], [ 30.1842672, 60.035317 ], [ 30.1842393, 60.0352296 ], [ 30.1842469, 60.035039 ], [ 30.1842307, 60.0348923 ], [ 30.1842755, 60.03468 ], [ 30.1842638, 60.0344202 ], [ 30.1843219, 60.0342877 ], [ 30.1842224, 60.0341904 ], [ 30.1841975, 60.0339916 ], [ 30.1841146, 60.0337514 ], [ 30.1839819, 60.0335816 ], [ 30.1840649, 60.0335319 ], [ 30.18404, 60.0334615 ], [ 30.1841229, 60.033358 ], [ 30.1840068, 60.033271 ], [ 30.183841, 60.0331095 ], [ 30.1839416, 60.0330329 ], [ 30.1838595, 60.0329334 ], [ 30.1839181, 60.0328104 ], [ 30.183754, 60.0326581 ], [ 30.1837024, 60.0326521 ], [ 30.1836754, 60.0324415 ], [ 30.183627, 60.0323732 ], [ 30.1835513, 60.0322664 ], [ 30.1829197, 60.0326703 ], [ 30.1821184, 60.0332765 ], [ 30.1804331, 60.0342552 ], [ 30.1794884, 60.0347503 ], [ 30.1771324, 60.0357669 ], [ 30.1749514, 60.036262 ], [ 30.1703328, 60.0371212 ], [ 30.1672713, 60.0377328 ], [ 30.1667931, 60.0376862 ], [ 30.1648337, 60.0374649 ], [ 30.1630201, 60.0374066 ], [ 30.1626119, 60.0373192 ], [ 30.1615039, 60.0369989 ], [ 30.1597778, 60.0371678 ], [ 30.1593112, 60.0373222 ], [ 30.1582732, 60.0377648 ], [ 30.1579117, 60.0378289 ], [ 30.1575734, 60.0377823 ], [ 30.1570253, 60.0376483 ], [ 30.155894, 60.0374853 ], [ 30.1549201, 60.0373688 ], [ 30.1537888, 60.0373804 ], [ 30.1532873, 60.0372989 ], [ 30.1517827, 60.0368969 ], [ 30.148727, 60.0360843 ], [ 30.147654, 60.0359212 ], [ 30.1472341, 60.0360377 ], [ 30.1469775, 60.0362824 ], [ 30.146581, 60.0362999 ], [ 30.1450531, 60.0362649 ], [ 30.144505, 60.0364222 ], [ 30.1442481, 60.0364529 ], [ 30.144133, 60.0365245 ], [ 30.1438597, 60.0366454 ], [ 30.1435287, 60.0367314 ], [ 30.1432499, 60.036805 ], [ 30.1426494, 60.0371015 ], [ 30.1425979, 60.0372631 ], [ 30.1427754, 60.0376584 ], [ 30.1430197, 60.0380048 ], [ 30.1430592, 60.0382034 ], [ 30.1430522, 60.038369 ], [ 30.1428294, 60.0385942 ], [ 30.1424208, 60.0388772 ], [ 30.1421821, 60.0390005 ], [ 30.1417851, 60.03918 ], [ 30.1416468, 60.0392799 ], [ 30.141592, 60.0393528 ], [ 30.1415194, 60.0396255 ], [ 30.1415069, 60.0396724 ], [ 30.1414257, 60.0398042 ], [ 30.1413628, 60.0398715 ], [ 30.1412541, 60.0399287 ], [ 30.1410985, 60.0399783 ], [ 30.1409242, 60.0400225 ], [ 30.1394838, 60.0403976 ], [ 30.1392907, 60.0404538 ], [ 30.1391539, 60.0405221 ], [ 30.1389956, 60.0406507 ], [ 30.1389098, 60.0407686 ], [ 30.1387596, 60.0409856 ], [ 30.1387382, 60.0410579 ], [ 30.1386119, 60.0411907 ], [ 30.1384822, 60.0413917 ], [ 30.1384565, 60.0414544 ], [ 30.1383787, 60.0415437 ], [ 30.1383155, 60.0416823 ], [ 30.1382763, 60.0418375 ], [ 30.1382349, 60.0419328 ], [ 30.1382227, 60.0420577 ], [ 30.1382458, 60.0421363 ], [ 30.1383861, 60.0424445 ], [ 30.1387828, 60.0429621 ], [ 30.139068, 60.0433292 ], [ 30.1394141, 60.0435676 ], [ 30.1398562, 60.0437752 ], [ 30.1406705, 60.0439932 ], [ 30.1414806, 60.0443845 ], [ 30.1418705, 60.0446648 ], [ 30.1421136, 60.0449634 ], [ 30.1420977, 60.0451544 ], [ 30.1418239, 60.0454442 ], [ 30.1412535, 60.0456909 ], [ 30.1408913, 60.0457731 ], [ 30.1404535, 60.0458927 ], [ 30.1400223, 60.0460443 ], [ 30.1395227, 60.0461385 ], [ 30.1393841, 60.0462376 ], [ 30.1390989, 60.0462975 ], [ 30.1385219, 60.0462647 ], [ 30.1379919, 60.0463009 ], [ 30.1371586, 60.0462636 ], [ 30.1368178, 60.0462715 ], [ 30.1364308, 60.0463562 ], [ 30.1363968, 60.0465054 ], [ 30.1361647, 60.0466168 ], [ 30.1359691, 60.0466342 ], [ 30.1357111, 60.0466715 ], [ 30.1353931, 60.0466119 ], [ 30.1346985, 60.0466954 ], [ 30.1340537, 60.0468427 ], [ 30.1336238, 60.0471512 ], [ 30.133528, 60.0474121 ], [ 30.1335811, 60.0475636 ], [ 30.1335253, 60.0476108 ], [ 30.1335827, 60.0477622 ], [ 30.1336451, 60.0477949 ], [ 30.1337197, 60.0479286 ], [ 30.1338002, 60.0479573 ], [ 30.1338472, 60.0480255 ], [ 30.1338461, 60.0480702 ], [ 30.133975, 60.0481386 ], [ 30.1340135, 60.0482697 ], [ 30.1340901, 60.0485336 ], [ 30.1340961, 60.0486243 ], [ 30.1340902, 60.0487356 ], [ 30.1933177, 60.0638996 ], [ 30.1944228, 60.0629711 ], [ 30.1948022, 60.0626521 ], [ 30.1950774, 60.062421 ], [ 30.1943392, 60.0622605 ], [ 30.1944743, 60.0621023 ], [ 30.1945615, 60.0619945 ], [ 30.1958426, 60.0604713 ], [ 30.2022251, 60.062125 ], [ 30.2101937, 60.0603711 ], [ 30.2141129, 60.0612733 ], [ 30.2227842, 60.0513212 ], [ 30.2252849, 60.0521704 ], [ 30.2257035, 60.0523141 ], [ 30.2259421, 60.052396 ], [ 30.2273798, 60.052942 ], [ 30.2297012, 60.0537008 ], [ 30.2318671, 60.0544215 ], [ 30.2361721, 60.0558822 ], [ 30.241171, 60.0575736 ], [ 30.2491164, 60.0602592 ], [ 30.2505129, 60.0607276 ], [ 30.2511362, 60.060939 ], [ 30.2521047, 60.0612595 ] ] ] ] } }
]
}
